-- phpMyAdmin SQL Dump
-- version 4.7.4
-- https://www.phpmyadmin.net/
--
-- Anamakine: 127.0.0.1:3306
-- Üretim Zamanı: 31 May 2019, 13:00:47
-- Sunucu sürümü: 5.7.19
-- PHP Sürümü: 5.6.31

SET SQL_MODE = "NO_AUTO_VALUE_ON_ZERO";
SET AUTOCOMMIT = 0;
START TRANSACTION;
SET time_zone = "+00:00";


/*!40101 SET @OLD_CHARACTER_SET_CLIENT=@@CHARACTER_SET_CLIENT */;
/*!40101 SET @OLD_CHARACTER_SET_RESULTS=@@CHARACTER_SET_RESULTS */;
/*!40101 SET @OLD_COLLATION_CONNECTION=@@COLLATION_CONNECTION */;
/*!40101 SET NAMES utf8mb4 */;

--
-- Veritabanı: `1_web_commerce`
--

DELIMITER $$
--
-- Yordamlar
--
DROP PROCEDURE IF EXISTS `age_class`$$
CREATE DEFINER=`root`@`localhost` PROCEDURE `age_class` ()  NO SQL
SELECT YEAR(CURDATE()) - YEAR(u_date) AS age, COUNT(u_id) AS person_count
FROM users
LEFT JOIN users_gender
ON users.g_id = users_gender.g_id
LEFT JOIN users_country
ON users.uc_id = users_country.uc_id
GROUP BY age
HAVING person_count > 0$$

DELIMITER ;

-- --------------------------------------------------------

--
-- Tablo için tablo yapısı `body`
--

DROP TABLE IF EXISTS `body`;
CREATE TABLE IF NOT EXISTS `body` (
  `b_id` int(11) NOT NULL AUTO_INCREMENT,
  `b_name` varchar(255) COLLATE utf8_turkish_ci NOT NULL,
  PRIMARY KEY (`b_id`)
) ENGINE=InnoDB AUTO_INCREMENT=17 DEFAULT CHARSET=utf8 COLLATE=utf8_turkish_ci;

--
-- Tablo döküm verisi `body`
--

INSERT INTO `body` (`b_id`, `b_name`) VALUES
(1, 'Standart'),
(2, 'XS'),
(3, 'S'),
(4, 'M'),
(5, 'L'),
(6, 'XL'),
(7, '36'),
(8, '37'),
(9, '38'),
(10, '39'),
(11, '40'),
(12, '41'),
(13, '42'),
(14, '43'),
(15, '44'),
(16, '45');

-- --------------------------------------------------------

--
-- Tablo için tablo yapısı `orders`
--

DROP TABLE IF EXISTS `orders`;
CREATE TABLE IF NOT EXISTS `orders` (
  `o_id` int(11) NOT NULL AUTO_INCREMENT,
  `u_id` int(11) NOT NULL,
  `sc_id` int(11) NOT NULL,
  `o_total_price` double(9,2) DEFAULT NULL,
  `o_time` timestamp NOT NULL DEFAULT CURRENT_TIMESTAMP,
  PRIMARY KEY (`o_id`),
  KEY `u_id` (`u_id`),
  KEY `sc_id` (`sc_id`)
) ENGINE=InnoDB AUTO_INCREMENT=598 DEFAULT CHARSET=utf8 COLLATE=utf8_turkish_ci;

--
-- Tablo döküm verisi `orders`
--

INSERT INTO `orders` (`o_id`, `u_id`, `sc_id`, `o_total_price`, `o_time`) VALUES
(1, 2, 1, 429.97, '2018-12-31 23:09:31'),
(2, 2, 2, 421.96, '2019-01-02 15:18:54'),
(3, 2, 3, 529.95, '2019-01-03 20:13:44'),
(4, 4, 4, 389.96, '2019-01-04 12:28:06'),
(5, 7, 5, 184.98, '2019-01-05 00:34:36'),
(6, 7, 6, 731.95, '2019-01-06 09:37:39'),
(7, 7, 7, 129.99, '2019-01-07 04:58:58'),
(8, 8, 8, 279.98, '2019-01-08 02:01:39'),
(9, 8, 9, 209.98, '2019-01-09 07:03:43'),
(10, 8, 10, 44.99, '2019-01-10 00:39:32'),
(11, 8, 11, 399.95, '2019-01-11 19:28:53'),
(12, 8, 12, 389.98, '2019-01-12 10:31:18'),
(13, 10, 13, 279.98, '2019-01-13 18:19:03'),
(14, 10, 14, 519.96, '2019-01-14 14:48:48'),
(15, 10, 15, 210.97, '2019-01-15 08:14:24'),
(16, 12, 16, 119.99, '2019-01-16 05:10:03'),
(17, 13, 17, 219.98, '2019-01-17 19:42:13'),
(18, 13, 18, 409.94, '2019-01-18 14:59:18'),
(19, 16, 19, 424.96, '2019-01-18 22:18:54'),
(20, 16, 20, 149.99, '2019-01-20 20:37:27'),
(21, 16, 21, 309.97, '2019-01-21 07:58:24'),
(22, 16, 22, 459.97, '2019-01-22 03:37:15'),
(23, 16, 23, 183.97, '2019-01-23 07:13:20'),
(24, 17, 24, 319.98, '2019-01-24 00:01:31'),
(25, 17, 25, 33.97, '2019-01-25 15:24:16'),
(26, 17, 26, 399.96, '2019-01-26 15:34:27'),
(27, 17, 27, 249.98, '2019-01-27 12:58:03'),
(28, 19, 28, 99.96, '2019-01-28 01:02:48'),
(29, 19, 29, 156.96, '2019-01-29 19:45:57'),
(30, 21, 30, 779.94, '2019-02-01 05:17:12'),
(31, 24, 31, 259.97, '2019-02-02 07:09:59'),
(32, 24, 32, 239.97, '2019-02-03 16:47:20'),
(33, 24, 33, 299.98, '2019-02-04 02:21:08'),
(34, 24, 34, 139.98, '2019-02-05 09:39:16'),
(35, 24, 35, 99.99, '2019-02-06 18:44:33'),
(36, 26, 36, 99.99, '2019-02-07 06:58:38'),
(37, 26, 37, 489.98, '2019-02-08 12:57:55'),
(38, 28, 38, 529.96, '2019-02-09 04:05:55'),
(39, 28, 39, 364.96, '2019-02-10 14:17:38'),
(40, 28, 40, 354.97, '2019-02-11 12:44:44'),
(41, 30, 41, 219.98, '2019-02-12 10:50:03'),
(42, 31, 42, 561.94, '2019-02-13 03:28:58'),
(43, 31, 43, 139.98, '2019-02-13 23:49:40'),
(44, 31, 44, 349.97, '2019-02-15 18:44:10'),
(45, 31, 45, 269.97, '2019-02-16 18:48:35'),
(46, 31, 46, 469.97, '2019-02-17 05:14:41'),
(47, 32, 47, 229.99, '2019-02-18 11:53:32'),
(48, 34, 48, 559.95, '2019-02-19 17:08:58'),
(49, 34, 49, 289.99, '2019-02-19 21:07:15'),
(50, 34, 50, 579.95, '2019-02-21 01:17:49'),
(51, 34, 51, 539.95, '2019-02-22 07:31:39'),
(52, 36, 52, 309.97, '2019-02-23 18:33:40'),
(53, 36, 53, 69.99, '2019-02-24 17:32:11'),
(54, 36, 54, 644.95, '2019-02-25 14:01:42'),
(55, 37, 55, 684.95, '2019-02-26 03:13:55'),
(56, 37, 56, 239.97, '2019-02-27 14:12:17'),
(57, 37, 57, 139.98, '2019-02-28 17:23:02'),
(58, 38, 58, 809.95, '2019-02-21 03:26:20'),
(59, 38, 59, 719.96, '2019-02-02 19:12:40'),
(60, 39, 60, 284.97, '2019-03-01 13:41:22'),
(61, 40, 61, 559.96, '2019-03-02 17:26:56'),
(62, 40, 62, 179.98, '2019-03-03 13:39:15'),
(63, 40, 63, 259.98, '2019-03-04 20:29:04'),
(64, 40, 64, 399.96, '2019-03-05 09:11:56'),
(65, 41, 65, 389.96, '2019-03-06 03:56:36'),
(66, 41, 66, 79.99, '2019-03-07 13:53:59'),
(67, 42, 67, 369.95, '2019-03-08 13:37:14'),
(68, 43, 68, 104.99, '2019-03-09 09:22:32'),
(69, 43, 69, 379.95, '2019-03-09 22:43:09'),
(70, 43, 70, 230.99, '2019-03-11 08:25:35'),
(71, 43, 71, 589.96, '2019-03-11 21:58:12'),
(72, 45, 72, 74.99, '2019-03-13 07:21:11'),
(73, 45, 73, 179.98, '2019-03-14 10:02:14'),
(74, 45, 74, 299.98, '2019-03-15 14:11:47'),
(75, 45, 75, 489.98, '2019-03-15 23:34:20'),
(76, 45, 76, 279.98, '2019-03-17 11:50:25'),
(77, 46, 77, 919.94, '2019-03-18 15:39:01'),
(78, 46, 78, 379.96, '2019-03-19 06:33:55'),
(79, 46, 79, 129.99, '2019-03-20 11:55:33'),
(80, 46, 80, 409.97, '2019-03-21 15:57:16'),
(81, 46, 81, 531.95, '2019-03-22 20:52:10'),
(82, 47, 82, 519.97, '2019-03-31 20:27:44'),
(83, 47, 83, 309.97, '2019-03-24 13:06:17'),
(84, 47, 84, 129.99, '2019-03-25 01:23:16'),
(85, 47, 85, 129.99, '2019-03-26 01:29:49'),
(86, 48, 86, 163.97, '2019-03-27 11:18:32'),
(87, 48, 87, 19.98, '2019-03-28 20:35:25'),
(88, 49, 88, 559.96, '2019-03-29 14:15:26'),
(89, 49, 89, 153.97, '2019-03-30 15:45:39'),
(90, 49, 90, 359.96, '2019-04-01 14:58:06'),
(91, 49, 91, 579.96, '2019-04-02 13:27:21'),
(92, 49, 92, 549.95, '2019-04-03 11:13:19'),
(93, 50, 93, 163.97, '2019-04-04 12:28:48'),
(94, 51, 94, 109.96, '2019-04-05 06:54:41'),
(95, 51, 95, 319.97, '2019-04-06 07:13:01'),
(96, 51, 96, 151.96, '2019-04-07 11:27:55'),
(97, 51, 97, 289.99, '2019-04-08 01:54:56'),
(98, 51, 98, 423.95, '2019-04-09 01:59:06'),
(99, 52, 99, 219.97, '2019-04-10 06:53:47'),
(100, 52, 100, 179.98, '2019-04-10 21:37:49'),
(101, 52, 101, 321.96, '2019-04-12 04:51:14'),
(102, 52, 102, 49.99, '2019-04-12 22:38:36'),
(103, 52, 103, 259.95, '2019-04-14 01:03:36'),
(104, 53, 104, 119.99, '2019-04-15 11:50:01'),
(105, 53, 105, 559.95, '2019-04-16 07:35:18'),
(106, 53, 106, 283.95, '2019-04-17 10:45:59'),
(107, 53, 107, 589.94, '2019-04-17 21:40:51'),
(108, 57, 108, 264.98, '2019-04-19 13:48:03'),
(109, 57, 109, 129.99, '2019-04-20 08:52:19'),
(110, 59, 110, 319.98, '2019-04-21 15:44:32'),
(111, 62, 111, 744.96, '2019-04-22 08:20:27'),
(112, 62, 112, 579.96, '2019-04-22 21:40:56'),
(113, 62, 113, 289.96, '2019-04-24 16:02:56'),
(114, 62, 114, 489.96, '2019-04-25 01:30:03'),
(115, 62, 115, 79.98, '2019-04-26 16:03:46'),
(116, 63, 116, 194.98, '2019-04-27 18:04:14'),
(117, 63, 117, 289.98, '2019-04-28 06:48:21'),
(118, 64, 118, 314.96, '2019-04-29 17:27:45'),
(119, 64, 119, 609.95, '2019-04-30 11:20:46'),
(120, 64, 120, 379.97, '2019-04-30 22:10:56'),
(121, 64, 121, 219.97, '2019-05-02 11:30:10'),
(123, 65, 123, 204.96, '2019-05-03 03:29:29'),
(124, 66, 124, 470.96, '2019-05-03 21:15:49'),
(125, 66, 125, 179.98, '2019-05-05 17:37:37'),
(126, 66, 126, 11.99, '2019-05-06 04:53:33'),
(127, 68, 127, 79.99, '2019-05-07 08:02:29'),
(128, 68, 128, 300.97, '2019-05-08 15:18:50'),
(129, 68, 129, 289.98, '2019-05-08 21:36:18'),
(130, 68, 130, 461.98, '2019-05-10 19:15:10'),
(131, 74, 131, 509.97, '2019-05-10 22:58:34'),
(132, 74, 132, 104.99, '2019-05-12 19:32:14'),
(133, 74, 133, 599.95, '2019-05-13 17:44:29'),
(134, 74, 134, 399.95, '2019-05-14 07:22:11'),
(136, 76, 136, 209.96, '2019-05-15 20:43:01'),
(137, 76, 137, 229.98, '2019-05-16 02:29:54'),
(138, 80, 138, 221.97, '2019-05-17 00:13:13'),
(139, 80, 139, 379.96, '2019-05-18 01:31:14'),
(140, 80, 140, 221.95, '2019-05-19 15:12:34'),
(141, 86, 141, 139.99, '2019-05-20 15:10:16'),
(142, 86, 142, 449.97, '2019-05-21 00:39:03'),
(143, 87, 143, 249.98, '2019-05-21 23:29:30'),
(144, 87, 144, 439.96, '2019-05-23 09:47:32'),
(145, 87, 145, 49.99, '2019-05-24 02:07:13'),
(146, 87, 146, 279.98, '2019-05-25 12:15:59'),
(147, 87, 147, 329.97, '2019-05-26 10:33:36'),
(148, 92, 148, 152.97, '2019-05-27 14:25:42'),
(149, 92, 149, 489.97, '2019-05-28 07:22:09'),
(150, 92, 150, 199.98, '2019-05-18 11:26:30'),
(151, 92, 151, 239.97, '2019-04-13 09:21:02'),
(152, 93, 152, 109.98, '2019-03-30 16:58:50'),
(153, 93, 153, 379.96, '2019-02-19 10:08:52'),
(154, 93, 154, 739.97, '2019-02-06 08:10:29'),
(156, 95, 156, 265.97, '2019-05-09 17:40:10'),
(157, 95, 157, 449.95, '2019-05-01 14:54:46'),
(158, 95, 158, 359.98, '2019-03-25 12:02:34'),
(159, 96, 159, 139.99, '2019-05-08 04:49:25'),
(160, 96, 160, 339.97, '2019-02-17 10:05:44'),
(161, 96, 161, 329.95, '2019-03-13 03:01:14'),
(162, 96, 162, 199.98, '2019-04-24 00:18:05'),
(163, 98, 163, 399.98, '2019-01-14 17:46:49'),
(164, 98, 164, 279.98, '2019-01-11 10:30:23'),
(165, 98, 165, 379.96, '2019-01-17 20:23:25'),
(166, 98, 166, 299.98, '2019-03-14 11:38:43'),
(167, 98, 167, 119.98, '2019-05-23 04:50:37'),
(168, 99, 168, 89.99, '2019-04-13 00:27:09'),
(169, 99, 169, 489.97, '2019-04-07 15:37:05'),
(170, 101, 170, 245.97, '2019-02-09 23:18:23'),
(171, 101, 171, 349.97, '2019-03-01 07:23:18'),
(172, 102, 172, 99.99, '2019-05-24 11:05:25'),
(173, 102, 173, 299.96, '2019-01-24 00:47:25'),
(174, 102, 174, 143.96, '2019-01-31 04:57:23'),
(175, 104, 175, 699.95, '2019-03-03 06:14:50'),
(176, 104, 176, 319.97, '2019-04-22 19:14:58'),
(177, 104, 177, 499.96, '2019-04-03 22:31:08'),
(178, 105, 178, 349.97, '2019-01-02 03:52:33'),
(179, 105, 179, 489.95, '2019-04-19 20:43:41'),
(180, 105, 180, 11.99, '2019-04-28 05:30:43'),
(181, 105, 181, 109.98, '2019-05-15 20:52:29'),
(182, 107, 182, 239.97, '2019-01-10 11:45:16'),
(183, 107, 183, 511.97, '2019-03-23 05:43:49'),
(184, 108, 184, 125.97, '2019-05-07 14:09:58'),
(185, 108, 185, 99.99, '2019-01-27 17:28:10'),
(186, 108, 186, 779.94, '2019-03-20 06:48:21'),
(187, 108, 187, 469.97, '2019-01-02 02:34:43'),
(188, 108, 188, 59.99, '2019-03-29 19:10:21'),
(189, 109, 189, 51.98, '2019-01-16 01:24:23'),
(190, 109, 190, 439.97, '2019-02-01 01:45:10'),
(191, 110, 191, 511.96, '2019-04-18 18:06:21'),
(192, 110, 192, 403.95, '2019-01-23 03:58:55'),
(193, 110, 193, 519.96, '2019-01-09 19:14:53'),
(194, 113, 194, 440.97, '2019-03-27 00:48:31'),
(195, 113, 195, 359.95, '2019-02-01 20:38:10'),
(196, 114, 196, 119.98, '2019-05-23 11:35:17'),
(197, 114, 197, 229.99, '2019-04-15 10:06:52'),
(198, 115, 198, 79.98, '2019-01-08 17:42:47'),
(199, 117, 199, 93.97, '2019-04-12 14:05:08'),
(200, 117, 200, 99.98, '2019-01-19 01:32:56'),
(201, 117, 201, 461.98, '2018-12-31 21:33:05'),
(202, 118, 202, 159.99, '2019-04-17 05:39:48'),
(203, 118, 203, 269.97, '2019-03-09 18:43:44'),
(204, 118, 204, 444.97, '2019-03-09 00:32:17'),
(205, 121, 205, 319.97, '2019-01-07 16:43:42'),
(206, 121, 206, 429.97, '2019-04-23 03:23:54'),
(207, 121, 207, 149.99, '2019-02-26 13:25:56'),
(208, 125, 208, 524.97, '2019-05-17 10:19:35'),
(209, 125, 209, 660.96, '2019-05-25 18:11:29'),
(210, 125, 210, 99.98, '2019-05-10 14:06:56'),
(211, 126, 211, 769.95, '2019-01-19 16:32:13'),
(212, 129, 212, 549.96, '2019-05-03 04:46:04'),
(213, 129, 213, 209.98, '2019-01-13 14:02:37'),
(214, 129, 214, 319.98, '2019-04-09 04:31:16'),
(215, 129, 215, 239.98, '2019-03-23 08:53:32'),
(216, 129, 216, 614.96, '2019-05-13 16:20:48'),
(217, 133, 217, 889.95, '2019-02-20 03:51:51'),
(218, 133, 218, 494.96, '2019-04-01 22:51:42'),
(219, 134, 219, 374.97, '2019-01-23 06:50:21'),
(220, 134, 220, 205.97, '2019-01-30 17:01:25'),
(221, 134, 221, 319.98, '2019-04-26 21:45:23'),
(222, 136, 222, 324.97, '2019-04-18 11:51:37'),
(223, 136, 223, 213.97, '2019-04-25 17:14:38'),
(224, 136, 224, 241.97, '2019-05-09 16:16:58'),
(225, 136, 225, 158.96, '2019-05-01 19:20:55'),
(226, 136, 226, 589.96, '2019-01-11 22:42:50'),
(227, 137, 227, 319.98, '2019-01-14 08:23:52'),
(228, 137, 228, 59.99, '2019-04-22 09:03:05'),
(229, 143, 229, 540.95, '2019-03-11 08:40:43'),
(230, 143, 230, 279.97, '2019-04-13 20:10:43'),
(231, 143, 231, 499.94, '2019-05-22 10:11:02'),
(232, 145, 232, 359.97, '2019-04-26 04:49:48'),
(233, 145, 233, 154.95, '2019-05-20 11:22:28'),
(234, 146, 234, 294.98, '2019-04-05 08:24:06'),
(235, 146, 235, 789.96, '2019-05-13 15:55:33'),
(236, 146, 236, 384.96, '2019-02-28 22:35:46'),
(237, 147, 237, 239.98, '2019-02-16 17:31:23'),
(238, 147, 238, 444.95, '2019-02-16 00:10:18'),
(239, 147, 239, 44.99, '2019-04-15 05:30:26'),
(240, 148, 240, 439.97, '2019-01-25 22:47:05'),
(241, 148, 241, 45.99, '2019-03-17 23:42:13'),
(242, 148, 242, 129.99, '2019-02-01 22:40:13'),
(243, 148, 243, 239.96, '2019-01-16 20:13:08'),
(244, 148, 244, 189.99, '2019-01-20 01:24:18'),
(245, 150, 245, 149.99, '2019-05-06 17:03:09'),
(246, 152, 246, 649.95, '2019-01-20 17:38:08'),
(247, 154, 247, 79.99, '2019-05-17 20:55:36'),
(248, 154, 248, 419.96, '2019-05-03 15:54:31'),
(249, 154, 249, 639.94, '2019-04-08 22:07:55'),
(250, 154, 250, 23.98, '2019-04-25 11:17:56'),
(251, 161, 251, 189.98, '2019-04-11 19:59:21'),
(252, 161, 252, 44.99, '2019-03-12 13:15:22'),
(253, 161, 253, 164.98, '2019-04-05 02:59:44'),
(254, 161, 254, 59.99, '2019-01-17 18:20:57'),
(255, 161, 255, 439.97, '2019-01-27 01:14:19'),
(256, 164, 256, 579.97, '2019-03-08 03:54:53'),
(257, 165, 257, 115.96, '2019-02-19 04:18:21'),
(258, 165, 258, 334.96, '2019-04-09 16:58:03'),
(259, 165, 259, 579.96, '2019-02-24 05:01:58'),
(260, 165, 260, 189.96, '2019-04-29 19:46:32'),
(261, 165, 261, 529.94, '2019-05-02 16:08:55'),
(262, 166, 262, 199.98, '2019-01-30 20:58:31'),
(263, 166, 263, 259.98, '2019-02-04 14:10:17'),
(264, 167, 264, 249.98, '2019-01-05 02:34:57'),
(265, 169, 265, 349.96, '2019-05-09 11:04:14'),
(266, 169, 266, 134.97, '2019-04-04 07:31:16'),
(267, 169, 267, 799.94, '2019-03-15 20:02:44'),
(268, 169, 268, 619.96, '2019-02-03 16:01:10'),
(269, 169, 269, 59.99, '2019-01-22 02:12:27'),
(270, 174, 270, 333.96, '2019-03-20 17:20:35'),
(271, 174, 271, 629.95, '2019-02-01 05:27:17'),
(272, 174, 272, 409.97, '2019-02-15 07:38:26'),
(273, 175, 273, 161.96, '2019-03-04 12:07:19'),
(274, 175, 274, 264.97, '2019-05-03 03:38:21'),
(275, 175, 275, 279.97, '2019-03-08 10:46:24'),
(276, 176, 276, 383.94, '2019-01-18 18:25:23'),
(277, 176, 277, 299.98, '2019-05-24 05:56:03'),
(278, 176, 278, 599.96, '2019-03-12 04:09:52'),
(279, 176, 279, 99.99, '2019-03-10 16:51:04'),
(280, 178, 280, 459.96, '2019-04-02 11:50:06'),
(281, 178, 281, 151.97, '2019-03-24 02:14:22'),
(282, 179, 282, 469.96, '2019-04-29 21:06:03'),
(283, 179, 283, 609.97, '2019-03-25 17:01:43'),
(284, 179, 284, 559.96, '2019-04-05 06:51:11'),
(285, 179, 285, 99.98, '2019-01-08 17:07:29'),
(286, 180, 286, 239.98, '2019-03-26 22:11:11'),
(287, 180, 287, 689.95, '2019-05-23 18:08:22'),
(288, 180, 288, 179.98, '2019-01-18 10:56:41'),
(289, 180, 289, 323.94, '2019-05-02 23:09:08'),
(290, 180, 290, 379.98, '2019-01-16 07:38:07'),
(291, 181, 291, 199.97, '2019-04-29 11:30:26'),
(292, 181, 292, 329.97, '2019-04-17 20:04:16'),
(294, 182, 294, 39.99, '2019-04-20 08:28:31'),
(295, 182, 295, 139.98, '2019-02-27 17:10:13'),
(296, 183, 296, 319.98, '2019-02-09 03:01:55'),
(297, 183, 297, 441.96, '2019-02-25 20:42:58'),
(298, 184, 298, 209.97, '2019-03-23 20:37:21'),
(299, 184, 299, 509.96, '2019-04-14 04:01:18'),
(300, 184, 300, 329.96, '2019-04-12 11:58:18'),
(301, 185, 301, 429.96, '2019-05-15 07:48:25'),
(302, 185, 302, 479.96, '2019-01-23 21:44:52'),
(303, 185, 303, 39.99, '2019-05-05 07:52:44'),
(304, 185, 304, 619.96, '2019-02-12 15:16:31'),
(305, 187, 305, 339.96, '2019-01-16 13:51:40'),
(306, 189, 306, 564.96, '2019-05-15 11:24:47'),
(307, 191, 307, 639.96, '2019-02-17 05:58:21'),
(308, 195, 308, 609.96, '2019-01-27 09:13:04'),
(309, 195, 309, 299.97, '2019-01-27 09:48:22'),
(310, 196, 310, 230.99, '2019-02-12 02:42:19'),
(311, 196, 311, 129.99, '2019-04-15 11:02:30'),
(312, 197, 312, 319.98, '2019-04-28 22:38:53'),
(313, 197, 313, 159.98, '2019-02-13 05:09:33'),
(314, 200, 314, 469.97, '2019-04-06 15:14:11'),
(315, 1, 315, 189.96, '2019-03-16 04:16:02'),
(316, 3, 316, 459.98, '2019-05-05 00:55:28'),
(317, 5, 317, 219.98, '2019-05-09 20:50:51'),
(318, 6, 318, 59.99, '2019-05-07 16:06:36'),
(319, 6, 319, 319.97, '2019-04-17 22:24:16'),
(320, 9, 320, 529.95, '2019-01-21 20:52:46'),
(321, 9, 321, 359.97, '2019-03-09 14:21:22'),
(322, 9, 322, 19.98, '2019-01-14 02:52:18'),
(323, 9, 323, 159.98, '2019-02-05 20:39:04'),
(324, 11, 324, 719.94, '2019-03-01 02:52:17'),
(325, 11, 325, 85.97, '2019-01-17 09:38:40'),
(326, 11, 326, 249.96, '2019-04-04 09:40:28'),
(327, 14, 327, 639.95, '2019-03-06 11:44:46'),
(328, 14, 328, 219.98, '2019-03-10 01:44:56'),
(329, 15, 329, 259.95, '2019-03-26 12:12:51'),
(330, 18, 330, 129.97, '2019-02-03 13:04:51'),
(331, 20, 331, 369.96, '2019-02-05 22:52:13'),
(332, 20, 332, 264.97, '2019-01-06 10:49:14'),
(333, 20, 333, 329.98, '2019-03-12 19:58:32'),
(334, 20, 334, 39.99, '2019-03-22 01:10:40'),
(335, 20, 335, 119.99, '2019-05-02 19:47:45'),
(336, 22, 336, 59.99, '2019-04-20 09:57:08'),
(337, 22, 337, 149.99, '2019-05-24 15:26:47'),
(338, 22, 338, 279.97, '2019-03-25 19:34:38'),
(339, 23, 339, 359.96, '2019-03-11 04:41:14'),
(340, 23, 340, 329.97, '2019-01-12 16:31:06'),
(341, 23, 341, 169.99, '2019-05-16 20:34:13'),
(342, 25, 342, 199.98, '2019-01-24 08:21:58'),
(343, 27, 343, 179.97, '2019-04-30 16:17:59'),
(344, 27, 344, 59.99, '2019-01-13 13:19:06'),
(345, 27, 345, 39.99, '2019-05-04 19:50:53'),
(346, 27, 346, 59.99, '2019-02-14 13:07:23'),
(347, 27, 347, 509.95, '2019-01-13 09:49:52'),
(348, 29, 348, 319.97, '2019-03-12 16:41:36'),
(349, 29, 349, 604.95, '2019-05-23 06:12:26'),
(350, 33, 350, 619.94, '2019-01-04 00:57:06'),
(351, 33, 351, 519.97, '2019-04-20 20:01:14'),
(352, 35, 352, 399.96, '2019-04-12 07:31:34'),
(353, 35, 353, 639.96, '2019-04-11 16:08:55'),
(354, 35, 354, 119.98, '2019-03-21 14:28:49'),
(355, 35, 355, 312.97, '2019-03-05 05:03:53'),
(356, 44, 356, 249.99, '2019-04-29 03:07:30'),
(357, 44, 357, 619.94, '2019-02-28 19:36:57'),
(358, 44, 358, 254.97, '2019-02-14 20:44:48'),
(359, 44, 359, 134.98, '2019-03-26 02:41:12'),
(360, 44, 360, 439.96, '2019-02-08 09:21:20'),
(361, 54, 361, 99.98, '2019-03-08 01:05:38'),
(362, 54, 362, 679.94, '2019-04-09 16:23:44'),
(363, 54, 363, 279.98, '2019-05-08 13:07:01'),
(364, 55, 364, 499.98, '2019-05-23 18:32:33'),
(365, 56, 365, 189.98, '2019-05-17 05:31:32'),
(366, 56, 366, 339.98, '2019-02-16 13:28:51'),
(367, 56, 367, 59.99, '2019-05-10 03:05:39'),
(368, 56, 368, 459.96, '2019-02-25 13:32:07'),
(369, 56, 369, 99.98, '2019-04-20 15:25:46'),
(370, 58, 370, 379.96, '2019-04-30 12:36:51'),
(371, 58, 371, 1239.94, '2019-03-17 00:46:59'),
(372, 58, 372, 439.95, '2019-03-23 09:41:30'),
(373, 58, 373, 19.98, '2019-03-19 05:43:55'),
(374, 60, 374, 319.98, '2019-02-01 23:51:59'),
(375, 60, 375, 79.98, '2019-04-26 17:55:22'),
(376, 61, 376, 569.95, '2019-05-22 13:51:40'),
(377, 67, 377, 939.94, '2019-02-08 06:53:06'),
(378, 67, 378, 219.98, '2019-02-17 21:52:56'),
(379, 67, 379, 399.97, '2019-04-22 10:45:36'),
(380, 69, 380, 559.94, '2019-03-15 17:21:06'),
(381, 69, 381, 119.98, '2019-04-22 14:55:52'),
(382, 69, 382, 349.97, '2019-03-26 17:41:57'),
(383, 70, 383, 1069.95, '2019-03-04 15:58:04'),
(384, 70, 384, 59.99, '2019-04-29 03:02:44'),
(385, 70, 385, 239.97, '2019-05-22 14:17:21'),
(386, 70, 386, 269.97, '2019-02-24 12:56:44'),
(387, 71, 387, 449.96, '2019-03-16 12:49:35'),
(388, 71, 388, 329.96, '2019-03-24 12:15:06'),
(389, 72, 389, 159.98, '2019-03-20 02:55:07'),
(390, 72, 390, 379.97, '2019-01-20 15:42:31'),
(391, 72, 391, 25.98, '2019-02-28 14:01:30'),
(392, 73, 392, 249.97, '2019-02-02 01:49:06'),
(393, 73, 393, 279.96, '2019-02-02 10:19:17'),
(394, 73, 394, 389.97, '2019-02-11 03:34:59'),
(395, 73, 395, 369.96, '2019-03-22 00:44:40'),
(396, 73, 396, 199.96, '2019-01-12 12:08:14'),
(397, 75, 397, 229.96, '2019-02-06 11:26:25'),
(398, 75, 398, 219.98, '2019-03-06 11:38:25'),
(399, 75, 399, 459.96, '2019-04-30 08:44:26'),
(400, 77, 400, 734.96, '2019-03-25 01:59:28'),
(401, 78, 401, 819.94, '2019-02-24 12:45:38'),
(402, 79, 402, 289.96, '2019-01-01 14:30:28'),
(403, 81, 403, 229.97, '2019-03-03 17:14:38'),
(404, 81, 404, 119.98, '2019-02-01 11:45:17'),
(405, 81, 405, 559.96, '2019-01-02 10:14:31'),
(406, 81, 406, 579.96, '2019-04-06 23:16:23'),
(407, 81, 407, 59.99, '2019-03-03 16:55:37'),
(408, 82, 408, 252.97, '2018-12-31 22:16:37'),
(409, 82, 409, 479.96, '2019-03-22 14:20:11'),
(410, 82, 410, 279.98, '2019-04-18 13:30:53'),
(411, 82, 411, 169.99, '2019-01-11 08:04:13'),
(412, 83, 412, 479.96, '2019-05-13 03:52:58'),
(413, 83, 413, 19.98, '2019-03-30 19:03:11'),
(414, 84, 414, 299.96, '2019-03-15 19:18:12'),
(415, 84, 415, 189.96, '2019-04-06 13:41:16'),
(416, 84, 416, 469.97, '2019-05-12 08:25:18'),
(417, 84, 417, 19.98, '2019-05-17 09:48:39'),
(418, 84, 418, 534.96, '2019-03-23 18:17:02'),
(419, 85, 419, 429.96, '2019-03-09 15:58:10'),
(420, 85, 420, 259.97, '2019-02-15 06:14:04'),
(421, 85, 421, 59.99, '2019-03-24 06:37:09'),
(422, 85, 422, 349.98, '2019-02-23 20:32:36'),
(423, 85, 423, 399.96, '2019-01-09 23:41:41'),
(424, 88, 424, 249.99, '2019-04-22 02:11:14'),
(425, 89, 425, 499.95, '2019-05-06 17:56:47'),
(426, 89, 426, 239.97, '2019-02-09 00:38:38'),
(427, 89, 427, 499.98, '2019-05-16 09:43:13'),
(428, 89, 428, 209.98, '2019-04-24 14:35:18'),
(429, 89, 429, 639.96, '2019-03-05 14:44:11'),
(430, 90, 430, 339.94, '2019-01-23 18:41:20'),
(431, 90, 431, 339.97, '2019-03-30 11:46:06'),
(432, 90, 432, 19.98, '2019-05-19 23:19:13'),
(433, 91, 433, 269.97, '2019-04-09 06:28:22'),
(434, 91, 434, 239.97, '2019-01-29 01:17:26'),
(435, 91, 435, 269.96, '2019-02-01 07:04:09'),
(436, 91, 436, 259.96, '2019-03-04 21:41:26'),
(437, 91, 437, 112.98, '2019-03-26 13:07:59'),
(438, 94, 438, 254.98, '2019-04-08 07:32:10'),
(439, 94, 439, 159.99, '2019-01-21 12:19:44'),
(440, 97, 440, 499.96, '2019-04-05 15:33:56'),
(441, 97, 441, 719.94, '2019-04-17 19:09:08'),
(442, 97, 442, 649.94, '2019-02-15 14:59:13'),
(443, 97, 443, 59.99, '2019-03-12 03:44:41'),
(444, 97, 444, 419.96, '2019-04-09 22:17:13'),
(445, 100, 445, 104.98, '2019-02-19 21:31:23'),
(446, 100, 446, 439.96, '2019-04-30 07:47:49'),
(447, 100, 447, 249.97, '2019-01-05 20:04:22'),
(448, 100, 448, 239.98, '2019-04-22 22:40:13'),
(449, 103, 449, 79.99, '2019-04-25 02:43:49'),
(450, 103, 450, 334.96, '2019-05-17 09:30:41'),
(451, 103, 451, 339.95, '2019-01-12 16:30:36'),
(452, 103, 452, 129.99, '2019-04-02 09:07:24'),
(453, 106, 453, 349.98, '2019-02-08 07:42:04'),
(454, 106, 454, 389.97, '2019-05-20 09:15:04'),
(455, 106, 455, 99.99, '2019-04-04 05:46:44'),
(456, 106, 456, 689.95, '2019-03-09 13:25:45'),
(457, 106, 457, 249.97, '2019-03-22 21:56:12'),
(458, 111, 458, 859.94, '2019-04-04 06:34:38'),
(459, 111, 459, 69.98, '2019-01-24 15:06:38'),
(460, 111, 460, 579.96, '2019-04-02 02:55:44'),
(461, 111, 461, 359.96, '2019-04-15 14:24:48'),
(462, 111, 462, 129.99, '2019-01-06 10:37:38'),
(463, 112, 463, 59.99, '2019-01-12 10:11:37'),
(464, 112, 464, 379.95, '2019-05-14 05:30:19'),
(465, 116, 465, 639.95, '2019-05-04 21:34:59'),
(466, 116, 466, 459.94, '2019-02-23 20:56:47'),
(467, 119, 467, 559.96, '2019-01-11 18:16:32'),
(468, 119, 468, 179.99, '2019-01-05 17:30:57'),
(469, 120, 469, 519.95, '2019-05-01 12:23:21'),
(470, 120, 470, 169.99, '2019-05-04 01:40:19'),
(471, 120, 471, 149.99, '2019-04-20 04:04:43'),
(472, 120, 472, 379.98, '2019-04-04 18:43:39'),
(473, 122, 473, 339.96, '2019-04-23 21:20:57'),
(474, 123, 474, 459.98, '2019-03-07 00:23:54'),
(475, 123, 475, 319.97, '2019-04-24 19:47:03'),
(476, 124, 476, 459.96, '2019-04-02 02:33:50'),
(477, 124, 477, 59.99, '2019-04-20 19:23:26'),
(478, 127, 478, 69.99, '2019-02-11 03:10:48'),
(479, 128, 479, 699.94, '2019-03-22 06:10:49'),
(480, 128, 480, 289.97, '2019-04-28 21:48:30'),
(481, 128, 481, 139.99, '2019-03-12 15:59:52'),
(482, 128, 482, 299.98, '2019-05-10 10:36:44'),
(483, 130, 483, 289.98, '2019-05-25 13:24:55'),
(484, 130, 484, 119.98, '2019-03-14 21:51:07'),
(485, 130, 485, 379.96, '2019-01-04 05:10:50'),
(486, 130, 486, 509.95, '2019-05-15 08:49:53'),
(487, 131, 487, 69.99, '2019-02-09 08:13:40'),
(488, 131, 488, 99.99, '2019-03-22 08:31:38'),
(489, 131, 489, 489.97, '2019-01-19 21:19:27'),
(490, 131, 490, 369.98, '2019-03-25 20:24:02'),
(491, 131, 491, 519.96, '2019-02-12 17:49:55'),
(492, 132, 492, 179.98, '2019-05-06 22:09:33'),
(493, 132, 493, 59.99, '2019-03-06 12:27:18'),
(494, 132, 494, 249.99, '2019-03-15 10:25:19'),
(495, 132, 495, 209.96, '2019-03-05 06:58:01'),
(496, 135, 496, 1029.95, '2019-01-04 21:35:47'),
(497, 135, 497, 189.98, '2019-01-13 09:02:28'),
(498, 138, 498, 219.98, '2019-05-12 01:29:31'),
(499, 139, 499, 399.97, '2019-04-01 02:51:47'),
(500, 140, 500, 129.99, '2019-04-30 22:11:52'),
(501, 141, 501, 529.97, '2019-05-16 09:02:34'),
(502, 141, 502, 484.96, '2019-04-28 04:41:49'),
(503, 142, 503, 309.97, '2019-02-01 18:12:36'),
(504, 142, 504, 274.97, '2019-01-30 06:46:43'),
(505, 144, 505, 379.96, '2019-04-12 20:53:40'),
(506, 144, 506, 529.96, '2019-05-24 19:37:58'),
(507, 144, 507, 419.96, '2019-04-18 09:13:17'),
(508, 144, 508, 109.98, '2019-02-19 15:42:50'),
(509, 149, 509, 449.95, '2019-01-02 15:37:23'),
(510, 149, 510, 479.95, '2019-02-18 08:24:11'),
(511, 149, 511, 99.96, '2019-01-20 12:38:10'),
(512, 149, 512, 319.98, '2019-01-02 05:49:11'),
(513, 149, 513, 249.97, '2019-01-10 02:39:47'),
(514, 151, 514, 539.96, '2019-04-07 21:54:15'),
(515, 151, 515, 269.96, '2019-02-23 08:40:08'),
(516, 151, 516, 339.98, '2019-03-24 18:28:13'),
(517, 151, 517, 459.96, '2019-04-12 00:58:30'),
(518, 153, 518, 84.99, '2019-02-08 15:17:07'),
(519, 153, 519, 469.96, '2019-04-26 08:02:29'),
(520, 153, 520, 479.94, '2019-01-01 12:29:54'),
(521, 155, 521, 609.96, '2019-05-22 00:40:22'),
(522, 155, 522, 129.99, '2019-04-12 20:05:46'),
(523, 155, 523, 119.98, '2019-02-11 17:56:06'),
(524, 156, 524, 429.95, '2019-04-08 03:14:44'),
(525, 156, 525, 19.98, '2019-02-09 06:52:41'),
(526, 157, 526, 479.95, '2019-01-21 20:06:22'),
(527, 157, 527, 199.98, '2019-05-08 00:08:18'),
(528, 157, 528, 179.98, '2019-04-19 21:32:39'),
(529, 157, 529, 459.95, '2019-02-02 18:52:50'),
(530, 158, 530, 149.99, '2019-05-26 15:53:37'),
(531, 158, 531, 79.97, '2019-01-03 07:49:55'),
(532, 158, 532, 269.99, '2019-02-24 11:44:09'),
(533, 159, 533, 559.96, '2019-01-16 02:03:39'),
(534, 159, 534, 39.99, '2019-04-18 16:35:43'),
(535, 159, 535, 654.96, '2019-03-23 04:42:21'),
(536, 159, 536, 119.99, '2019-04-22 03:41:11'),
(537, 159, 537, 199.98, '2019-02-11 16:49:15'),
(538, 160, 538, 59.99, '2019-04-11 23:45:25'),
(539, 160, 539, 359.96, '2019-04-22 19:02:23'),
(540, 160, 540, 589.95, '2019-01-04 13:43:13'),
(541, 160, 541, 1259.94, '2019-02-25 08:14:12'),
(542, 162, 542, 269.97, '2019-04-21 22:30:54'),
(543, 162, 543, 164.98, '2019-05-06 20:55:23'),
(544, 163, 544, 179.98, '2019-05-26 22:42:14'),
(545, 163, 545, 399.94, '2019-04-19 09:41:36'),
(546, 163, 546, 399.96, '2019-05-12 13:25:56'),
(547, 168, 547, 469.95, '2019-03-31 23:19:12'),
(548, 170, 548, 359.98, '2019-01-30 01:57:41'),
(549, 170, 549, 289.97, '2019-01-30 16:11:03'),
(550, 171, 550, 229.97, '2019-05-23 08:36:41'),
(551, 171, 551, 239.97, '2019-05-21 05:14:10'),
(552, 172, 552, 239.98, '2019-01-06 01:21:33'),
(553, 172, 553, 129.99, '2019-04-19 13:12:37'),
(554, 172, 554, 599.95, '2019-01-26 04:39:54'),
(555, 172, 555, 469.96, '2019-01-21 14:26:08'),
(556, 173, 556, 359.98, '2019-04-06 18:12:18'),
(557, 173, 557, 309.97, '2019-01-21 21:40:55'),
(558, 177, 558, 229.99, '2019-01-22 15:38:48'),
(559, 177, 559, 149.99, '2019-01-24 14:40:27'),
(560, 177, 560, 79.99, '2019-04-02 07:21:53'),
(561, 186, 561, 539.95, '2019-01-02 00:06:05'),
(562, 186, 562, 119.98, '2019-02-12 14:11:06'),
(563, 188, 563, 69.98, '2019-03-16 09:09:56'),
(564, 188, 564, 429.97, '2019-05-11 10:10:48'),
(565, 190, 565, 99.99, '2019-05-22 17:26:38'),
(566, 190, 566, 434.97, '2019-01-03 13:21:59'),
(567, 190, 567, 554.95, '2019-04-26 12:35:57'),
(568, 190, 568, 209.97, '2019-05-10 08:29:01'),
(569, 192, 569, 79.99, '2019-01-22 10:09:42'),
(570, 192, 570, 179.97, '2019-05-21 12:45:15'),
(571, 193, 571, 29.97, '2019-03-08 02:12:22'),
(572, 193, 572, 639.94, '2019-03-14 19:38:57'),
(573, 194, 573, 239.97, '2019-03-29 22:13:53'),
(574, 198, 574, 89.99, '2019-03-21 22:29:02'),
(575, 199, 575, 9.99, '2019-03-21 17:42:28'),
(576, 199, 576, 469.97, '2019-01-25 00:28:39'),
(577, 199, 577, 119.98, '2019-05-09 13:06:16'),
(578, 201, 578, 459.96, '2019-05-22 17:09:06'),
(579, 201, 579, 859.94, '2019-01-20 11:20:09'),
(580, 201, 580, 359.97, '2019-05-02 16:20:31'),
(581, 201, 581, 529.96, '2019-03-30 05:45:27'),
(582, 201, 582, 1079.94, '2019-01-10 09:48:39'),
(583, 206, 583, 12.99, '2019-01-02 00:47:43'),
(584, 206, 584, 162.98, '2019-02-07 00:05:33'),
(585, 206, 586, 199.98, '2019-04-20 05:41:31'),
(586, 206, 587, 419.96, '2019-01-04 22:06:25'),
(587, 21, 590, 184.98, '2019-05-12 07:18:04'),
(588, 68, 591, 69.99, '2019-05-11 16:31:41'),
(589, 4, 592, 129.99, '2019-04-18 09:50:04'),
(590, 57, 594, 124.98, '2019-05-27 13:44:50'),
(591, 69, 595, 259.97, '2019-05-28 05:05:28'),
(592, 201, 597, 149.99, '2019-05-28 12:04:43'),
(593, 122, 598, 359.97, '2019-05-29 12:34:25'),
(594, 197, 599, 209.97, '2019-05-29 12:50:55'),
(595, 24, 601, 139.99, '2019-05-30 17:29:00'),
(596, 201, 602, 369.98, '2019-05-30 18:35:20'),
(597, 73, 604, 249.98, '2019-05-30 20:07:17');

-- --------------------------------------------------------

--
-- Tablo için tablo yapısı `products`
--

DROP TABLE IF EXISTS `products`;
CREATE TABLE IF NOT EXISTS `products` (
  `p_id` int(11) NOT NULL AUTO_INCREMENT,
  `s_id` int(11) NOT NULL,
  `p_name` varchar(255) COLLATE utf8_turkish_ci NOT NULL,
  `p_content` varchar(255) COLLATE utf8_turkish_ci DEFAULT NULL,
  `p_page` varchar(255) COLLATE utf8_turkish_ci NOT NULL,
  `pc_id` int(11) NOT NULL,
  `pg_id` int(11) NOT NULL,
  `p_price` double(9,2) DEFAULT NULL,
  `p_post_time` timestamp NOT NULL DEFAULT CURRENT_TIMESTAMP,
  PRIMARY KEY (`p_id`),
  KEY `s_id` (`s_id`),
  KEY `pc_id` (`pc_id`),
  KEY `pg_id` (`pg_id`)
) ENGINE=InnoDB AUTO_INCREMENT=247 DEFAULT CHARSET=utf8 COLLATE=utf8_turkish_ci;

--
-- Tablo döküm verisi `products`
--

INSERT INTO `products` (`p_id`, `s_id`, `p_name`, `p_content`, `p_page`, `pc_id`, `pg_id`, `p_price`, `p_post_time`) VALUES
(1, 5, 'Beyaz Püsküllü Tişört', '', 'k-tshirt-1', 1, 1, 59.99, '2019-03-31 05:53:48'),
(2, 5, 'Beyaz Stil Tişört', '', 'k-tshirt-2', 1, 1, 39.99, '2019-03-31 11:54:03'),
(3, 5, 'Gri Flintstones Tişört', '', 'k-tshirt-3', 1, 1, 69.99, '2019-03-31 16:32:07'),
(4, 5, 'Beyaz Siyah Desenli Tişört', '', 'k-tshirt-4', 1, 1, 59.99, '2019-03-30 21:59:42'),
(5, 5, 'Turuncu Sarı Desenli Tişört', '', 'k-tshirt-5', 1, 1, 59.99, '2019-03-31 11:22:47'),
(6, 5, 'Beyaz Tavşan Baskılı Tişört', '', 'k-tshirt-6', 1, 1, 39.99, '2019-03-31 10:18:28'),
(7, 5, 'Tek Omuz Sarı Tişört', '', 'k-tshirt-7', 1, 1, 89.99, '2019-03-30 22:57:57'),
(8, 5, 'Mavi Summer Baskılı Tişört', '', 'k-tshirt-8', 1, 1, 59.99, '2019-03-30 21:01:30'),
(9, 5, 'Silik Mavi Tişört', '', 'k-tshirt-9', 1, 1, 45.99, '2019-03-31 13:10:37'),
(10, 5, 'Çizgili Siyah Beyaz Tişört', '', 'k-tshirt-10', 1, 1, 59.99, '2019-03-31 00:53:40'),
(11, 5, 'Bej Tüylü Hırka', '', 'k-coat-1', 3, 1, 199.99, '2019-03-31 02:13:51'),
(12, 5, 'Kapüşonlu Gri Hırka', '', 'k-coat-2', 3, 1, 244.99, '2019-03-31 16:34:50'),
(13, 5, 'Kapüşonlu Jean Ceket', '', 'k-coat-3', 3, 1, 229.99, '2019-03-31 00:10:06'),
(14, 5, 'Cep Detaylı Siyah Ceket', '', 'k-coat-4', 3, 1, 230.99, '2019-03-31 08:44:04'),
(15, 5, 'Kapüşonlu Sarı Hırka', '', 'k-coat-5', 3, 1, 249.99, '2019-03-31 12:56:21'),
(16, 5, 'Vintage Beyaz Jean Ceket', '', 'k-coat-6', 3, 1, 169.99, '2019-03-31 02:27:52'),
(17, 5, 'Fermuarlı Siyah Ceket', '', 'k-coat-7', 3, 1, 289.99, '2019-03-30 22:47:28'),
(18, 5, 'Baskılı Mavi Hırka', '', 'k-coat-8', 3, 1, 199.99, '2019-03-31 02:21:32'),
(19, 5, 'Püsküllü Gri Yelek', '', 'k-coat-9', 3, 1, 229.99, '2019-03-30 22:19:26'),
(20, 5, 'Vintage Jean Ceket', '', 'k-coat-10', 3, 1, 189.99, '2019-03-31 14:55:16'),
(21, 5, 'Beyaz Düz Bluz', '', 'k-sweet-1', 4, 1, 99.99, '2019-03-31 19:56:32'),
(22, 5, 'Kısa Kollu Pembe Bluz', '', 'k-sweet-2', 4, 1, 149.99, '2019-03-31 10:45:31'),
(23, 5, 'Kısa Kollu Çiçekli Bluz', '', 'k-sweet-3', 4, 1, 129.99, '2019-03-31 15:59:41'),
(24, 5, 'Baskılı Bej Bluz', '', 'k-sweet-4', 4, 1, 129.99, '2019-03-31 01:47:11'),
(25, 5, 'Sarı Düz Bluz', '', 'k-sweet-5', 4, 1, 159.99, '2019-03-31 15:02:35'),
(26, 5, 'Yeşil Bluz', '', 'k-sweet-6', 4, 1, 90.99, '2019-03-30 23:30:53'),
(27, 5, 'Açık İndigo Bluz', '', 'k-sweet-7', 4, 1, 129.99, '2019-03-31 09:06:06'),
(28, 5, 'Kapüşonlu Pembe Sweatshirt', '', 'k-sweet-8', 4, 1, 119.99, '2019-03-30 21:18:16'),
(29, 5, 'Logolu Kırmızı Kapüşonlu Sweatshirt', '', 'k-sweet-9', 4, 1, 119.99, '2019-03-31 00:57:24'),
(30, 5, 'Siyah Beyaz Sweatshirt', '', 'k-sweet-10', 4, 1, 89.99, '2019-03-30 22:37:06'),
(31, 5, 'Kedi Nakışlı Sweatshirt', '', 'k-sweet-11', 4, 1, 79.99, '2019-03-31 12:20:14'),
(32, 5, 'Sunday Baskılı Gri Sweatshirt', '', 'k-sweet-12', 4, 1, 104.99, '2019-03-30 23:16:40'),
(33, 5, 'Kapüşonlu Turuncu Sweatshirt', '', 'k-sweet-13', 4, 1, 99.99, '2019-03-30 22:09:14'),
(34, 5, 'Neon Sarı Sweatshirt', '', 'k-sweet-14', 4, 1, 99.99, '2019-03-30 22:38:59'),
(35, 5, 'Kapüşonlu Beyaz Sweatshirt', '', 'k-sweet-15', 4, 1, 99.99, '2019-03-31 18:48:06'),
(36, 5, 'Yüksek Bel Pantolon', '', 'k-pant-1', 7, 1, 169.99, '2019-03-31 18:57:04'),
(37, 5, 'Yüksel Bel Beyaz Pantolon', '', 'k-pant-2', 7, 1, 149.99, '2019-03-30 23:28:53'),
(38, 5, 'Dar Paça Siyah Pantolon', '', 'k-pant-3', 7, 1, 139.99, '2019-03-31 02:34:02'),
(39, 5, 'Dar Paça Mavi Pantolon', '', 'k-pant-4', 7, 1, 169.99, '2019-03-31 10:13:15'),
(40, 5, 'Bol Paça Siyah Kot', '', 'k-pant-5', 7, 1, 139.99, '2019-03-31 04:09:35'),
(41, 5, 'Bağcıklı Yeşil Keten Pantolon', '', 'k-pant-6', 7, 1, 139.99, '2019-03-31 02:22:39'),
(42, 5, 'Çizgili Haki Pantolon', '', 'k-pant-7', 7, 1, 129.99, '2019-03-31 04:57:06'),
(43, 5, 'Kısa Paça Koyu Mavi Kot', '', 'k-pant-8', 7, 1, 109.99, '2019-03-31 06:42:41'),
(44, 5, 'Açık Mavi Pantolon', '', 'k-pant-9', 7, 1, 129.99, '2019-03-31 13:08:54'),
(45, 5, 'Dar Paça Gri Pantolon', '', 'k-pant-10', 7, 1, 129.99, '2019-03-31 20:44:17'),
(46, 5, 'Baskılı Kırmızı Gömlek', '', 'k-gomlek-1', 2, 1, 129.99, '2019-03-31 05:50:35'),
(47, 5, 'Rahat Sarı Gömlek', '', 'k-gomlek-2', 2, 1, 99.99, '2019-03-31 14:55:57'),
(48, 5, 'Kısa Kollu Mavi Gömlek', '', 'k-gomlek-3', 2, 1, 99.99, '2019-03-31 20:40:11'),
(49, 5, 'Dökümlü Siyah Keten Gönlek', '', 'k-gomlek-4', 2, 1, 159.99, '2019-03-31 07:57:06'),
(50, 5, 'Koyu Mavi Jean Gömlek', '', 'k-gomlek-5', 2, 1, 119.99, '2019-03-30 23:45:26'),
(51, 5, 'Cepli Kırmızı Gömlek', '', 'k-gomlek-6', 2, 1, 149.99, '2019-03-31 04:02:07'),
(52, 5, 'Sarı Uzun Gömlek', '', 'k-gomlek-7', 2, 1, 104.99, '2019-03-31 10:05:04'),
(53, 5, 'Cepli Yeşil Keten Gömlek', '', 'k-gomlek-8', 2, 1, 149.99, '2019-03-30 23:58:50'),
(54, 5, 'Çizgili Beyaz Gömlek', '', 'k-gomlek-9', 2, 1, 89.99, '2019-03-31 12:43:01'),
(55, 5, 'Yeşil Gömlek', '', 'k-gomlek-10', 2, 1, 119.99, '2019-03-31 07:40:39'),
(56, 5, 'Koyu Mavi Kot Şort', '', 'k-sort-1', 8, 1, 119.99, '2019-03-31 06:07:42'),
(57, 5, 'Açık Mavi Kot Şort', '', 'k-sort-2', 8, 1, 119.99, '2019-03-30 21:11:48'),
(58, 5, 'Siyah Dar Şort', '', 'k-sort-3', 8, 1, 149.99, '2019-03-31 13:16:15'),
(59, 5, 'Beyaz Şort', '', 'k-sort-4', 8, 1, 139.99, '2019-03-31 18:02:37'),
(60, 5, 'Kırca Mavi Şort', '', 'k-sort-5', 8, 1, 129.99, '2019-03-31 16:03:46'),
(61, 5, 'Gradient Siyah Şort', '', 'k-sort-6', 8, 1, 129.99, '2019-03-31 13:28:46'),
(62, 5, 'Açık Mavi Şort', '', 'k-sort-7', 8, 1, 129.99, '2019-03-31 06:25:33'),
(63, 5, 'Beyaz Kesikli Şort', '', 'k-sort-7', 8, 1, 139.99, '2019-03-31 18:44:33'),
(64, 5, 'Lekeli Mavi Şort', '', 'k-sort-9', 8, 1, 119.99, '2019-03-31 15:41:24'),
(65, 5, 'Koyu Mavi Şort', '', 'k-sort-10', 8, 1, 99.99, '2019-03-31 00:16:03'),
(66, 5, 'Çorap 1', '', 'k-sock-1', 9, 1, 11.99, '2019-03-31 05:43:49'),
(67, 5, 'Çorap 2', '', 'k-sock-2', 9, 1, 9.99, '2019-03-31 05:57:28'),
(68, 5, 'Çorap 3', '', 'k-sock-3', 9, 1, 10.99, '2019-03-31 13:17:17'),
(69, 5, 'Çorap 4', '', 'k-sock-4', 9, 1, 11.99, '2019-03-31 20:27:22'),
(70, 5, 'Çorap 5', '', 'k-sock-5', 9, 1, 9.99, '2019-03-31 16:13:28'),
(71, 5, 'Çorap 6', '', 'k-sock-6', 9, 1, 11.99, '2019-03-31 06:21:54'),
(72, 5, 'Çorap 7', '', 'k-sock-7', 9, 1, 11.99, '2019-03-31 07:39:32'),
(76, 5, 'Çorap 8', '', 'k-sock-8', 9, 1, 11.99, '2019-03-31 00:28:03'),
(77, 5, 'Çorap 9', '', 'k-sock-9', 9, 1, 9.99, '2019-03-31 04:24:23'),
(78, 5, 'Çorap 10', '', 'k-sock-10', 9, 1, 10.99, '2019-03-31 19:05:53'),
(79, 5, 'Beyaz Cüzdan', '', 'k-wallet-1', 10, 1, 79.99, '2019-03-31 07:04:50'),
(80, 5, 'Kırmızı Cüzdan', '', 'k-wallet-2', 10, 1, 89.99, '2019-03-31 02:11:51'),
(81, 5, 'Haki Cüzdan', '', 'k-wallet-3', 10, 1, 79.99, '2019-03-31 00:20:59'),
(82, 5, 'Mavi Cüzdan', '', 'k-wallet-4', 10, 1, 69.99, '2019-03-31 01:46:58'),
(83, 5, 'Lacivert Beyaz Cüzdan', '', 'k-wallet-5', 10, 1, 89.99, '2019-03-31 10:17:21'),
(84, 5, 'Şal 1', '', 'k-sal-1', 5, 1, 44.99, '2019-03-31 02:02:05'),
(85, 5, 'Şal 2', '', 'k-sal-2', 5, 1, 52.99, '2019-03-31 17:32:12'),
(86, 5, 'Şal 3', '', 'k-sal-3', 5, 1, 44.99, '2019-03-31 19:36:10'),
(87, 5, 'Şal 4', '', 'k-sal-4', 5, 1, 49.99, '2019-03-31 03:36:43'),
(88, 5, 'Şal 5', '', 'k-sal-5', 5, 1, 44.99, '2019-03-31 13:54:30'),
(89, 5, 'Takı 1', '', 'k-taki-1', 12, 1, 59.99, '2019-03-31 12:03:23'),
(90, 5, 'Takı 2', '', 'k-taki-2', 12, 1, 49.99, '2019-03-31 08:15:59'),
(91, 5, 'Takı 3', '', 'k-taki-3', 12, 1, 49.99, '2019-03-31 07:48:06'),
(92, 5, 'Takı 4', '', 'k-taki-4', 12, 1, 39.99, '2019-03-31 11:13:23'),
(93, 5, 'Takı 5', '', 'k-taki-5', 12, 1, 69.99, '2019-03-31 01:23:29'),
(94, 5, 'Takı 6', '', 'k-taki-6', 12, 1, 49.99, '2019-03-31 11:49:31'),
(95, 5, 'Takı 7', '', 'k-taki-7', 12, 1, 59.99, '2019-03-31 09:10:09'),
(96, 5, 'Takı 8', '', 'k-taki-8', 12, 1, 39.99, '2019-03-31 11:51:32'),
(97, 5, 'Takı 9', '', 'k-taki-9', 12, 1, 59.99, '2019-03-31 11:35:53'),
(98, 5, 'Takı 10', '', 'k-taki-10', 12, 1, 49.99, '2019-03-31 10:02:14'),
(99, 5, 'Gri Spor Ayakkabı', '', 'k-shoes-1', 15, 1, 64.99, '2019-03-31 04:28:02'),
(100, 5, 'Bordo Spor Ayakkabı', '', 'k-shoes-2', 15, 1, 64.99, '2019-03-31 11:16:13'),
(101, 5, 'Detaylı Beyaz Ayakkabı', '', 'k-shoes-3', 15, 1, 74.99, '2019-03-31 10:12:31'),
(102, 5, 'Kemer 1', '', 'k-kemer-1', 16, 1, 69.99, '2019-03-31 00:58:12'),
(103, 5, 'Kemer 2', '', 'k-kemer-2', 16, 1, 99.99, '2019-03-31 05:01:23'),
(104, 5, 'Kemer 3', '', 'k-kemer-3', 16, 1, 39.99, '2019-03-31 02:19:13'),
(105, 5, 'Kemer 5', '', 'k-kemer-5', 16, 1, 39.99, '2019-03-31 02:14:46'),
(106, 5, 'İndigo Sırt Çantası', '', 'k-bag-1', 18, 1, 159.99, '2019-03-31 12:21:56'),
(107, 5, 'Bronz Sırt Çantası', '', 'k-bag-2', 18, 1, 159.99, '2019-03-31 07:32:22'),
(108, 5, 'Kahverengi Sırt Çantası', '', 'k-bag-3', 18, 1, 159.99, '2019-03-31 07:26:49'),
(109, 5, 'Mavi Bel Çantası', '', 'k-bag-4', 18, 1, 99.99, '2019-03-31 02:13:33'),
(110, 5, 'Kırmızı Bel Çantası', '', 'k-bag-5', 18, 1, 99.99, '2019-03-31 17:19:28'),
(111, 5, 'Beyaz Konfort Sırt Çantası', '', 'k-bag-6', 18, 1, 129.99, '2019-03-30 22:22:40'),
(112, 5, 'Kahverengi İpli Sırt Çantası', '', 'k-bag-7', 18, 1, 119.99, '2019-03-31 16:30:48'),
(113, 5, 'Haki Sırt Çantası', '', 'k-bag-8', 18, 1, 149.99, '2019-03-31 15:12:16'),
(114, 5, 'Kahverengi Kol Çantası', '', 'k-bag-9', 18, 1, 104.99, '2019-03-30 21:30:21'),
(115, 5, 'Hasır Bucket Çanta', '', 'k-bag-10', 18, 1, 139.99, '2019-03-30 22:16:24'),
(116, 5, 'Fermuar Detaylı Siyah Elbise', '', 'k-dress-1', 19, 1, 109.99, '2019-03-31 05:57:27'),
(117, 5, 'Baskılı Lila Elbise', '', 'k-dress-2', 19, 1, 159.99, '2019-03-31 08:41:49'),
(118, 5, 'Kırmızı Halter Elbise', '', 'k-dress-3', 19, 1, 129.99, '2019-03-31 19:04:35'),
(119, 5, 'Mavi Çiçekli Elbise', '', 'k-dress-4', 19, 1, 159.99, '2019-03-31 17:30:15'),
(120, 5, 'Çizgili Mavi Elbise', '', 'k-dress-5', 19, 1, 169.99, '2019-03-31 11:41:32'),
(121, 5, 'Fırfırlı Beyaz Elbise', '', 'k-dress-6', 19, 1, 169.99, '2019-03-31 09:45:38'),
(122, 5, 'Yeşil Elbise', '', 'k-dress-7', 19, 1, 189.99, '2019-03-31 19:41:43'),
(123, 5, 'Benekli Siyah Elbise', '', 'k-dress-8', 19, 1, 179.99, '2019-03-31 06:52:22'),
(124, 5, 'Kareli Elbise', '', 'k-dress-9', 19, 1, 159.99, '2019-03-31 11:07:21'),
(125, 5, 'Cep Detaylı Mavi Elbise', '', 'k-dress-10', 19, 1, 169.99, '2019-03-31 09:53:35'),
(126, 5, 'Gri Jean Etek', '', 'k-etek-1', 20, 1, 149.99, '2019-03-31 13:30:46'),
(127, 5, 'Açık Mavi Kot Etek', '', 'k-etek-2', 20, 1, 129.99, '2019-03-30 22:39:24'),
(128, 5, 'Beyaz Etek', '', 'k-etek-3', 20, 1, 139.99, '2019-03-31 17:08:40'),
(129, 5, 'Gri Pilili Etek', '', 'k-etek-4', 20, 1, 129.99, '2019-03-31 13:09:07'),
(130, 5, 'Yılan Desenli Etek', '', 'k-etek-5', 20, 1, 99.99, '2019-03-31 11:11:18'),
(131, 5, 'Beyond Baskılı Siyah Tişört', '', 'e-tshirt-1', 1, 2, 59.99, '2019-03-31 14:38:31'),
(132, 5, 'Coast Baskılı Beyaz Tişört', '', 'e-tshirt-2', 1, 2, 39.99, '2019-03-31 07:08:46'),
(133, 5, 'Yesil Tişört', '', 'e-tshirt-3', 1, 2, 39.99, '2019-03-31 11:03:06'),
(134, 5, 'Mavi Beyaz Çizgili Tişört', '', 'e-tshirt-4', 1, 2, 59.99, '2019-03-31 05:52:19'),
(135, 5, 'Genesis Baskılı Beyaz Tişört', '', 'e-tshirt-5', 1, 2, 49.99, '2019-03-31 17:06:21'),
(136, 5, 'Gri Polo Tişört', '', 'e-tshirt-6', 1, 2, 99.99, '2019-03-31 17:03:27'),
(137, 5, ' Gri Basklı Tişört', '', 'e-tshirt-7', 1, 2, 59.99, '2019-03-31 09:37:57'),
(138, 5, 'V Yaka Pembe Tişört', '', 'e-tshirt-8', 1, 2, 39.99, '2019-03-31 03:14:21'),
(139, 5, ' Kırmızı Tişört', '', 'e-tshirt-9', 1, 2, 49.99, '2019-03-31 05:47:05'),
(140, 5, 'Çizgili Yeşil Beyaz Tişört', '', 'e-tshirt-10', 1, 2, 89.99, '2019-03-30 23:16:58'),
(141, 5, 'Keten Karışımlı Pembe Gömlek', '', 'e-gomlek-1', 2, 2, 149.99, '2019-03-30 21:24:36'),
(142, 5, 'Kısa Kollu Gri Denim Gömlek', '', 'e-gomlek-2', 2, 2, 139.99, '2019-03-31 00:25:26'),
(143, 5, 'Keten Karışımlı Yeşil Gömlek', '', 'e-gomlek-3', 2, 2, 149.99, '2019-03-31 10:03:21'),
(144, 5, 'Kırmızı Çizgili Gömlek', '', 'e-gomlek-4', 2, 2, 129.99, '2019-03-31 15:42:08'),
(145, 5, 'Cepsiz Gri Gömlek', '', 'e-gomlek-5', 2, 2, 99.99, '2019-03-31 04:26:25'),
(146, 5, 'Cepsiz Beyaz Gömlek', '', 'e-gomlek-6', 2, 2, 129.99, '2019-03-31 02:06:06'),
(147, 5, ' Kısa Kollu İndigo Gömlek', '', 'e-gomlek-7', 2, 2, 139.99, '2019-03-31 06:36:20'),
(148, 5, 'Cepsiz Mavi Gömlek', '', 'e-gomlek-8', 2, 2, 149.99, '2019-03-31 17:46:12'),
(149, 5, 'Mavi Çizgili Gömlek', '', 'e-gomlek-9', 2, 2, 149.99, '2019-03-31 20:14:20'),
(150, 5, 'Sarı Keten Gömlek', '', 'e-gomlek-10', 2, 2, 139.99, '2019-03-31 05:24:23'),
(151, 5, 'Mavi Kapüşonlu Kot Ceket', '', 'e-coat-1', 3, 2, 249.99, '2019-03-31 05:46:40'),
(152, 5, 'Ribana Detaylı Yeşil Ceket', '', 'e-coat-2', 3, 2, 219.99, '2019-03-31 19:22:57'),
(153, 5, 'Kapüşonlu Siyah Ceket', '', 'e-coat-3', 3, 2, 199.99, '2019-03-31 03:49:45'),
(154, 5, ' Kapüşonlu Sarı Ceket', '', 'e-coat-4', 3, 2, 229.99, '2019-03-31 14:01:48'),
(155, 5, 'Yakası Kürklü Gri Ceket', '', 'e-coat-5', 3, 2, 269.99, '2019-03-31 02:19:31'),
(156, 5, ' Frank Vintage Jean Ceket', '', 'e-coat-6', 3, 2, 229.99, '2019-03-31 20:53:41'),
(157, 5, 'Frank Premium Jean Ceket', '', 'e-coat-7', 3, 2, 229.99, '2019-03-31 14:45:34'),
(158, 5, 'Frank Siyah Jean Ceket', '', 'e-coat-8', 3, 2, 249.99, '2019-03-31 01:04:25'),
(159, 5, 'Gri Blazer Ceket', '', 'e-coat-9', 3, 2, 179.99, '2019-03-31 08:31:32'),
(160, 5, 'Kapüşonlu Jean Ceket', '', 'e-coat-10', 3, 2, 249.99, '2019-03-31 09:16:11'),
(161, 5, 'Mavi Logolu Siyah Sweatshirt', '', 'e-sweet-1', 4, 2, 119.99, '2019-03-31 12:04:12'),
(162, 5, 'Heartbeat Baskılı Gri Sweatshirt', '', 'e-sweet-2', 4, 2, 99.99, '2019-03-31 20:13:44'),
(163, 5, 'Bej Kazak', '', 'e-sweet-3', 4, 2, 89.99, '2019-03-30 22:11:52'),
(164, 5, 'Gri Tonlamalı Kazak', '', 'e-sweet-4', 4, 2, 99.99, '2019-03-31 12:52:42'),
(165, 5, 'Kırmızı Dar Kazak', '', 'e-sweet-5', 4, 2, 84.99, '2019-03-31 10:16:33'),
(166, 5, 'Beyaz Dar Sweatshirt', '', 'e-sweet-6', 4, 2, 84.99, '2019-03-31 19:39:47'),
(167, 5, 'Yeşil Kazak', '', 'e-sweet-7', 4, 2, 104.99, '2019-03-31 03:33:12'),
(168, 5, 'Kapüşonlu Gri Sweatshirt', '', 'e-sweet-8', 4, 2, 109.99, '2019-03-31 17:39:03'),
(169, 5, 'Kapüşonlu Mavi Sweatshirt', '', 'e-sweet-9', 4, 2, 109.99, '2019-03-31 13:23:02'),
(170, 5, 'Mavi Vintage Kot Pantolon', '', 'e-pant-1', 7, 2, 169.99, '2019-03-31 03:59:08'),
(171, 5, 'Premium Vintage Kot Pantolon', '', 'e-pant-2', 7, 2, 169.99, '2019-03-30 23:26:40'),
(172, 5, 'Jake Açık Mavi Pantolon', '', 'e-pant-3', 7, 2, 149.99, '2019-03-31 00:58:30'),
(173, 5, 'James Beyaz Pantolon', '', 'e-pant-4', 7, 2, 149.99, '2019-03-31 13:57:31'),
(174, 5, 'Martin Gri Pantolon', '', 'e-pant-5', 7, 2, 199.99, '2019-03-31 16:25:45'),
(175, 5, 'Comfort İndigo Pantolon', '', 'e-pant-6', 7, 2, 149.99, '2019-03-31 19:06:55'),
(176, 5, 'Marcus Jet Black Jean Pantolon', '', 'e-pant-7', 7, 2, 249.99, '2019-03-30 23:47:49'),
(177, 5, 'Pierre Black Jean Pantolon', '', 'e-pant-8', 7, 2, 189.99, '2019-03-31 13:03:27'),
(178, 5, 'Marcus Koyu Mavi Pantolon', '', 'e-pant-9', 7, 2, 169.99, '2019-03-31 16:34:13'),
(179, 5, 'Brain Beyaz Keten Şort', '', 'e-sort-1', 8, 2, 139.99, '2019-03-31 12:20:08'),
(180, 5, 'Tim Açık Mavi Şort', '', 'e-sort-2', 8, 2, 149.99, '2019-03-31 15:27:19'),
(181, 5, 'Katlama Detaylı Bej Şort', '', 'e-sort-3', 8, 2, 129.99, '2019-03-31 05:08:43'),
(182, 5, 'Nicholas Koyu Laciver Şort', '', 'e-sort-4', 8, 2, 149.99, '2019-03-30 23:36:33'),
(183, 5, 'Brian Siyah Dar Şort', '', 'e-sort-5', 8, 2, 139.99, '2019-03-31 13:25:57'),
(184, 5, 'Haki Şort', '', 'e-sort-6', 8, 2, 139.99, '2019-03-31 11:54:44'),
(185, 5, 'Lacivert Şort', '', 'e-sort-7', 8, 2, 99.99, '2019-03-31 17:17:45'),
(186, 5, ' Bej Kargo Şort', '', 'e-sort-8', 8, 2, 149.99, '2019-03-31 18:12:17'),
(187, 5, 'Katlama Detaylı Kahverengi Şort', '', 'e-sort-9', 8, 2, 129.99, '2019-03-31 19:09:32'),
(188, 5, 'Çorap 1', '', 'e-sock-1', 9, 2, 9.99, '2019-03-31 13:33:24'),
(189, 5, 'Çorap 2', '', 'e-sock-2', 9, 2, 9.99, '2019-03-31 17:01:26'),
(190, 5, 'Çorap 3', '', 'e-sock-3', 9, 2, 9.99, '2019-03-30 21:29:26'),
(191, 5, 'Çorap 4', '', 'e-sock-4', 9, 2, 12.99, '2019-03-31 16:46:32'),
(192, 5, 'Çorap 5', '', 'e-sock-5', 9, 2, 12.99, '2019-03-31 10:17:04'),
(193, 5, 'Çorap 6', '', 'e-sock-6', 9, 2, 9.99, '2019-03-31 08:22:10'),
(194, 5, 'Çorap 7', '', 'e-sock-7', 9, 2, 9.99, '2019-03-31 15:08:33'),
(195, 5, 'Çorap 8', '', 'e-sock-8', 9, 2, 9.99, '2019-03-31 02:06:07'),
(196, 5, 'Çorap 9', '', 'e-sock-9', 9, 2, 9.99, '2019-03-31 02:30:01'),
(197, 5, 'Lacivert Cüzdan', '', 'e-wallet-1', 10, 2, 59.99, '2019-03-31 06:51:52'),
(198, 5, 'Kahverengi Deri Cüzdan', '', 'e-wallet-2', 10, 2, 89.99, '2019-03-31 17:18:39'),
(199, 5, 'Gri Deri Cüzdan', '', 'e-wallet-3', 10, 2, 89.99, '2019-03-31 10:23:55'),
(200, 5, 'Siyah Deri Cüzdan', '', 'e-wallet-4', 10, 2, 89.99, '2019-03-31 02:08:02'),
(201, 5, 'Gri Cüzdan', '', 'e-wallet-5', 10, 2, 59.99, '2019-03-31 15:31:57'),
(202, 5, 'Yeşil Sırt Çantası', '', 'e-bag-1', 18, 2, 119.99, '2019-03-31 12:37:17'),
(203, 5, 'Siyah Kamuflaj Sırt Çantası', '', 'e-bag-2', 18, 2, 139.99, '2019-03-31 14:26:08'),
(204, 5, 'Siyah Çanta', '', 'e-bag-3', 18, 2, 69.99, '2019-03-31 10:34:24'),
(205, 5, 'Gri Sırt Çantası', '', 'e-bag-4', 18, 2, 119.99, '2019-03-31 02:54:19'),
(206, 5, 'İndigo Sırt Çantası', '', 'e-bag-5', 18, 2, 119.99, '2019-03-31 17:17:28'),
(207, 5, 'Siyah Sırt Çantası', '', 'e-bag-6', 18, 2, 159.99, '2019-03-31 00:32:22'),
(208, 5, 'Kemer 1', '', 'e-kemer-1', 16, 2, 69.99, '2019-03-31 17:44:53'),
(209, 5, 'Kemer 2', '', 'e-kemer-2', 16, 2, 79.99, '2019-03-31 20:02:21'),
(210, 5, 'Kemer 3', '', 'e-kemer-3', 16, 2, 69.99, '2019-03-31 15:54:43'),
(211, 5, 'Kemer 4', '', 'e-kemer-4', 16, 2, 59.99, '2019-03-31 14:26:48'),
(212, 5, 'Kemer 5', '', 'e-kemer-5', 16, 2, 89.99, '2019-03-30 21:01:48'),
(213, 5, 'Gri Şapka', '', 'e-hat-1', 11, 2, 59.99, '2019-03-31 11:25:59'),
(214, 5, 'Lacivert Şapka', '', 'e-hat-2', 11, 2, 59.99, '2019-03-31 02:41:06'),
(215, 5, 'Siyah Şapka', '', 'e-hat-3', 11, 2, 59.99, '2019-03-31 18:27:07'),
(216, 5, 'Haki Şapka', '', 'e-hat-4', 11, 2, 59.99, '2019-03-31 13:20:54'),
(217, 5, 'Kırmızı Şapka', '', 'e-hat-5', 11, 2, 59.99, '2019-03-31 05:07:37'),
(218, 5, 'Beyaz Şapka', '', 'e-hat-6', 11, 2, 59.99, '2019-03-31 08:16:08'),
(219, 5, 'Kot Şapka', '', 'e-hat-7', 11, 2, 59.99, '2019-03-31 09:20:26'),
(220, 5, 'Bej Şapka', '', 'e-hat-8', 11, 2, 59.99, '2019-03-31 16:05:29'),
(221, 5, 'Mavi Ayakkabı', '', 'e-shoes-1', 15, 2, 99.99, '2019-03-31 16:38:10'),
(222, 5, 'Gri Ayakkabı', '', 'e-shoes-2', 15, 2, 99.99, '2019-03-31 03:47:49'),
(223, 5, 'Koyu Gri Ayakkabı', '', 'e-shoes-3', 15, 2, 89.99, '2019-03-31 20:23:25'),
(224, 5, 'Andorra Erkek Parfüm', '', 'e-parfum-1', 17, 2, 89.99, '2019-03-31 20:10:19'),
(225, 5, 'Rock Rebel Erkek Parfüm', '', 'e-parfum-2', 17, 2, 79.99, '2019-03-31 01:02:01'),
(226, 5, 'Urban Blue Erkek Parfüm', '', 'e-parfum-3', 17, 2, 79.99, '2019-03-31 18:55:44'),
(227, 5, 'Mood Black Erkek Parfüm', '', 'e-parfum-4', 17, 2, 89.99, '2019-03-31 03:23:14'),
(228, 5, 'İstanbul Night Erkek Parfüm', '', 'e-parfum-5', 17, 2, 79.99, '2019-03-31 01:59:41'),
(229, 5, 'Dark Soul Erkek Parfüm', '', 'e-parfum-6', 17, 2, 79.99, '2019-03-30 22:49:05'),
(230, 5, 'Blue Night Erkek Parfüm', '', 'e-parfum-7', 17, 2, 59.99, '2019-03-31 01:48:53'),
(231, 5, 'Freedom Erkek Parfüm', '', 'e-parfum-8', 17, 2, 69.99, '2019-03-31 13:36:31'),
(232, 5, 'Bileklik 1', '', 'e-taki-1', 12, 2, 59.99, '2019-03-31 20:29:23'),
(233, 5, 'Bileklik 2', '', 'e-taki-2', 12, 2, 34.99, '2019-03-31 13:03:45'),
(234, 5, 'Bileklik 3', '', 'e-taki-3', 12, 2, 34.99, '2019-03-31 06:08:48'),
(235, 5, 'Bileklik 4', '', 'e-taki-4', 12, 2, 44.99, '2019-03-31 02:49:27'),
(236, 5, 'Bileklik 5', '', 'e-taki-5', 12, 2, 34.99, '2019-03-31 06:03:40'),
(237, 5, 'Bileklik 6', '', 'e-taki-6', 12, 2, 34.99, '2019-03-31 12:13:58'),
(238, 5, 'Bileklik 7', '', 'e-taki-7', 12, 2, 34.99, '2019-03-31 03:01:32'),
(239, 5, 'Bileklik 8', '', 'e-taki-8', 12, 2, 39.99, '2019-03-31 03:20:41');

-- --------------------------------------------------------

--
-- Tablo için tablo yapısı `products_body`
--

DROP TABLE IF EXISTS `products_body`;
CREATE TABLE IF NOT EXISTS `products_body` (
  `p_id` int(11) NOT NULL,
  `b_id` int(11) NOT NULL,
  `p_stock` int(11) NOT NULL,
  KEY `p_id` (`p_id`),
  KEY `b_id` (`b_id`)
) ENGINE=InnoDB DEFAULT CHARSET=utf8 COLLATE=utf8_turkish_ci;

--
-- Tablo döküm verisi `products_body`
--

INSERT INTO `products_body` (`p_id`, `b_id`, `p_stock`) VALUES
(1, 2, 0),
(1, 3, 93),
(1, 4, 86),
(1, 5, 111),
(1, 6, 8),
(2, 2, 44),
(2, 3, 150),
(2, 4, 11),
(2, 5, 125),
(2, 6, 52),
(3, 2, 12),
(3, 3, 88),
(3, 4, 18),
(3, 5, 36),
(3, 6, 139),
(4, 2, 72),
(4, 3, 118),
(4, 4, 142),
(4, 5, 16),
(4, 6, 72),
(5, 2, 22),
(5, 3, 139),
(5, 4, 112),
(5, 5, 122),
(5, 6, 10),
(6, 2, 23),
(6, 3, 62),
(6, 4, 28),
(6, 5, 134),
(6, 6, 15),
(7, 2, 32),
(7, 3, 124),
(7, 4, 67),
(7, 5, 111),
(7, 6, 111),
(8, 2, 66),
(8, 3, 13),
(8, 4, 78),
(8, 5, 12),
(8, 6, 39),
(9, 2, 99),
(9, 3, 65),
(9, 4, 127),
(9, 5, 0),
(9, 6, 75),
(10, 2, 141),
(10, 3, 15),
(10, 4, 133),
(10, 5, 69),
(10, 6, 150),
(46, 2, 70),
(46, 3, 94),
(46, 4, 131),
(46, 5, 13),
(46, 6, 3),
(47, 2, 65),
(47, 3, 89),
(47, 4, 26),
(47, 5, 54),
(47, 6, 6),
(48, 2, 144),
(48, 3, 110),
(48, 4, 88),
(48, 5, 100),
(48, 6, 122),
(49, 2, 109),
(49, 3, 42),
(49, 4, 3),
(49, 5, 75),
(49, 6, 94),
(50, 2, 82),
(50, 3, 49),
(50, 4, 130),
(50, 5, 59),
(50, 6, 147),
(51, 2, 45),
(51, 3, 38),
(51, 4, 76),
(51, 5, 99),
(51, 6, 25),
(52, 2, 76),
(52, 3, 139),
(52, 4, 29),
(52, 5, 96),
(52, 6, 146),
(53, 2, 19),
(53, 3, 101),
(53, 4, 141),
(53, 5, 73),
(53, 6, 11),
(54, 2, 103),
(54, 3, 117),
(54, 4, 59),
(54, 5, 36),
(54, 6, 49),
(55, 2, 57),
(55, 3, 82),
(55, 4, 89),
(55, 5, 30),
(55, 6, 71),
(11, 2, 42),
(11, 3, 90),
(11, 4, 58),
(11, 5, 39),
(11, 6, 67),
(12, 2, 34),
(12, 3, 73),
(12, 4, 71),
(12, 5, 57),
(12, 6, 143),
(13, 2, 89),
(13, 3, 48),
(13, 4, 140),
(13, 5, 110),
(13, 6, 45),
(14, 2, 79),
(14, 3, 66),
(14, 4, 5),
(14, 5, 105),
(14, 6, 46),
(15, 2, 113),
(15, 3, 128),
(15, 4, 57),
(15, 5, 58),
(15, 6, 31),
(16, 2, 94),
(16, 3, 68),
(16, 4, 147),
(16, 5, 99),
(16, 6, 50),
(17, 2, 74),
(17, 3, 120),
(17, 4, 66),
(17, 5, 67),
(17, 6, 90),
(18, 2, 11),
(18, 3, 60),
(18, 4, 141),
(18, 5, 56),
(18, 6, 78),
(19, 2, 133),
(19, 3, 40),
(19, 4, 136),
(19, 5, 53),
(19, 6, 110),
(20, 2, 61),
(20, 3, 117),
(20, 4, 44),
(20, 5, 43),
(20, 6, 124),
(21, 2, 15),
(21, 3, 84),
(21, 4, 59),
(21, 5, 74),
(21, 6, 69),
(22, 2, 131),
(22, 3, 60),
(22, 4, 132),
(22, 5, 142),
(22, 6, 67),
(23, 2, 22),
(23, 3, 143),
(23, 4, 24),
(23, 5, 0),
(23, 6, 147),
(24, 2, 26),
(24, 3, 28),
(24, 4, 114),
(24, 5, 110),
(24, 6, 78),
(25, 2, 95),
(25, 3, 66),
(25, 4, 115),
(25, 5, 69),
(25, 6, 88),
(26, 2, 38),
(26, 3, 136),
(26, 4, 145),
(26, 5, 95),
(26, 6, 140),
(27, 2, 76),
(27, 3, 74),
(27, 4, 131),
(27, 5, 102),
(27, 6, 62),
(28, 2, 2),
(28, 3, 136),
(28, 4, 34),
(28, 5, 146),
(28, 6, 1),
(29, 2, 123),
(29, 3, 118),
(29, 4, 1),
(29, 5, 66),
(29, 6, 30),
(30, 2, 11),
(30, 3, 133),
(30, 4, 117),
(30, 5, 23),
(30, 6, 48),
(31, 2, 66),
(31, 3, 148),
(31, 4, 40),
(31, 5, 34),
(31, 6, 2),
(32, 2, 80),
(32, 3, 96),
(32, 4, 5),
(32, 5, 68),
(32, 6, 58),
(33, 2, 130),
(33, 3, 67),
(33, 4, 16),
(33, 5, 4),
(33, 6, 4),
(34, 2, 102),
(34, 3, 122),
(34, 4, 62),
(34, 5, 110),
(34, 6, 69),
(35, 2, 137),
(35, 3, 2),
(35, 4, 9),
(35, 5, 0),
(35, 6, 37),
(36, 2, 121),
(36, 3, 93),
(36, 4, 4),
(36, 5, 25),
(36, 6, 37),
(37, 2, 74),
(37, 3, 114),
(37, 4, 78),
(37, 5, 47),
(37, 6, 42),
(38, 2, 136),
(38, 3, 97),
(38, 4, 71),
(38, 5, 11),
(38, 6, 103),
(39, 2, 57),
(39, 3, 104),
(39, 4, 70),
(39, 5, 126),
(39, 6, 11),
(40, 2, 66),
(40, 3, 83),
(40, 4, 83),
(40, 5, 87),
(40, 6, 103),
(41, 2, 139),
(41, 3, 86),
(41, 4, 33),
(41, 5, 135),
(41, 6, 102),
(42, 2, 14),
(42, 3, 129),
(42, 4, 7),
(42, 5, 61),
(42, 6, 129),
(43, 2, 125),
(43, 3, 90),
(43, 4, 31),
(43, 5, 10),
(43, 6, 147),
(44, 2, 79),
(44, 3, 100),
(44, 4, 68),
(44, 5, 97),
(44, 6, 44),
(45, 2, 133),
(45, 3, 33),
(45, 4, 102),
(45, 5, 131),
(45, 6, 67),
(56, 2, 15),
(56, 3, 64),
(56, 4, 110),
(56, 5, 68),
(56, 6, 45),
(57, 2, 108),
(57, 3, 126),
(57, 4, 75),
(57, 5, 83),
(57, 6, 137),
(58, 2, 99),
(58, 3, 102),
(58, 4, 9),
(58, 5, 127),
(58, 6, 24),
(59, 2, 87),
(59, 3, 84),
(59, 4, 130),
(59, 5, 124),
(59, 6, 44),
(60, 2, 38),
(60, 3, 122),
(60, 4, 92),
(60, 5, 64),
(60, 6, 131),
(61, 2, 3),
(61, 3, 149),
(61, 4, 9),
(61, 5, 94),
(61, 6, 53),
(62, 2, 139),
(62, 3, 120),
(62, 4, 36),
(62, 5, 22),
(62, 6, 134),
(63, 2, 110),
(63, 3, 140),
(63, 4, 36),
(63, 5, 129),
(63, 6, 67),
(64, 2, 62),
(64, 3, 147),
(64, 4, 43),
(64, 5, 7),
(64, 6, 137),
(65, 2, 31),
(65, 3, 23),
(65, 4, 17),
(65, 5, 20),
(65, 6, 41),
(116, 2, 140),
(116, 3, 114),
(116, 4, 48),
(116, 5, 2),
(116, 6, 86),
(117, 2, 85),
(117, 3, 25),
(117, 4, 117),
(117, 5, 84),
(117, 6, 93),
(118, 2, 136),
(118, 3, 61),
(118, 4, 129),
(118, 5, 80),
(118, 6, 38),
(119, 2, 36),
(119, 3, 140),
(119, 4, 57),
(119, 5, 64),
(119, 6, 20),
(120, 2, 113),
(120, 3, 116),
(120, 4, 21),
(120, 5, 63),
(120, 6, 120),
(121, 2, 119),
(121, 3, 94),
(121, 4, 142),
(121, 5, 3),
(121, 6, 5),
(122, 2, 89),
(122, 3, 8),
(122, 4, 136),
(122, 5, 90),
(122, 6, 38),
(123, 2, 89),
(123, 3, 61),
(123, 4, 11),
(123, 5, 51),
(123, 6, 136),
(124, 2, 0),
(124, 3, 83),
(124, 4, 9),
(124, 5, 125),
(124, 6, 99),
(125, 2, 95),
(125, 3, 21),
(125, 4, 107),
(125, 5, 127),
(125, 6, 61),
(126, 2, 120),
(126, 3, 60),
(126, 4, 79),
(126, 5, 70),
(126, 6, 113),
(127, 2, 35),
(127, 3, 26),
(127, 4, 137),
(127, 5, 33),
(127, 6, 8),
(128, 2, 115),
(128, 3, 49),
(128, 4, 138),
(128, 5, 32),
(128, 6, 113),
(129, 2, 122),
(129, 3, 10),
(129, 4, 83),
(129, 5, 17),
(129, 6, 144),
(130, 2, 58),
(130, 3, 61),
(130, 4, 48),
(130, 5, 130),
(130, 6, 14),
(84, 1, 6),
(85, 1, 87),
(86, 1, 21),
(87, 1, 7),
(88, 1, 121),
(66, 1, 23),
(67, 1, 44),
(68, 1, 3),
(69, 1, 119),
(70, 1, 55),
(71, 1, 32),
(72, 1, 36),
(76, 1, 144),
(77, 1, 119),
(78, 1, 93),
(79, 1, 5),
(80, 1, 116),
(81, 1, 82),
(82, 1, 108),
(83, 1, 39),
(89, 1, 0),
(90, 1, 31),
(91, 1, 36),
(92, 1, 39),
(93, 1, 112),
(94, 1, 132),
(95, 1, 60),
(96, 1, 131),
(97, 1, 51),
(98, 1, 22),
(102, 1, 138),
(103, 1, 67),
(104, 1, 70),
(105, 1, 16),
(106, 1, 2),
(107, 1, 123),
(108, 1, 12),
(109, 1, 53),
(110, 1, 61),
(111, 1, 51),
(112, 1, 101),
(113, 1, 148),
(114, 1, 46),
(115, 1, 127),
(99, 7, 20),
(99, 8, 30),
(99, 9, 30),
(99, 10, 73),
(99, 11, 14),
(99, 12, 45),
(99, 13, 82),
(99, 14, 28),
(99, 15, 76),
(99, 16, 47),
(100, 7, 49),
(100, 8, 50),
(100, 9, 39),
(100, 10, 83),
(100, 11, 43),
(100, 12, 62),
(100, 13, 90),
(100, 14, 50),
(100, 15, 21),
(100, 16, 34),
(101, 7, 61),
(101, 8, 96),
(101, 9, 94),
(101, 10, 89),
(101, 11, 37),
(101, 12, 15),
(101, 13, 20),
(101, 14, 99),
(101, 15, 54),
(101, 16, 57),
(131, 2, 110),
(131, 3, 191),
(131, 4, 53),
(131, 5, 92),
(131, 6, 84),
(132, 2, 175),
(132, 3, 66),
(132, 4, 188),
(132, 5, 65),
(132, 6, 199),
(133, 2, 91),
(133, 3, 144),
(133, 4, 45),
(133, 5, 180),
(133, 6, 75),
(134, 2, 29),
(134, 3, 120),
(134, 4, 137),
(134, 5, 62),
(134, 6, 12),
(135, 2, 80),
(135, 3, 189),
(135, 4, 196),
(135, 5, 163),
(135, 6, 22),
(136, 2, 155),
(136, 3, 119),
(136, 4, 49),
(136, 5, 139),
(136, 6, 153),
(137, 2, 177),
(137, 3, 139),
(137, 4, 123),
(137, 5, 1),
(137, 6, 12),
(138, 2, 2),
(138, 3, 171),
(138, 4, 21),
(138, 5, 169),
(138, 6, 107),
(139, 2, 173),
(139, 3, 29),
(139, 4, 91),
(139, 5, 22),
(139, 6, 125),
(140, 2, 144),
(140, 3, 122),
(140, 4, 17),
(140, 5, 121),
(140, 6, 186),
(141, 2, 105),
(141, 3, 60),
(141, 4, 154),
(141, 5, 72),
(141, 6, 186),
(142, 2, 20),
(142, 3, 117),
(142, 4, 22),
(142, 5, 6),
(142, 6, 65),
(143, 2, 5),
(143, 3, 155),
(143, 4, 111),
(143, 5, 64),
(143, 6, 112),
(144, 2, 88),
(144, 3, 143),
(144, 4, 188),
(144, 5, 31),
(144, 6, 142),
(145, 2, 47),
(145, 3, 102),
(145, 4, 55),
(145, 5, 134),
(145, 6, 66),
(146, 2, 177),
(146, 3, 180),
(146, 4, 184),
(146, 5, 144),
(146, 6, 80),
(147, 2, 97),
(147, 3, 110),
(147, 4, 124),
(147, 5, 183),
(147, 6, 1),
(148, 2, 30),
(148, 3, 151),
(148, 4, 152),
(148, 5, 188),
(148, 6, 165),
(149, 2, 69),
(149, 3, 157),
(149, 4, 47),
(149, 5, 31),
(149, 6, 20),
(150, 2, 65),
(150, 3, 75),
(150, 4, 50),
(150, 5, 49),
(150, 6, 47),
(151, 2, 66),
(151, 3, 138),
(151, 4, 99),
(151, 5, 171),
(151, 6, 113),
(152, 2, 114),
(152, 3, 15),
(152, 4, 5),
(152, 5, 9),
(152, 6, 98),
(153, 2, 140),
(153, 3, 18),
(153, 4, 48),
(153, 5, 109),
(153, 6, 118),
(154, 2, 181),
(154, 3, 25),
(154, 4, 62),
(154, 5, 92),
(154, 6, 159),
(155, 2, 32),
(155, 3, 183),
(155, 4, 106),
(155, 5, 123),
(155, 6, 64),
(156, 2, 184),
(156, 3, 104),
(156, 4, 141),
(156, 5, 14),
(156, 6, 86),
(157, 2, 130),
(157, 3, 183),
(157, 4, 77),
(157, 5, 8),
(157, 6, 128),
(158, 2, 115),
(158, 3, 146),
(158, 4, 170),
(158, 5, 141),
(158, 6, 109),
(159, 2, 13),
(159, 3, 88),
(159, 4, 112),
(159, 5, 31),
(159, 6, 175),
(160, 2, 183),
(160, 3, 86),
(160, 4, 52),
(160, 5, 23),
(160, 6, 173),
(161, 2, 7),
(161, 3, 40),
(161, 4, 52),
(161, 5, 75),
(161, 6, 118),
(162, 2, 164),
(162, 3, 56),
(162, 4, 10),
(162, 5, 164),
(162, 6, 91),
(163, 2, 129),
(163, 3, 198),
(163, 4, 187),
(163, 5, 193),
(163, 6, 63),
(164, 2, 155),
(164, 3, 131),
(164, 4, 135),
(164, 5, 154),
(164, 6, 100),
(165, 2, 40),
(165, 3, 87),
(165, 4, 193),
(165, 5, 153),
(165, 6, 58),
(166, 2, 120),
(166, 3, 76),
(166, 4, 132),
(166, 5, 30),
(166, 6, 0),
(167, 2, 197),
(167, 3, 156),
(167, 4, 98),
(167, 5, 198),
(167, 6, 48),
(168, 2, 43),
(168, 3, 106),
(168, 4, 80),
(168, 5, 23),
(168, 6, 113),
(169, 2, 198),
(169, 3, 117),
(169, 4, 17),
(169, 5, 185),
(169, 6, 17),
(170, 2, 77),
(170, 3, 24),
(170, 4, 176),
(170, 5, 109),
(170, 6, 29),
(171, 2, 136),
(171, 3, 105),
(171, 4, 115),
(171, 5, 141),
(171, 6, 148),
(172, 2, 92),
(172, 3, 181),
(172, 4, 83),
(172, 5, 153),
(172, 6, 156),
(173, 2, 149),
(173, 3, 22),
(173, 4, 145),
(173, 5, 14),
(173, 6, 163),
(174, 2, 29),
(174, 3, 17),
(174, 4, 85),
(174, 5, 68),
(174, 6, 71),
(175, 2, 166),
(175, 3, 90),
(175, 4, 6),
(175, 5, 17),
(175, 6, 81),
(176, 2, 46),
(176, 3, 23),
(176, 4, 37),
(176, 5, 160),
(176, 6, 71),
(177, 2, 61),
(177, 3, 199),
(177, 4, 91),
(177, 5, 186),
(177, 6, 165),
(178, 2, 70),
(178, 3, 77),
(178, 4, 107),
(178, 5, 77),
(178, 6, 121),
(179, 2, 4),
(179, 3, 55),
(179, 4, 42),
(179, 5, 120),
(179, 6, 68),
(180, 2, 148),
(180, 3, 3),
(180, 4, 136),
(180, 5, 163),
(180, 6, 3),
(181, 2, 5),
(181, 3, 138),
(181, 4, 82),
(181, 5, 143),
(181, 6, 191),
(182, 2, 194),
(182, 3, 120),
(182, 4, 183),
(182, 5, 4),
(182, 6, 72),
(183, 2, 70),
(183, 3, 42),
(183, 4, 190),
(183, 5, 42),
(183, 6, 26),
(184, 2, 141),
(184, 3, 190),
(184, 4, 74),
(184, 5, 182),
(184, 6, 197),
(185, 2, 149),
(185, 3, 34),
(185, 4, 30),
(185, 5, 28),
(185, 6, 111),
(186, 2, 93),
(186, 3, 167),
(186, 4, 156),
(186, 5, 19),
(186, 6, 118),
(187, 2, 83),
(187, 3, 197),
(187, 4, 118),
(187, 5, 79),
(187, 6, 175),
(188, 1, 85),
(189, 1, 108),
(190, 1, 143),
(191, 1, 99),
(192, 1, 98),
(193, 1, 98),
(194, 1, 99),
(195, 1, 39),
(196, 1, 84),
(197, 1, 118),
(198, 1, 43),
(199, 1, 148),
(200, 1, 132),
(201, 1, 126),
(202, 1, 26),
(203, 1, 44),
(204, 1, 105),
(205, 1, 3),
(206, 1, 30),
(207, 1, 25),
(208, 1, 94),
(209, 1, 12),
(210, 1, 104),
(211, 1, 11),
(212, 1, 112),
(213, 1, 31),
(214, 1, 69),
(215, 1, 146),
(216, 1, 95),
(217, 1, 19),
(218, 1, 135),
(219, 1, 52),
(220, 1, 65),
(224, 1, 9),
(225, 1, 122),
(226, 1, 22),
(227, 1, 104),
(228, 1, 109),
(229, 1, 84),
(230, 1, 130),
(231, 1, 78),
(232, 1, 50),
(233, 1, 150),
(234, 1, 66),
(235, 1, 77),
(236, 1, 95),
(237, 1, 67),
(238, 1, 55),
(239, 1, 114),
(221, 7, 45),
(221, 8, 52),
(221, 9, 46),
(221, 10, 31),
(221, 11, 27),
(221, 12, 6),
(221, 13, 43),
(221, 14, 69),
(221, 15, 48),
(221, 16, 35),
(222, 7, 35),
(222, 8, 29),
(222, 9, 11),
(222, 10, 14),
(222, 11, 56),
(222, 12, 71),
(222, 13, 8),
(222, 14, 6),
(222, 15, 34),
(222, 16, 11),
(223, 7, 18),
(223, 8, 38),
(223, 9, 73),
(223, 10, 8),
(223, 11, 58),
(223, 12, 22),
(223, 13, 22),
(223, 14, 32),
(223, 15, 30),
(223, 16, 59);

-- --------------------------------------------------------

--
-- Tablo için tablo yapısı `products_category`
--

DROP TABLE IF EXISTS `products_category`;
CREATE TABLE IF NOT EXISTS `products_category` (
  `pc_id` int(11) NOT NULL AUTO_INCREMENT,
  `pc_name` varchar(255) COLLATE utf8_turkish_ci NOT NULL,
  PRIMARY KEY (`pc_id`)
) ENGINE=InnoDB AUTO_INCREMENT=21 DEFAULT CHARSET=utf8 COLLATE=utf8_turkish_ci;

--
-- Tablo döküm verisi `products_category`
--

INSERT INTO `products_category` (`pc_id`, `pc_name`) VALUES
(1, 'Tişört'),
(2, 'Gömlek'),
(3, 'Hırka/Mont'),
(4, 'Kazak/Sweetshirt'),
(5, 'Şal'),
(7, 'Pantolon'),
(8, 'Şort'),
(9, 'Çorap'),
(10, 'Cüzdan'),
(11, 'Şapka'),
(12, 'Takı'),
(15, 'Ayakkabı'),
(16, 'Kemer'),
(17, 'Parfüm'),
(18, 'Çanta'),
(19, 'Elbise'),
(20, 'Etek');

-- --------------------------------------------------------

--
-- Tablo için tablo yapısı `products_comment`
--

DROP TABLE IF EXISTS `products_comment`;
CREATE TABLE IF NOT EXISTS `products_comment` (
  `c_id` int(11) NOT NULL AUTO_INCREMENT,
  `p_id` int(11) NOT NULL,
  `u_id` int(11) NOT NULL,
  `c_content` varchar(255) COLLATE utf8_turkish_ci NOT NULL,
  `c_time` timestamp NOT NULL DEFAULT CURRENT_TIMESTAMP,
  PRIMARY KEY (`c_id`),
  KEY `p_id` (`p_id`),
  KEY `u_id` (`u_id`)
) ENGINE=InnoDB AUTO_INCREMENT=1544 DEFAULT CHARSET=utf8 COLLATE=utf8_turkish_ci;

--
-- Tablo döküm verisi `products_comment`
--

INSERT INTO `products_comment` (`c_id`, `p_id`, `u_id`, `c_content`, `c_time`) VALUES
(1, 68, 1, 'Ürünü hiç beğenmedim.', '2019-01-01 11:29:38'),
(2, 22, 1, 'Ürünü beğendim.', '2019-01-02 14:46:07'),
(3, 6, 1, 'Ürünü beğendim.', '2019-01-03 09:40:28'),
(4, 46, 1, 'Ürünü beğenmedim.', '2019-01-04 08:12:34'),
(5, 161, 1, 'Ürünü beğendim.', '2019-01-05 15:46:33'),
(6, 60, 1, 'Ürünü beğenmedim.', '2019-01-06 05:10:44'),
(7, 200, 2, 'Ürünü çok beğendim.', '2019-01-07 20:27:51'),
(8, 117, 2, 'Ürünü hiç beğenmedim.', '2019-01-08 12:12:51'),
(9, 65, 2, 'Ürün standart.', '2019-01-09 07:05:39'),
(10, 118, 2, 'Ürünü beğenmedim.', '2019-01-09 23:51:22'),
(11, 133, 2, 'Ürünü çok beğendim.', '2019-01-11 02:01:52'),
(12, 169, 2, 'Ürünü hiç beğenmedim.', '2019-01-12 03:05:11'),
(13, 205, 3, 'Ürünü çok beğendim.', '2019-01-13 10:49:14'),
(14, 209, 3, 'Ürün standart.', '2019-01-14 10:23:54'),
(15, 108, 3, 'Ürünü beğendim.', '2019-01-14 21:32:34'),
(16, 189, 3, 'Ürünü çok beğendim.', '2019-01-16 14:08:10'),
(17, 193, 3, 'Ürün standart.', '2019-01-17 14:54:05'),
(18, 213, 3, 'Ürün standart.', '2019-01-18 19:47:45'),
(19, 155, 3, 'Ürünü hiç beğenmedim.', '2019-01-19 12:40:29'),
(20, 155, 3, 'Ürün standart.', '2019-01-19 21:08:58'),
(21, 45, 3, 'Ürünü çok beğendim.', '2019-01-21 19:45:26'),
(22, 84, 4, 'Ürünü hiç beğenmedim.', '2019-01-22 16:34:49'),
(23, 148, 4, 'Ürün standart.', '2019-01-23 19:34:38'),
(24, 49, 4, 'Ürünü beğendim.', '2019-01-24 07:21:17'),
(25, 220, 4, 'Ürünü hiç beğenmedim.', '2019-01-25 14:14:08'),
(26, 158, 4, 'Ürünü beğendim.', '2019-01-26 07:47:31'),
(27, 21, 5, 'Ürünü çok beğendim.', '2019-01-27 00:52:34'),
(28, 56, 5, 'Ürünü beğenmedim.', '2019-01-28 20:34:13'),
(29, 155, 5, 'Ürünü beğenmedim.', '2019-01-29 00:47:25'),
(30, 14, 5, 'Ürün standart.', '2019-02-01 06:58:44'),
(31, 41, 5, 'Ürünü hiç beğenmedim.', '2019-02-01 21:46:17'),
(32, 96, 5, 'Ürünü beğendim.', '2019-02-02 21:05:26'),
(33, 204, 6, 'Ürünü çok beğendim.', '2019-02-04 13:19:06'),
(34, 43, 6, 'Ürün standart.', '2019-02-05 17:08:53'),
(35, 170, 6, 'Ürünü çok beğendim.', '2019-02-06 18:53:21'),
(36, 213, 6, 'Ürünü beğendim.', '2019-02-07 08:40:07'),
(37, 56, 6, 'Ürünü hiç beğenmedim.', '2019-02-08 07:12:25'),
(38, 29, 6, 'Ürünü çok beğendim.', '2019-02-09 09:49:52'),
(39, 123, 6, 'Ürünü beğendim.', '2019-02-10 08:24:46'),
(40, 172, 6, 'Ürünü beğendim.', '2019-02-11 14:36:54'),
(41, 111, 7, 'Ürünü hiç beğenmedim.', '2019-02-12 17:22:12'),
(42, 209, 7, 'Ürünü beğenmedim.', '2019-02-13 08:04:08'),
(43, 115, 7, 'Ürünü çok beğendim.', '2019-02-14 00:57:06'),
(44, 70, 7, 'Ürünü beğenmedim.', '2019-02-15 13:39:56'),
(45, 130, 7, 'Ürünü beğendim.', '2019-02-15 22:14:42'),
(46, 133, 8, 'Ürünü çok beğendim.', '2019-02-17 07:23:31'),
(47, 32, 8, 'Ürünü beğenmedim.', '2019-02-18 11:43:21'),
(48, 124, 8, 'Ürünü hiç beğenmedim.', '2019-02-19 16:08:55'),
(49, 171, 8, 'Ürünü beğenmedim.', '2019-02-20 08:40:42'),
(50, 72, 8, 'Ürünü beğendim.', '2019-02-21 09:49:28'),
(51, 53, 8, 'Ürünü beğenmedim.', '2019-02-22 01:20:03'),
(52, 119, 8, 'Ürünü hiç beğenmedim.', '2019-02-23 19:47:57'),
(53, 2, 9, 'Ürünü hiç beğenmedim.', '2019-02-24 03:07:30'),
(54, 163, 9, 'Ürünü çok beğendim.', '2019-02-25 06:55:54'),
(55, 62, 9, 'Ürünü çok beğendim.', '2019-02-26 12:57:15'),
(56, 25, 9, 'Ürünü beğenmedim.', '2019-02-27 08:56:44'),
(57, 129, 9, 'Ürünü çok beğendim.', '2019-02-28 17:28:51'),
(58, 145, 9, 'Ürünü çok beğendim.', '2019-05-08 19:27:47'),
(59, 195, 9, 'Ürünü beğendim.', '2019-05-07 18:38:12'),
(60, 216, 9, 'Ürünü beğenmedim.', '2019-03-01 06:20:25'),
(61, 134, 9, 'Ürün standart.', '2019-03-02 04:08:05'),
(62, 50, 9, 'Ürünü çok beğendim.', '2019-03-03 13:39:17'),
(63, 134, 10, 'Ürünü beğenmedim.', '2019-03-04 16:23:44'),
(64, 149, 10, 'Ürünü çok beğendim.', '2019-03-04 21:16:37'),
(65, 64, 10, 'Ürünü beğenmedim.', '2019-03-06 00:01:54'),
(66, 221, 10, 'Ürünü beğendim.', '2019-03-07 18:52:32'),
(67, 31, 10, 'Ürünü çok beğendim.', '2019-03-08 11:59:36'),
(68, 60, 10, 'Ürünü hiç beğenmedim.', '2019-03-09 05:31:32'),
(69, 60, 10, 'Ürün standart.', '2019-03-10 07:30:40'),
(70, 106, 10, 'Ürünü beğendim.', '2019-03-11 09:51:53'),
(71, 54, 10, 'Ürünü beğendim.', '2019-03-12 06:14:05'),
(72, 19, 11, 'Ürünü hiç beğenmedim.', '2019-03-13 13:22:48'),
(73, 145, 11, 'Ürünü beğenmedim.', '2019-03-14 13:32:07'),
(74, 51, 11, 'Ürün standart.', '2019-03-15 14:38:44'),
(75, 32, 11, 'Ürünü hiç beğenmedim.', '2019-03-16 07:46:41'),
(76, 136, 11, 'Ürünü beğendim.', '2019-03-16 21:36:36'),
(77, 103, 11, 'Ürünü beğenmedim.', '2019-03-18 18:30:32'),
(78, 25, 11, 'Ürünü çok beğendim.', '2019-03-19 00:46:59'),
(79, 49, 11, 'Ürünü çok beğendim.', '2019-03-20 11:46:29'),
(80, 72, 11, 'Ürünü beğendim.', '2019-03-21 14:30:33'),
(81, 163, 11, 'Ürünü hiç beğenmedim.', '2019-03-22 12:19:43'),
(82, 34, 12, 'Ürün standart.', '2019-03-23 20:15:04'),
(83, 210, 12, 'Ürünü hiç beğenmedim.', '2019-03-23 23:51:59'),
(84, 164, 12, 'Ürünü hiç beğenmedim.', '2019-03-25 14:50:49'),
(85, 88, 12, 'Ürünü çok beğendim.', '2019-03-26 20:22:55'),
(86, 198, 12, 'Ürünü hiç beğenmedim.', '2019-03-27 17:38:51'),
(87, 117, 13, 'Ürünü beğendim.', '2019-03-28 13:14:14'),
(88, 114, 13, 'Ürünü hiç beğenmedim.', '2019-03-29 06:53:06'),
(89, 116, 13, 'Ürünü beğendim.', '2019-03-30 05:34:57'),
(90, 58, 13, 'Ürün standart.', '2019-04-01 18:56:45'),
(91, 107, 13, 'Ürünü beğenmedim.', '2019-04-02 14:31:45'),
(92, 125, 13, 'Ürünü çok beğendim.', '2019-04-03 12:28:30'),
(93, 83, 13, 'Ürünü beğendim.', '2019-04-04 17:21:06'),
(94, 8, 13, 'Ürün standart.', '2019-04-05 17:43:41'),
(95, 155, 13, 'Ürünü beğenmedim.', '2019-04-06 20:52:34'),
(96, 111, 14, 'Ürünü beğenmedim.', '2019-04-07 18:49:41'),
(97, 126, 14, 'Ürünü hiç beğenmedim.', '2019-04-07 21:35:07'),
(98, 211, 14, 'Ürünü çok beğendim.', '2019-04-09 15:58:04'),
(99, 118, 14, 'Ürünü beğendim.', '2019-04-10 13:57:14'),
(100, 160, 14, 'Ürünü hiç beğenmedim.', '2019-04-10 22:44:50'),
(101, 193, 14, 'Ürünü beğenmedim.', '2019-04-12 16:41:17'),
(102, 39, 14, 'Ürünü beğendim.', '2019-04-13 06:16:46'),
(103, 135, 14, 'Ürünü beğenmedim.', '2019-04-14 12:56:44'),
(104, 50, 14, 'Ürünü beğendim.', '2019-04-15 10:31:36'),
(105, 86, 14, 'Ürünü beğenmedim.', '2019-04-16 17:35:24'),
(106, 49, 15, 'Ürünü beğenmedim.', '2019-04-17 16:36:15'),
(107, 117, 15, 'Ürünü çok beğendim.', '2019-04-18 00:28:39'),
(108, 111, 15, 'Ürünü çok beğendim.', '2019-04-19 02:55:07'),
(109, 176, 15, 'Ürün standart.', '2019-04-20 00:39:45'),
(110, 209, 15, 'Ürün standart.', '2019-04-21 14:31:21'),
(111, 70, 16, 'Ürün standart.', '2019-04-22 19:41:01'),
(112, 69, 16, 'Ürün standart.', '2019-04-23 10:15:04'),
(113, 62, 16, 'Ürün standart.', '2019-04-24 01:49:06'),
(114, 162, 16, 'Ürünü hiç beğenmedim.', '2019-04-25 04:03:32'),
(115, 82, 16, 'Ürünü beğenmedim.', '2019-04-26 05:17:18'),
(116, 39, 16, 'Ürün standart.', '2019-04-27 06:15:34'),
(117, 225, 17, 'Ürünü çok beğendim.', '2019-04-27 21:29:44'),
(118, 204, 17, 'Ürünü beğendim.', '2019-04-29 00:44:40'),
(119, 157, 17, 'Ürünü beğenmedim.', '2019-04-30 00:22:36'),
(120, 20, 17, 'Ürünü beğenmedim.', '2019-05-01 00:14:19'),
(121, 200, 17, 'Ürünü beğendim.', '2019-05-02 02:33:26'),
(122, 79, 17, 'Ürünü hiç beğenmedim.', '2019-05-03 07:35:12'),
(123, 109, 17, 'Ürün standart.', '2019-05-04 11:38:25'),
(125, 233, 17, 'Ürünü çok beğendim.', '2019-05-05 15:58:27'),
(126, 58, 17, 'Ürün standart.', '2019-05-06 15:26:30'),
(127, 101, 18, 'Ürünü çok beğendim.', '2019-05-07 17:10:59'),
(128, 3, 18, 'Ürünü hiç beğenmedim.', '2019-05-08 09:14:46'),
(129, 56, 18, 'Ürünü beğenmedim.', '2019-05-09 12:45:38'),
(130, 94, 18, 'Ürünü hiç beğenmedim.', '2019-05-10 02:02:41'),
(131, 213, 18, 'Ürün standart.', '2019-05-11 10:28:28'),
(132, 234, 18, 'Ürünü çok beğendim.', '2019-05-12 00:48:14'),
(133, 118, 18, 'Ürünü beğenmedim.', '2019-05-13 13:21:02'),
(134, 132, 19, 'Ürünü beğendim.', '2019-05-14 11:45:17'),
(135, 196, 19, 'Ürünü beğendim.', '2019-05-15 00:03:32'),
(136, 82, 19, 'Ürün standart.', '2019-05-16 03:31:47'),
(137, 12, 19, 'Ürünü çok beğendim.', '2019-05-17 03:03:16'),
(138, 77, 19, 'Ürünü beğenmedim.', '2019-05-18 07:30:04'),
(139, 183, 19, 'Ürünü beğendim.', '2019-05-19 16:55:37'),
(140, 228, 19, 'Ürünü beğendim.', '2019-05-20 01:02:01'),
(141, 43, 19, 'Ürünü hiç beğenmedim.', '2019-05-21 04:37:31'),
(142, 224, 20, 'Ürünü hiç beğenmedim.', '2019-05-22 15:41:20'),
(143, 34, 20, 'Ürün standart.', '2019-05-23 02:38:35'),
(144, 40, 20, 'Ürün standart.', '2019-05-24 13:30:53'),
(145, 195, 20, 'Ürünü çok beğendim.', '2019-05-25 02:22:26'),
(146, 238, 20, 'Ürünü beğenmedim.', '2019-05-25 23:13:51'),
(147, 108, 20, 'Ürünü çok beğendim.', '2019-05-27 09:14:52'),
(148, 173, 21, 'Ürünü çok beğendim.', '2019-05-27 21:34:59'),
(149, 78, 21, 'Ürünü beğenmedim.', '2019-05-29 19:03:11'),
(150, 102, 21, 'Ürün standart.', '2019-03-15 19:18:12'),
(151, 174, 21, 'Ürün standart.', '2019-05-10 15:26:53'),
(152, 154, 21, 'Ürünü hiç beğenmedim.', '2019-05-12 08:25:18'),
(153, 15, 21, 'Ürünü beğendim.', '2019-05-17 09:48:39'),
(154, 22, 21, 'Ürünü çok beğendim.', '2019-03-23 18:17:02'),
(155, 192, 21, 'Ürünü çok beğendim.', '2019-03-09 15:58:10'),
(156, 9, 22, 'Ürünü çok beğendim.', '2019-02-15 06:14:04'),
(157, 196, 22, 'Ürünü hiç beğenmedim.', '2019-03-24 06:37:09'),
(158, 154, 22, 'Ürünü çok beğendim.', '2019-02-23 20:32:36'),
(159, 113, 22, 'Ürün standart.', '2019-01-09 23:41:41'),
(160, 147, 22, 'Ürünü beğendim.', '2019-04-22 02:11:14'),
(161, 114, 22, 'Ürünü hiç beğenmedim.', '2019-05-06 17:56:47'),
(162, 71, 22, 'Ürünü beğendim.', '2019-02-09 00:38:38'),
(163, 220, 22, 'Ürünü çok beğendim.', '2019-05-16 09:43:13'),
(164, 127, 22, 'Ürünü çok beğendim.', '2019-04-24 14:35:18'),
(165, 97, 22, 'Ürünü çok beğendim.', '2019-03-05 14:44:11'),
(166, 235, 23, 'Ürünü hiç beğenmedim.', '2019-01-23 18:41:20'),
(167, 26, 23, 'Ürün standart.', '2019-03-30 11:46:06'),
(168, 162, 23, 'Ürünü beğenmedim.', '2019-05-19 23:19:13'),
(169, 70, 23, 'Ürün standart.', '2019-04-09 06:28:22'),
(170, 126, 23, 'Ürün standart.', '2019-01-29 01:17:26'),
(171, 162, 23, 'Ürünü beğenmedim.', '2019-02-01 07:04:09'),
(172, 120, 23, 'Ürünü hiç beğenmedim.', '2019-03-04 21:41:26'),
(173, 234, 23, 'Ürün standart.', '2019-03-26 13:07:59'),
(174, 37, 24, 'Ürün standart.', '2019-04-08 07:32:10'),
(175, 189, 24, 'Ürünü hiç beğenmedim.', '2019-01-21 12:19:44'),
(176, 79, 24, 'Ürünü beğendim.', '2019-04-05 15:33:56'),
(177, 124, 24, 'Ürünü beğenmedim.', '2019-04-17 19:09:08'),
(178, 167, 24, 'Ürünü hiç beğenmedim.', '2019-02-15 14:59:13'),
(179, 119, 25, 'Ürünü çok beğendim.', '2019-03-12 03:44:41'),
(180, 64, 25, 'Ürünü beğenmedim.', '2019-04-09 22:17:13'),
(181, 28, 25, 'Ürünü çok beğendim.', '2019-02-19 21:31:23'),
(182, 108, 25, 'Ürünü beğenmedim.', '2019-04-30 07:47:49'),
(183, 41, 25, 'Ürünü beğenmedim.', '2019-01-05 20:04:22'),
(184, 88, 25, 'Ürünü beğenmedim.', '2019-04-22 22:40:13'),
(185, 31, 25, 'Ürün standart.', '2019-04-25 02:43:49'),
(186, 57, 25, 'Ürünü hiç beğenmedim.', '2019-05-17 09:30:41'),
(187, 172, 26, 'Ürünü beğendim.', '2019-01-12 16:30:36'),
(188, 185, 26, 'Ürünü hiç beğenmedim.', '2019-04-02 09:07:24'),
(189, 51, 26, 'Ürünü beğenmedim.', '2019-02-08 07:42:04'),
(190, 82, 26, 'Ürünü beğendim.', '2019-05-20 09:15:04'),
(191, 134, 26, 'Ürünü beğenmedim.', '2019-04-04 05:46:44'),
(192, 28, 26, 'Ürünü çok beğendim.', '2019-03-09 13:25:45'),
(193, 203, 26, 'Ürünü hiç beğenmedim.', '2019-03-22 21:56:12'),
(194, 226, 26, 'Ürünü çok beğendim.', '2019-04-04 06:34:38'),
(195, 162, 26, 'Ürün standart.', '2019-01-24 15:06:38'),
(196, 40, 26, 'Ürünü hiç beğenmedim.', '2019-04-02 02:55:44'),
(197, 160, 27, 'Ürünü beğendim.', '2019-04-15 14:24:48'),
(198, 128, 27, 'Ürünü çok beğendim.', '2019-01-06 10:37:38'),
(199, 77, 27, 'Ürünü beğendim.', '2019-01-12 10:11:37'),
(200, 144, 27, 'Ürünü çok beğendim.', '2019-05-14 05:30:19'),
(201, 161, 27, 'Ürünü hiç beğenmedim.', '2019-05-04 21:34:59'),
(202, 174, 28, 'Ürün standart.', '2019-02-23 20:56:47'),
(203, 96, 28, 'Ürünü hiç beğenmedim.', '2019-01-11 18:16:32'),
(204, 155, 28, 'Ürünü çok beğendim.', '2019-01-05 17:30:57'),
(205, 64, 28, 'Ürünü çok beğendim.', '2019-05-01 12:23:21'),
(206, 39, 28, 'Ürünü beğendim.', '2019-05-04 01:40:19'),
(207, 21, 28, 'Ürünü beğenmedim.', '2019-04-20 04:04:43'),
(208, 232, 29, 'Ürünü beğendim.', '2019-04-04 18:43:39'),
(209, 40, 29, 'Ürünü çok beğendim.', '2019-04-23 21:20:57'),
(210, 146, 29, 'Ürün standart.', '2019-03-07 00:23:54'),
(211, 1, 29, 'Ürünü beğendim.', '2019-04-24 19:47:03'),
(212, 183, 29, 'Ürünü beğenmedim.', '2019-04-02 02:33:50'),
(213, 186, 29, 'Ürünü beğendim.', '2019-04-20 19:23:26'),
(214, 36, 29, 'Ürünü beğenmedim.', '2019-02-11 03:10:48'),
(215, 127, 30, 'Ürünü çok beğendim.', '2019-03-22 06:10:49'),
(216, 146, 30, 'Ürün standart.', '2019-04-28 21:48:30'),
(217, 27, 30, 'Ürünü çok beğendim.', '2019-03-12 15:59:52'),
(218, 97, 30, 'Ürünü çok beğendim.', '2019-05-10 10:36:44'),
(219, 109, 30, 'Ürünü beğenmedim.', '2019-05-25 13:24:55'),
(220, 135, 30, 'Ürünü hiç beğenmedim.', '2019-03-14 21:51:07'),
(221, 34, 30, 'Ürünü çok beğendim.', '2019-01-04 05:10:50'),
(222, 104, 30, 'Ürün standart.', '2019-05-15 08:49:53'),
(223, 66, 30, 'Ürünü beğendim.', '2019-02-09 08:13:40'),
(224, 205, 30, 'Ürünü beğenmedim.', '2019-03-22 08:31:38'),
(225, 142, 31, 'Ürünü hiç beğenmedim.', '2019-01-19 21:19:27'),
(226, 182, 31, 'Ürünü beğendim.', '2019-03-25 20:24:02'),
(227, 175, 31, 'Ürünü beğenmedim.', '2019-02-12 17:49:55'),
(228, 214, 31, 'Ürünü beğendim.', '2019-05-06 22:09:33'),
(229, 204, 31, 'Ürünü beğenmedim.', '2019-03-06 12:27:18'),
(230, 43, 31, 'Ürünü beğendim.', '2019-03-15 10:25:19'),
(231, 41, 31, 'Ürün standart.', '2019-03-05 06:58:01'),
(232, 209, 32, 'Ürün standart.', '2019-01-04 21:35:47'),
(233, 187, 32, 'Ürün standart.', '2019-01-13 09:02:28'),
(234, 152, 32, 'Ürünü beğendim.', '2019-05-12 01:29:31'),
(235, 58, 32, 'Ürünü hiç beğenmedim.', '2019-04-01 02:51:47'),
(236, 119, 32, 'Ürünü hiç beğenmedim.', '2019-04-30 22:11:52'),
(237, 37, 32, 'Ürünü beğendim.', '2019-05-16 09:02:34'),
(238, 132, 32, 'Ürünü beğenmedim.', '2019-04-28 04:41:49'),
(239, 89, 32, 'Ürünü beğenmedim.', '2019-02-01 18:12:36'),
(240, 108, 33, 'Ürünü beğenmedim.', '2019-01-30 06:46:43'),
(241, 94, 33, 'Ürünü hiç beğenmedim.', '2019-04-12 20:53:40'),
(242, 137, 33, 'Ürün standart.', '2019-05-24 19:37:58'),
(243, 211, 33, 'Ürünü beğenmedim.', '2019-04-18 09:13:17'),
(244, 102, 33, 'Ürünü beğendim.', '2019-02-19 15:42:50'),
(245, 67, 33, 'Ürünü hiç beğenmedim.', '2019-01-02 15:37:23'),
(246, 56, 33, 'Ürünü beğendim.', '2019-02-18 08:24:11'),
(247, 3, 34, 'Ürünü beğendim.', '2019-01-20 12:38:10'),
(248, 128, 34, 'Ürünü hiç beğenmedim.', '2019-01-02 05:49:11'),
(249, 46, 34, 'Ürünü hiç beğenmedim.', '2019-01-10 02:39:47'),
(250, 69, 34, 'Ürünü hiç beğenmedim.', '2019-05-11 11:10:47'),
(251, 55, 34, 'Ürünü hiç beğenmedim.', '2019-02-23 08:40:08'),
(252, 60, 34, 'Ürünü beğendim.', '2019-03-24 18:28:13'),
(253, 49, 34, 'Ürünü çok beğendim.', '2019-04-12 00:58:30'),
(254, 64, 34, 'Ürünü beğenmedim.', '2019-02-08 15:17:07'),
(255, 44, 35, 'Ürünü beğendim.', '2019-04-26 08:02:29'),
(256, 215, 35, 'Ürünü çok beğendim.', '2019-01-01 12:29:54'),
(257, 70, 35, 'Ürünü beğenmedim.', '2019-05-10 16:31:07'),
(258, 179, 35, 'Ürünü beğenmedim.', '2019-04-12 20:05:46'),
(259, 211, 35, 'Ürün standart.', '2019-02-11 17:56:06'),
(260, 61, 35, 'Ürünü çok beğendim.', '2019-04-08 03:14:44'),
(261, 41, 35, 'Ürünü beğenmedim.', '2019-02-09 06:52:41'),
(262, 92, 35, 'Ürün standart.', '2019-01-21 20:06:22'),
(263, 210, 35, 'Ürünü beğendim.', '2019-05-08 00:08:18'),
(264, 30, 36, 'Ürünü beğenmedim.', '2019-04-19 21:32:39'),
(265, 171, 36, 'Ürünü çok beğendim.', '2019-02-02 18:52:50'),
(266, 79, 36, 'Ürünü çok beğendim.', '2019-05-26 15:53:37'),
(267, 173, 36, 'Ürünü beğendim.', '2019-01-03 07:49:55'),
(268, 55, 36, 'Ürünü beğenmedim.', '2019-02-24 11:44:09'),
(269, 128, 36, 'Ürünü hiç beğenmedim.', '2019-01-16 02:03:39'),
(270, 100, 36, 'Ürünü beğendim.', '2019-04-18 16:35:43'),
(271, 118, 36, 'Ürünü beğenmedim.', '2019-03-23 04:42:21'),
(272, 212, 37, 'Ürün standart.', '2019-04-22 03:41:11'),
(273, 118, 37, 'Ürün standart.', '2019-02-11 16:49:15'),
(274, 50, 37, 'Ürünü beğendim.', '2019-04-11 23:45:25'),
(275, 26, 37, 'Ürünü hiç beğenmedim.', '2019-04-22 19:02:23'),
(276, 235, 37, 'Ürünü hiç beğenmedim.', '2019-01-04 13:43:13'),
(277, 23, 37, 'Ürün standart.', '2019-02-25 08:14:12'),
(278, 221, 37, 'Ürünü hiç beğenmedim.', '2019-04-21 22:30:54'),
(279, 221, 37, 'Ürün standart.', '2019-05-11 04:03:18'),
(280, 62, 37, 'Ürün standart.', '2019-05-26 22:42:14'),
(281, 135, 37, 'Ürünü çok beğendim.', '2019-04-19 09:41:36'),
(282, 137, 38, 'Ürün standart.', '2019-05-12 13:25:56'),
(283, 151, 38, 'Ürün standart.', '2019-03-31 23:19:12'),
(284, 43, 38, 'Ürünü beğendim.', '2019-01-30 01:57:41'),
(285, 117, 38, 'Ürünü beğenmedim.', '2019-01-30 16:11:03'),
(286, 164, 38, 'Ürün standart.', '2019-05-23 08:36:41'),
(287, 115, 38, 'Ürünü beğenmedim.', '2019-05-21 05:14:10'),
(288, 222, 38, 'Ürünü hiç beğenmedim.', '2019-01-06 01:21:33'),
(289, 46, 38, 'Ürün standart.', '2019-04-19 13:12:37'),
(290, 62, 38, 'Ürünü çok beğendim.', '2019-01-26 04:39:54'),
(291, 160, 39, 'Ürün standart.', '2019-01-21 14:26:08'),
(292, 163, 39, 'Ürünü beğendim.', '2019-04-06 18:12:18'),
(293, 203, 39, 'Ürünü hiç beğenmedim.', '2019-01-21 21:40:55'),
(294, 29, 39, 'Ürünü hiç beğenmedim.', '2019-01-22 15:38:48'),
(295, 39, 39, 'Ürünü beğendim.', '2019-01-24 14:40:27'),
(296, 29, 39, 'Ürünü beğendim.', '2019-04-02 07:21:53'),
(297, 81, 39, 'Ürünü beğendim.', '2019-01-02 00:06:05'),
(298, 36, 39, 'Ürün standart.', '2019-02-12 14:11:06'),
(299, 141, 39, 'Ürünü hiç beğenmedim.', '2019-03-16 09:09:56'),
(300, 224, 40, 'Ürünü beğendim.', '2019-05-11 10:10:48'),
(301, 60, 40, 'Ürünü beğendim.', '2019-05-22 17:26:38'),
(302, 83, 40, 'Ürünü beğendim.', '2019-01-03 13:21:59'),
(303, 190, 40, 'Ürün standart.', '2019-04-26 12:35:57'),
(304, 56, 40, 'Ürün standart.', '2019-05-10 08:29:01'),
(305, 40, 40, 'Ürün standart.', '2019-01-22 10:09:42'),
(306, 55, 41, 'Ürünü beğenmedim.', '2019-05-21 12:45:15'),
(307, 34, 41, 'Ürünü beğenmedim.', '2019-03-08 02:12:22'),
(308, 154, 41, 'Ürünü beğenmedim.', '2019-03-14 19:38:57'),
(309, 45, 41, 'Ürünü hiç beğenmedim.', '2019-03-29 22:13:53'),
(310, 226, 41, 'Ürünü beğenmedim.', '2019-03-21 22:29:02'),
(311, 131, 41, 'Ürünü çok beğendim.', '2019-03-21 17:42:28'),
(312, 204, 41, 'Ürünü beğenmedim.', '2019-01-25 00:28:39'),
(313, 164, 41, 'Ürün standart.', '2019-05-09 13:06:16'),
(314, 141, 41, 'Ürün standart.', '2019-05-22 17:09:06'),
(315, 182, 42, 'Ürünü çok beğendim.', '2019-01-20 11:20:09'),
(316, 46, 42, 'Ürünü beğendim.', '2019-05-02 16:20:31'),
(317, 142, 42, 'Ürünü çok beğendim.', '2019-03-30 05:45:27'),
(318, 7, 42, 'Ürünü çok beğendim.', '2019-01-10 09:48:39'),
(319, 156, 42, 'Ürün standart.', '2019-01-02 00:47:43'),
(320, 108, 42, 'Ürünü çok beğendim.', '2019-02-07 00:05:33'),
(321, 6, 42, 'Ürünü beğendim.', '2019-04-20 05:41:31'),
(324, 32, 43, 'Ürünü beğendim.', '2019-01-04 22:06:25'),
(325, 143, 43, 'Ürünü hiç beğenmedim.', '2019-05-12 07:18:04'),
(326, 204, 43, 'Ürün standart.', '2019-05-09 20:34:55'),
(327, 58, 43, 'Ürünü beğenmedim.', '2019-04-18 09:50:04'),
(328, 24, 43, 'Ürünü hiç beğenmedim.', '2019-04-20 19:04:36'),
(329, 86, 44, 'Ürünü çok beğendim.', '2019-02-21 01:35:28'),
(330, 230, 44, 'Ürünü çok beğendim.', '2019-01-10 01:03:30'),
(331, 121, 44, 'Ürün standart.', '2019-01-14 02:41:11'),
(332, 51, 44, 'Ürünü hiç beğenmedim.', '2019-01-19 22:20:56'),
(333, 154, 44, 'Ürünü beğenmedim.', '2019-04-11 08:51:49'),
(334, 106, 44, 'Ürünü beğenmedim.', '2019-05-25 18:28:50'),
(335, 27, 44, 'Ürünü beğenmedim.', '2019-04-15 05:12:29'),
(336, 234, 45, 'Ürünü beğendim.', '2019-05-14 19:59:39'),
(337, 164, 45, 'Ürünü beğendim.', '2019-05-10 16:50:27'),
(338, 206, 45, 'Ürünü çok beğendim.', '2019-02-24 23:09:13'),
(339, 228, 45, 'Ürün standart.', '2019-03-14 00:49:03'),
(340, 31, 45, 'Ürün standart.', '2019-03-01 10:38:26'),
(341, 7, 45, 'Ürün standart.', '2019-01-05 06:45:13'),
(342, 122, 45, 'Ürünü beğendim.', '2019-01-21 11:24:06'),
(343, 93, 45, 'Ürünü çok beğendim.', '2019-03-16 08:34:27'),
(344, 51, 45, 'Ürün standart.', '2019-04-18 06:21:31'),
(345, 128, 46, 'Ürünü çok beğendim.', '2019-03-24 15:19:26'),
(346, 47, 46, 'Ürünü beğenmedim.', '2019-04-16 11:07:27'),
(347, 50, 46, 'Ürünü çok beğendim.', '2019-02-12 15:52:49'),
(348, 151, 46, 'Ürünü beğenmedim.', '2019-02-01 05:44:38'),
(349, 146, 46, 'Ürünü çok beğendim.', '2019-01-19 21:44:58'),
(350, 35, 46, 'Ürün standart.', '2019-01-30 16:35:44'),
(351, 198, 46, 'Ürünü hiç beğenmedim.', '2019-04-11 15:43:44'),
(352, 141, 46, 'Ürünü beğendim.', '2019-03-20 20:53:59'),
(353, 110, 46, 'Ürünü beğenmedim.', '2019-01-22 15:44:10'),
(355, 128, 47, 'Ürünü hiç beğenmedim.', '2019-05-05 07:41:56'),
(356, 20, 47, 'Ürünü çok beğendim.', '2019-04-02 18:34:17'),
(357, 155, 47, 'Ürün standart.', '2019-02-11 01:24:18'),
(358, 132, 47, 'Ürünü beğenmedim.', '2019-03-15 22:33:50'),
(359, 200, 47, 'Ürünü hiç beğenmedim.', '2019-01-19 02:45:32'),
(360, 4, 47, 'Ürün standart.', '2019-01-24 19:23:04'),
(361, 196, 47, 'Ürünü beğenmedim.', '2019-03-15 07:22:47'),
(362, 226, 47, 'Ürün standart.', '2019-05-07 19:33:27'),
(363, 237, 48, 'Ürünü beğenmedim.', '2019-05-13 05:37:29'),
(364, 36, 48, 'Ürün standart.', '2019-04-06 02:39:11'),
(365, 133, 48, 'Ürün standart.', '2019-01-25 15:22:10'),
(366, 70, 48, 'Ürünü beğenmedim.', '2019-04-16 04:56:35'),
(367, 191, 48, 'Ürünü beğendim.', '2019-03-09 10:39:15'),
(368, 143, 48, 'Ürün standart.', '2019-03-17 13:20:12'),
(369, 15, 48, 'Ürünü beğenmedim.', '2019-01-24 10:31:40'),
(370, 37, 48, 'Ürünü çok beğendim.', '2019-04-07 18:28:49'),
(371, 45, 48, 'Ürünü hiç beğenmedim.', '2019-01-05 23:41:47'),
(372, 158, 49, 'Ürün standart.', '2019-05-15 11:53:15'),
(373, 141, 49, 'Ürünü çok beğendim.', '2019-03-05 17:23:01'),
(374, 80, 49, 'Ürünü çok beğendim.', '2019-04-14 07:41:56'),
(375, 218, 49, 'Ürünü çok beğendim.', '2019-01-24 12:04:35'),
(376, 132, 49, 'Ürünü beğendim.', '2019-03-12 16:18:53'),
(377, 109, 49, 'Ürünü beğenmedim.', '2019-01-09 23:06:23'),
(378, 128, 49, 'Ürünü beğendim.', '2019-03-07 10:17:17'),
(379, 43, 49, 'Ürünü hiç beğenmedim.', '2019-04-04 07:37:37'),
(380, 81, 50, 'Ürün standart.', '2019-02-26 13:02:15'),
(381, 32, 50, 'Ürünü hiç beğenmedim.', '2019-01-04 03:13:33'),
(382, 91, 50, 'Ürün standart.', '2019-02-01 03:30:40'),
(383, 26, 50, 'Ürünü beğendim.', '2019-04-25 01:42:20'),
(384, 45, 50, 'Ürünü beğendim.', '2019-05-02 22:03:53'),
(385, 21, 50, 'Ürünü çok beğendim.', '2019-03-27 15:51:42'),
(386, 147, 50, 'Ürünü çok beğendim.', '2019-05-21 03:04:28'),
(387, 160, 50, 'Ürün standart.', '2019-05-25 23:10:43'),
(388, 239, 50, 'Ürün standart.', '2019-03-26 03:48:55'),
(389, 225, 50, 'Ürünü beğendim.', '2019-05-12 12:35:33'),
(390, 164, 51, 'Ürün standart.', '2019-05-27 10:10:31'),
(391, 39, 51, 'Ürün standart.', '2019-02-05 19:20:14'),
(392, 200, 51, 'Ürün standart.', '2019-03-11 01:18:56'),
(393, 30, 51, 'Ürünü çok beğendim.', '2019-04-05 05:32:20'),
(394, 220, 51, 'Ürünü beğenmedim.', '2019-01-18 15:32:09'),
(395, 78, 51, 'Ürün standart.', '2019-05-13 18:05:50'),
(396, 83, 52, 'Ürünü çok beğendim.', '2019-02-09 23:59:02'),
(397, 80, 52, 'Ürünü beğenmedim.', '2019-04-27 17:17:46'),
(398, 237, 52, 'Ürünü beğendim.', '2019-04-03 20:24:13'),
(399, 165, 52, 'Ürünü çok beğendim.', '2019-02-17 12:43:02'),
(400, 95, 52, 'Ürünü çok beğendim.', '2019-05-27 19:50:47'),
(401, 99, 52, 'Ürün standart.', '2019-03-28 10:54:04'),
(402, 35, 52, 'Ürünü beğenmedim.', '2019-03-14 17:29:05'),
(403, 69, 53, 'Ürünü beğenmedim.', '2019-02-13 08:07:44'),
(404, 229, 53, 'Ürünü çok beğendim.', '2019-02-01 19:20:20'),
(405, 80, 53, 'Ürün standart.', '2019-05-05 09:01:56'),
(406, 154, 53, 'Ürünü beğendim.', '2019-01-03 05:59:33'),
(407, 22, 53, 'Ürünü çok beğendim.', '2019-03-22 22:35:28'),
(408, 142, 53, 'Ürünü beğenmedim.', '2019-02-20 21:24:13'),
(409, 129, 53, 'Ürünü hiç beğenmedim.', '2019-01-29 01:42:38'),
(410, 126, 53, 'Ürünü hiç beğenmedim.', '2019-02-02 01:38:59'),
(411, 33, 53, 'Ürünü çok beğendim.', '2019-05-16 12:59:10'),
(412, 158, 53, 'Ürünü beğendim.', '2019-02-20 09:33:33'),
(413, 61, 54, 'Ürünü beğendim.', '2019-02-03 09:34:50'),
(414, 136, 54, 'Ürünü hiç beğenmedim.', '2019-01-23 07:39:15'),
(415, 19, 54, 'Ürünü çok beğendim.', '2019-04-15 19:41:18'),
(416, 141, 54, 'Ürünü hiç beğenmedim.', '2019-05-06 02:44:55'),
(417, 1, 54, 'Ürünü çok beğendim.', '2019-04-29 20:41:47'),
(418, 16, 54, 'Ürünü çok beğendim.', '2019-04-06 12:45:39'),
(419, 29, 54, 'Ürünü hiç beğenmedim.', '2019-02-19 01:31:51'),
(420, 202, 54, 'Ürünü çok beğendim.', '2019-02-01 10:26:27'),
(421, 6, 54, 'Ürünü hiç beğenmedim.', '2019-01-12 09:39:11'),
(422, 66, 54, 'Ürünü beğenmedim.', '2019-02-25 18:09:04'),
(423, 224, 55, 'Ürünü hiç beğenmedim.', '2019-05-14 21:48:17'),
(424, 7, 55, 'Ürünü hiç beğenmedim.', '2019-04-10 04:36:41'),
(425, 144, 55, 'Ürünü çok beğendim.', '2019-02-22 12:35:16'),
(426, 176, 55, 'Ürünü çok beğendim.', '2019-05-17 17:34:48'),
(427, 53, 55, 'Ürünü beğenmedim.', '2019-03-12 15:24:34'),
(428, 76, 55, 'Ürünü çok beğendim.', '2019-04-26 17:42:46'),
(429, 122, 55, 'Ürünü çok beğendim.', '2019-03-24 03:04:44'),
(430, 58, 55, 'Ürünü hiç beğenmedim.', '2019-03-01 10:15:44'),
(431, 164, 55, 'Ürünü hiç beğenmedim.', '2019-02-20 23:39:11'),
(432, 55, 56, 'Ürün standart.', '2019-03-23 21:44:16'),
(433, 158, 56, 'Ürün standart.', '2019-03-29 19:11:50'),
(434, 65, 56, 'Ürünü hiç beğenmedim.', '2019-02-02 12:51:12'),
(435, 58, 56, 'Ürünü beğenmedim.', '2019-05-15 02:24:04'),
(436, 203, 56, 'Ürünü beğenmedim.', '2019-03-26 00:09:17'),
(437, 51, 56, 'Ürünü beğenmedim.', '2019-03-02 11:31:16'),
(438, 13, 56, 'Ürünü hiç beğenmedim.', '2019-03-04 01:40:02'),
(439, 95, 57, 'Ürün standart.', '2019-02-18 17:59:42'),
(440, 133, 57, 'Ürünü beğenmedim.', '2019-05-08 23:53:24'),
(441, 51, 57, 'Ürünü beğenmedim.', '2019-02-14 12:12:15'),
(442, 158, 57, 'Ürün standart.', '2019-05-07 14:22:35'),
(443, 157, 57, 'Ürünü çok beğendim.', '2019-04-27 02:16:05'),
(444, 43, 57, 'Ürün standart.', '2019-02-26 01:28:43'),
(445, 45, 57, 'Ürün standart.', '2019-05-26 00:47:30'),
(446, 15, 58, 'Ürünü beğendim.', '2019-05-24 07:11:41'),
(447, 200, 58, 'Ürünü çok beğendim.', '2019-01-01 22:34:38'),
(448, 152, 58, 'Ürünü çok beğendim.', '2019-04-21 03:49:50'),
(449, 191, 58, 'Ürünü çok beğendim.', '2019-02-28 09:23:15'),
(450, 2, 58, 'Ürün standart.', '2019-05-08 20:57:36'),
(451, 11, 58, 'Ürünü beğenmedim.', '2019-01-06 11:44:22'),
(452, 127, 58, 'Ürünü hiç beğenmedim.', '2019-05-16 14:26:50'),
(453, 59, 59, 'Ürünü hiç beğenmedim.', '2019-03-07 14:36:12'),
(454, 152, 59, 'Ürünü beğenmedim.', '2019-03-02 00:31:28'),
(455, 92, 59, 'Ürünü çok beğendim.', '2019-04-26 09:09:43'),
(456, 135, 59, 'Ürünü çok beğendim.', '2019-04-20 04:17:19'),
(457, 232, 59, 'Ürünü çok beğendim.', '2019-01-05 03:31:34'),
(458, 207, 59, 'Ürünü beğenmedim.', '2019-03-30 17:59:20'),
(459, 174, 59, 'Ürün standart.', '2019-02-04 22:36:41'),
(460, 2, 59, 'Ürünü beğenmedim.', '2019-01-22 08:48:23'),
(461, 209, 59, 'Ürünü beğenmedim.', '2019-04-17 23:43:06'),
(462, 195, 60, 'Ürünü hiç beğenmedim.', '2019-02-10 21:27:07'),
(463, 235, 60, 'Ürünü hiç beğenmedim.', '2019-05-19 18:27:42'),
(464, 167, 60, 'Ürünü beğendim.', '2019-04-28 21:59:37'),
(465, 37, 60, 'Ürünü beğendim.', '2019-04-26 13:19:59'),
(466, 148, 60, 'Ürünü beğenmedim.', '2019-05-01 05:37:12'),
(467, 53, 60, 'Ürünü çok beğendim.', '2019-05-15 04:34:46'),
(468, 160, 60, 'Ürünü beğenmedim.', '2019-03-03 02:20:07'),
(469, 7, 60, 'Ürünü beğendim.', '2019-04-24 21:53:57'),
(470, 107, 60, 'Ürünü hiç beğenmedim.', '2019-04-17 17:43:23'),
(471, 220, 60, 'Ürünü beğendim.', '2019-02-09 21:16:20'),
(472, 38, 61, 'Ürünü beğendim.', '2019-02-10 21:45:28'),
(473, 227, 61, 'Ürünü hiç beğenmedim.', '2019-05-22 09:33:15'),
(474, 35, 61, 'Ürünü çok beğendim.', '2019-03-25 00:28:03'),
(475, 168, 61, 'Ürün standart.', '2019-04-04 01:24:23'),
(476, 66, 61, 'Ürünü hiç beğenmedim.', '2019-05-12 14:44:46'),
(477, 41, 62, 'Ürünü beğenmedim.', '2019-05-19 01:52:32'),
(478, 168, 62, 'Ürünü beğenmedim.', '2019-03-12 05:05:01'),
(479, 233, 62, 'Ürünü beğenmedim.', '2019-05-14 11:19:22'),
(480, 160, 62, 'Ürünü beğendim.', '2019-03-17 01:16:37'),
(481, 136, 62, 'Ürünü hiç beğenmedim.', '2019-02-23 08:58:05'),
(482, 120, 63, 'Ürünü hiç beğenmedim.', '2019-05-04 21:16:38'),
(483, 14, 63, 'Ürünü beğenmedim.', '2019-02-19 06:50:16'),
(484, 178, 63, 'Ürünü çok beğendim.', '2019-02-15 14:48:07'),
(485, 159, 63, 'Ürünü beğenmedim.', '2019-01-28 05:25:34'),
(486, 213, 63, 'Ürün standart.', '2019-04-19 03:16:45'),
(487, 52, 63, 'Ürünü çok beğendim.', '2019-01-30 05:21:32'),
(488, 44, 64, 'Ürün standart.', '2019-04-12 02:19:49'),
(489, 140, 64, 'Ürünü beğenmedim.', '2019-03-14 04:19:15'),
(490, 28, 64, 'Ürün standart.', '2019-05-21 13:46:43'),
(491, 21, 64, 'Ürünü çok beğendim.', '2019-04-24 13:40:10'),
(492, 215, 64, 'Ürünü beğenmedim.', '2019-05-08 23:42:13'),
(493, 191, 64, 'Ürünü beğenmedim.', '2019-02-08 04:16:49'),
(494, 150, 64, 'Ürünü çok beğendim.', '2019-05-01 05:03:23'),
(495, 135, 64, 'Ürün standart.', '2019-05-14 23:08:36'),
(496, 213, 64, 'Ürünü çok beğendim.', '2019-05-14 17:38:50'),
(497, 174, 64, 'Ürünü hiç beğenmedim.', '2019-03-19 16:20:30'),
(498, 186, 65, 'Ürünü hiç beğenmedim.', '2019-02-12 18:45:04'),
(499, 146, 65, 'Ürünü çok beğendim.', '2019-02-12 16:36:50'),
(500, 28, 65, 'Ürünü hiç beğenmedim.', '2019-02-21 01:53:49'),
(501, 207, 65, 'Ürünü beğenmedim.', '2019-01-14 16:09:02'),
(502, 37, 65, 'Ürün standart.', '2019-04-10 06:09:36'),
(503, 178, 65, 'Ürünü beğendim.', '2019-05-25 10:25:20'),
(504, 147, 65, 'Ürünü beğendim.', '2019-04-23 17:58:24'),
(505, 171, 65, 'Ürünü hiç beğenmedim.', '2019-05-02 14:47:36'),
(506, 171, 65, 'Ürün standart.', '2019-05-22 07:56:23'),
(507, 1, 66, 'Ürünü hiç beğenmedim.', '2019-01-06 09:24:03'),
(508, 65, 66, 'Ürünü beğenmedim.', '2019-04-12 01:24:41'),
(509, 156, 66, 'Ürünü hiç beğenmedim.', '2019-01-09 10:51:57'),
(510, 199, 66, 'Ürünü beğenmedim.', '2019-01-07 23:21:13'),
(511, 141, 66, 'Ürün standart.', '2019-05-23 08:55:27'),
(512, 129, 66, 'Ürünü beğenmedim.', '2019-01-25 20:06:17'),
(513, 217, 66, 'Ürünü beğenmedim.', '2019-03-15 15:25:17'),
(514, 57, 66, 'Ürünü beğenmedim.', '2019-02-21 21:05:27'),
(515, 47, 66, 'Ürün standart.', '2019-05-25 11:49:31'),
(516, 171, 67, 'Ürün standart.', '2019-04-23 12:33:15'),
(517, 231, 67, 'Ürün standart.', '2019-02-15 05:07:20'),
(518, 109, 67, 'Ürün standart.', '2019-04-18 03:23:55'),
(519, 158, 67, 'Ürünü beğenmedim.', '2019-04-01 11:26:43'),
(520, 8, 67, 'Ürünü beğenmedim.', '2019-03-14 20:44:12'),
(521, 178, 67, 'Ürünü beğenmedim.', '2019-01-19 14:59:18'),
(522, 116, 68, 'Ürünü çok beğendim.', '2019-02-27 06:56:01'),
(523, 28, 68, 'Ürünü hiç beğenmedim.', '2019-02-10 14:37:02'),
(524, 13, 68, 'Ürün standart.', '2019-02-19 05:07:14'),
(525, 114, 68, 'Ürünü hiç beğenmedim.', '2019-02-24 18:40:55'),
(526, 158, 68, 'Ürünü hiç beğenmedim.', '2019-02-03 10:59:31'),
(527, 175, 68, 'Ürünü beğendim.', '2019-01-10 13:41:53'),
(528, 96, 68, 'Ürünü çok beğendim.', '2019-05-12 11:39:56'),
(529, 231, 69, 'Ürünü çok beğendim.', '2019-03-09 04:14:24'),
(530, 154, 69, 'Ürünü çok beğendim.', '2019-04-04 05:16:48'),
(531, 106, 69, 'Ürünü hiç beğenmedim.', '2019-01-04 13:31:18'),
(532, 156, 69, 'Ürünü çok beğendim.', '2019-01-19 22:49:24'),
(533, 9, 69, 'Ürünü çok beğendim.', '2019-05-27 20:17:28'),
(534, 139, 69, 'Ürünü hiç beğenmedim.', '2019-04-15 16:56:43'),
(535, 55, 69, 'Ürünü hiç beğenmedim.', '2019-04-12 08:26:42'),
(536, 155, 69, 'Ürün standart.', '2019-01-16 10:35:13'),
(537, 234, 69, 'Ürünü beğenmedim.', '2019-02-06 04:54:21'),
(538, 81, 70, 'Ürünü beğendim.', '2019-01-04 11:47:36'),
(539, 199, 70, 'Ürün standart.', '2019-05-04 02:18:06'),
(540, 118, 70, 'Ürün standart.', '2019-01-21 08:26:30'),
(541, 26, 70, 'Ürünü beğenmedim.', '2019-05-21 04:42:44'),
(542, 71, 70, 'Ürünü beğendim.', '2019-03-16 15:59:17'),
(543, 65, 70, 'Ürünü hiç beğenmedim.', '2019-03-01 14:26:55'),
(544, 141, 70, 'Ürün standart.', '2019-03-13 12:18:48'),
(545, 217, 70, 'Ürünü beğendim.', '2019-02-02 08:45:52'),
(546, 10, 71, 'Ürünü hiç beğenmedim.', '2019-03-19 18:17:08'),
(547, 51, 71, 'Ürün standart.', '2019-04-03 00:41:10'),
(548, 119, 71, 'Ürün standart.', '2019-05-12 06:41:16'),
(549, 90, 71, 'Ürünü beğenmedim.', '2019-05-25 13:40:28'),
(550, 71, 71, 'Ürünü hiç beğenmedim.', '2019-03-28 23:52:58'),
(551, 103, 71, 'Ürünü hiç beğenmedim.', '2019-05-26 01:24:17'),
(552, 97, 71, 'Ürün standart.', '2019-02-28 11:32:27'),
(553, 21, 71, 'Ürünü çok beğendim.', '2019-02-21 09:32:44'),
(554, 71, 71, 'Ürünü çok beğendim.', '2019-03-12 21:29:10'),
(555, 212, 72, 'Ürünü çok beğendim.', '2019-02-20 23:26:16'),
(556, 223, 72, 'Ürünü beğendim.', '2019-02-19 11:20:28'),
(557, 57, 72, 'Ürünü beğendim.', '2019-04-07 17:56:24'),
(558, 123, 72, 'Ürünü beğenmedim.', '2019-04-16 12:20:31'),
(559, 198, 72, 'Ürünü çok beğendim.', '2019-05-26 11:08:33'),
(560, 77, 72, 'Ürünü beğendim.', '2019-05-21 01:03:54'),
(561, 239, 72, 'Ürün standart.', '2019-05-22 01:59:41'),
(562, 107, 72, 'Ürünü beğendim.', '2019-05-07 12:09:25'),
(563, 199, 73, 'Ürün standart.', '2019-01-23 19:19:08'),
(564, 12, 73, 'Ürünü çok beğendim.', '2019-05-01 15:08:51'),
(565, 58, 73, 'Ürün standart.', '2019-01-11 09:17:18'),
(566, 20, 73, 'Ürünü çok beğendim.', '2019-02-28 23:08:41'),
(567, 170, 73, 'Ürünü hiç beğenmedim.', '2019-01-22 15:21:27'),
(568, 114, 73, 'Ürünü çok beğendim.', '2019-01-20 00:34:54'),
(569, 170, 73, 'Ürün standart.', '2019-01-06 03:53:28'),
(570, 107, 73, 'Ürünü beğendim.', '2019-02-25 12:01:41'),
(571, 32, 74, 'Ürünü beğendim.', '2019-01-30 04:04:31'),
(572, 132, 74, 'Ürünü beğendim.', '2019-03-12 12:50:10'),
(573, 33, 74, 'Ürün standart.', '2019-05-04 08:25:54'),
(574, 105, 74, 'Ürünü hiç beğenmedim.', '2019-04-04 03:01:14'),
(575, 28, 74, 'Ürün standart.', '2019-02-03 05:47:46'),
(576, 158, 74, 'Ürünü çok beğendim.', '2019-05-12 01:52:13'),
(577, 230, 75, 'Ürünü hiç beğenmedim.', '2019-02-16 09:57:49'),
(578, 11, 75, 'Ürünü çok beğendim.', '2019-04-28 12:50:41'),
(579, 142, 75, 'Ürünü çok beğendim.', '2019-01-03 22:25:11'),
(580, 15, 75, 'Ürünü beğenmedim.', '2019-05-12 22:11:10'),
(581, 147, 75, 'Ürünü beğenmedim.', '2019-04-08 07:07:58'),
(582, 36, 76, 'Ürünü beğendim.', '2019-02-20 17:44:53'),
(583, 61, 76, 'Ürünü çok beğendim.', '2019-02-22 01:15:13'),
(584, 98, 76, 'Ürünü hiç beğenmedim.', '2019-05-20 23:42:35'),
(585, 191, 76, 'Ürünü beğenmedim.', '2019-04-19 12:57:32'),
(586, 169, 76, 'Ürünü beğendim.', '2019-03-10 08:24:11'),
(587, 58, 76, 'Ürün standart.', '2019-04-29 18:09:51'),
(588, 31, 76, 'Ürün standart.', '2019-01-30 14:55:35'),
(589, 102, 76, 'Ürünü hiç beğenmedim.', '2019-03-15 01:07:15'),
(590, 67, 76, 'Ürünü beğenmedim.', '2019-05-09 11:03:25'),
(591, 166, 76, 'Ürünü hiç beğenmedim.', '2019-05-12 19:26:34'),
(592, 36, 77, 'Ürünü çok beğendim.', '2019-04-13 13:48:45'),
(593, 31, 77, 'Ürünü beğendim.', '2019-04-07 07:38:20'),
(594, 4, 77, 'Ürünü beğenmedim.', '2019-05-20 17:24:55'),
(595, 181, 77, 'Ürün standart.', '2019-03-07 10:58:20'),
(596, 5, 77, 'Ürünü çok beğendim.', '2019-02-23 05:49:11'),
(597, 226, 77, 'Ürün standart.', '2019-04-19 07:10:29'),
(598, 233, 78, 'Ürünü hiç beğenmedim.', '2019-01-28 04:41:33'),
(599, 164, 78, 'Ürünü çok beğendim.', '2019-04-29 07:07:35'),
(600, 76, 78, 'Ürünü beğenmedim.', '2019-01-06 10:55:29'),
(601, 156, 78, 'Ürün standart.', '2019-01-02 12:45:57'),
(603, 120, 78, 'Ürünü beğenmedim.', '2019-02-27 09:37:39'),
(604, 189, 78, 'Ürünü hiç beğenmedim.', '2019-04-21 15:41:19'),
(605, 197, 78, 'Ürünü beğendim.', '2019-04-14 14:37:43'),
(606, 25, 78, 'Ürünü hiç beğenmedim.', '2019-02-11 20:01:26'),
(607, 171, 78, 'Ürünü beğenmedim.', '2019-05-04 12:25:04'),
(608, 21, 79, 'Ürünü beğendim.', '2019-03-01 05:03:58'),
(610, 78, 79, 'Ürünü hiç beğenmedim.', '2019-01-24 11:49:30'),
(611, 72, 79, 'Ürünü çok beğendim.', '2019-05-24 20:03:10'),
(612, 209, 79, 'Ürünü beğenmedim.', '2019-04-18 03:47:07'),
(613, 18, 80, 'Ürünü hiç beğenmedim.', '2019-04-02 05:01:34'),
(614, 81, 80, 'Ürünü beğenmedim.', '2019-05-24 11:04:55'),
(615, 51, 80, 'Ürünü beğenmedim.', '2019-01-14 09:26:51'),
(616, 233, 80, 'Ürünü beğenmedim.', '2019-05-21 08:58:41'),
(617, 179, 80, 'Ürün standart.', '2019-01-12 09:57:32'),
(618, 59, 80, 'Ürünü hiç beğenmedim.', '2019-05-11 11:13:06'),
(619, 126, 80, 'Ürünü hiç beğenmedim.', '2019-03-13 01:16:43'),
(620, 177, 80, 'Ürünü beğenmedim.', '2019-03-18 16:41:05'),
(621, 212, 80, 'Ürünü hiç beğenmedim.', '2019-02-03 21:42:50'),
(622, 132, 80, 'Ürünü hiç beğenmedim.', '2019-04-23 13:53:34'),
(623, 221, 81, 'Ürünü beğenmedim.', '2019-03-20 18:09:28'),
(624, 115, 81, 'Ürünü beğenmedim.', '2019-05-15 07:08:11'),
(625, 184, 81, 'Ürünü hiç beğenmedim.', '2019-02-25 12:37:58'),
(626, 109, 81, 'Ürün standart.', '2019-02-14 21:56:28'),
(627, 162, 81, 'Ürünü beğenmedim.', '2019-05-13 22:10:21'),
(628, 188, 81, 'Ürün standart.', '2019-05-16 19:02:17'),
(629, 27, 81, 'Ürünü beğenmedim.', '2019-03-18 09:31:54'),
(630, 166, 81, 'Ürün standart.', '2019-04-26 16:52:24'),
(631, 11, 81, 'Ürünü beğendim.', '2019-04-23 14:54:04'),
(632, 135, 82, 'Ürünü çok beğendim.', '2019-04-06 05:36:17'),
(633, 88, 82, 'Ürünü beğendim.', '2019-04-02 08:46:05'),
(634, 153, 82, 'Ürünü beğendim.', '2019-01-03 18:40:54'),
(635, 8, 82, 'Ürün standart.', '2019-04-24 05:29:49'),
(636, 11, 82, 'Ürünü hiç beğenmedim.', '2019-02-11 04:35:29'),
(637, 184, 82, 'Ürünü çok beğendim.', '2019-04-08 11:12:29'),
(638, 151, 82, 'Ürünü beğendim.', '2019-05-25 12:46:09'),
(639, 39, 82, 'Ürün standart.', '2019-01-14 17:29:21'),
(640, 177, 82, 'Ürünü hiç beğenmedim.', '2019-05-14 19:11:45'),
(641, 76, 82, 'Ürün standart.', '2019-01-25 14:10:34'),
(642, 85, 83, 'Ürünü çok beğendim.', '2019-02-16 18:10:40'),
(643, 132, 83, 'Ürünü beğenmedim.', '2019-04-03 15:59:52'),
(644, 215, 83, 'Ürünü beğendim.', '2019-03-20 15:07:26'),
(645, 225, 83, 'Ürünü hiç beğenmedim.', '2019-04-25 22:30:20'),
(646, 166, 83, 'Ürünü beğendim.', '2019-05-18 20:18:34'),
(647, 91, 83, 'Ürünü beğendim.', '2019-04-15 21:37:07'),
(648, 206, 84, 'Ürünü hiç beğenmedim.', '2019-03-07 19:35:21'),
(649, 30, 84, 'Ürünü beğenmedim.', '2019-02-28 02:33:13'),
(650, 167, 84, 'Ürünü beğendim.', '2019-04-17 15:11:28'),
(651, 139, 84, 'Ürünü beğendim.', '2019-04-03 23:26:16'),
(652, 85, 84, 'Ürünü beğendim.', '2019-03-06 22:21:51'),
(653, 230, 84, 'Ürünü beğenmedim.', '2019-03-04 10:10:13'),
(654, 107, 85, 'Ürünü beğendim.', '2019-02-27 10:14:26'),
(655, 68, 85, 'Ürünü çok beğendim.', '2019-01-22 19:03:05'),
(656, 94, 85, 'Ürünü beğenmedim.', '2019-05-03 00:35:48'),
(657, 217, 85, 'Ürünü beğendim.', '2019-01-02 13:40:45'),
(658, 46, 85, 'Ürünü beğendim.', '2019-05-25 03:28:05'),
(659, 135, 85, 'Ürün standart.', '2019-02-19 22:33:44'),
(660, 16, 85, 'Ürünü hiç beğenmedim.', '2019-04-25 17:03:32'),
(661, 47, 86, 'Ürünü beğendim.', '2019-04-25 18:56:51'),
(662, 77, 86, 'Ürünü beğenmedim.', '2019-01-10 00:19:28'),
(663, 175, 86, 'Ürün standart.', '2019-01-23 06:32:01'),
(664, 236, 86, 'Ürünü çok beğendim.', '2019-01-26 03:54:53'),
(665, 177, 86, 'Ürünü çok beğendim.', '2019-01-01 17:18:57'),
(666, 117, 86, 'Ürünü beğenmedim.', '2019-05-09 23:46:14'),
(667, 49, 87, 'Ürünü beğendim.', '2019-03-13 07:06:04'),
(668, 162, 87, 'Ürünü hiç beğenmedim.', '2019-01-06 20:56:12'),
(669, 59, 87, 'Ürünü çok beğendim.', '2019-05-20 17:35:02'),
(670, 84, 87, 'Ürünü hiç beğenmedim.', '2019-05-20 08:18:27'),
(671, 41, 87, 'Ürünü çok beğendim.', '2019-02-13 00:50:38'),
(672, 81, 87, 'Ürünü çok beğendim.', '2019-05-06 22:20:20'),
(673, 50, 88, 'Ürünü hiç beğenmedim.', '2019-01-16 09:10:32'),
(674, 166, 88, 'Ürünü hiç beğenmedim.', '2019-02-18 22:51:42'),
(675, 128, 88, 'Ürünü beğendim.', '2019-05-05 20:49:57'),
(676, 5, 88, 'Ürünü çok beğendim.', '2019-02-02 00:48:36'),
(677, 62, 88, 'Ürünü beğenmedim.', '2019-01-15 23:51:28'),
(678, 234, 88, 'Ürünü beğendim.', '2019-03-25 03:55:06'),
(679, 54, 88, 'Ürünü beğenmedim.', '2019-04-14 18:41:44'),
(680, 38, 88, 'Ürünü beğendim.', '2019-04-02 04:35:53'),
(681, 185, 88, 'Ürünü çok beğendim.', '2019-05-09 05:01:17'),
(682, 154, 89, 'Ürünü beğendim.', '2019-05-14 18:28:13'),
(683, 3, 89, 'Ürünü hiç beğenmedim.', '2019-02-21 06:29:12'),
(684, 219, 89, 'Ürün standart.', '2019-01-07 00:23:31'),
(685, 71, 89, 'Ürün standart.', '2019-05-01 07:29:56'),
(686, 198, 89, 'Ürünü çok beğendim.', '2019-04-12 04:57:10'),
(687, 153, 89, 'Ürün standart.', '2019-05-17 06:50:03'),
(688, 23, 89, 'Ürünü hiç beğenmedim.', '2019-04-01 14:25:19'),
(689, 123, 89, 'Ürünü beğenmedim.', '2019-02-06 00:36:55'),
(691, 52, 90, 'Ürünü hiç beğenmedim.', '2019-02-22 05:21:32'),
(692, 138, 90, 'Ürünü beğenmedim.', '2019-02-20 07:49:31'),
(693, 143, 90, 'Ürünü beğendim.', '2019-02-13 13:25:39'),
(694, 200, 90, 'Ürün standart.', '2019-05-09 16:38:11'),
(695, 227, 90, 'Ürünü beğendim.', '2019-02-06 05:08:26'),
(696, 104, 90, 'Ürünü hiç beğenmedim.', '2019-04-20 07:03:19'),
(697, 89, 90, 'Ürünü çok beğendim.', '2019-03-26 22:35:22'),
(698, 49, 90, 'Ürünü beğenmedim.', '2019-05-24 12:42:12'),
(699, 109, 90, 'Ürün standart.', '2019-03-30 01:16:25'),
(700, 28, 91, 'Ürünü beğenmedim.', '2019-05-25 18:35:40'),
(701, 85, 91, 'Ürünü hiç beğenmedim.', '2019-04-12 09:40:47'),
(702, 196, 91, 'Ürün standart.', '2019-04-02 07:50:56'),
(703, 86, 91, 'Ürün standart.', '2019-04-28 00:12:37'),
(704, 192, 91, 'Ürünü hiç beğenmedim.', '2019-05-08 15:04:18'),
(705, 165, 91, 'Ürün standart.', '2019-04-11 23:51:46'),
(706, 8, 91, 'Ürünü beğendim.', '2019-03-03 12:02:53'),
(707, 64, 92, 'Ürünü çok beğendim.', '2019-01-03 23:56:36'),
(708, 142, 92, 'Ürünü beğendim.', '2019-03-04 09:32:25'),
(709, 197, 92, 'Ürünü beğendim.', '2019-05-24 06:52:40'),
(710, 28, 92, 'Ürünü beğenmedim.', '2019-05-03 09:05:59'),
(711, 112, 92, 'Ürünü beğenmedim.', '2019-01-11 07:55:29'),
(712, 34, 93, 'Ürünü hiç beğenmedim.', '2019-01-08 23:37:45'),
(714, 211, 93, 'Ürünü çok beğendim.', '2019-01-09 10:56:18'),
(715, 194, 93, 'Ürün standart.', '2019-05-17 16:21:43'),
(716, 182, 93, 'Ürünü çok beğendim.', '2019-05-23 18:09:50'),
(717, 209, 93, 'Ürünü çok beğendim.', '2019-02-03 21:25:30'),
(718, 119, 93, 'Ürünü beğenmedim.', '2019-04-18 23:47:03'),
(719, 95, 94, 'Ürünü beğenmedim.', '2019-05-22 14:41:03'),
(720, 231, 94, 'Ürünü hiç beğenmedim.', '2019-01-09 19:03:47'),
(721, 177, 94, 'Ürünü çok beğendim.', '2019-01-13 02:30:24'),
(722, 80, 94, 'Ürünü beğendim.', '2019-03-10 01:38:42'),
(723, 230, 94, 'Ürün standart.', '2019-04-06 20:25:27'),
(724, 45, 94, 'Ürünü beğendim.', '2019-04-27 05:37:53'),
(725, 158, 94, 'Ürünü çok beğendim.', '2019-04-17 01:57:40'),
(726, 209, 94, 'Ürün standart.', '2019-05-11 05:11:39'),
(727, 221, 94, 'Ürünü beğenmedim.', '2019-01-28 15:24:53'),
(728, 58, 94, 'Ürünü beğenmedim.', '2019-02-12 07:19:16'),
(729, 43, 95, 'Ürünü beğendim.', '2019-04-13 17:25:01'),
(730, 91, 95, 'Ürünü hiç beğenmedim.', '2019-04-09 14:39:43'),
(731, 10, 95, 'Ürünü çok beğendim.', '2019-05-16 16:58:49'),
(732, 192, 95, 'Ürün standart.', '2019-01-01 00:07:29'),
(733, 123, 95, 'Ürünü beğenmedim.', '2019-03-09 14:57:40'),
(734, 1, 95, 'Ürünü hiç beğenmedim.', '2019-05-07 02:40:17'),
(735, 194, 95, 'Ürünü çok beğendim.', '2019-04-08 06:58:15'),
(736, 15, 96, 'Ürünü beğendim.', '2019-03-15 13:29:40'),
(737, 185, 96, 'Ürünü hiç beğenmedim.', '2019-04-01 15:09:21'),
(738, 169, 96, 'Ürünü beğenmedim.', '2019-02-27 20:45:06'),
(739, 221, 96, 'Ürün standart.', '2019-02-16 00:46:36'),
(740, 138, 96, 'Ürünü beğenmedim.', '2019-05-26 21:23:23'),
(741, 158, 96, 'Ürün standart.', '2019-03-30 07:07:16'),
(742, 183, 96, 'Ürünü hiç beğenmedim.', '2019-03-01 09:19:36'),
(743, 197, 96, 'Ürünü hiç beğenmedim.', '2019-01-16 05:11:52'),
(744, 207, 96, 'Ürünü beğenmedim.', '2019-03-09 07:18:45'),
(745, 181, 96, 'Ürünü çok beğendim.', '2019-05-27 14:26:08'),
(746, 47, 97, 'Ürünü beğenmedim.', '2019-01-27 12:41:36'),
(747, 145, 97, 'Ürünü beğendim.', '2019-02-24 13:34:32'),
(748, 97, 97, 'Ürünü çok beğendim.', '2019-05-15 16:11:21'),
(749, 219, 97, 'Ürünü hiç beğenmedim.', '2019-03-12 22:13:11'),
(750, 44, 97, 'Ürünü hiç beğenmedim.', '2019-02-12 19:35:26'),
(751, 173, 97, 'Ürünü beğendim.', '2019-01-13 06:45:32'),
(752, 63, 97, 'Ürün standart.', '2019-02-16 07:31:16'),
(753, 120, 97, 'Ürünü çok beğendim.', '2019-04-03 07:02:08'),
(754, 204, 97, 'Ürünü hiç beğenmedim.', '2019-01-01 09:13:57'),
(755, 50, 97, 'Ürünü çok beğendim.', '2019-04-03 00:06:21'),
(756, 196, 98, 'Ürünü beğenmedim.', '2019-04-14 01:16:07'),
(757, 234, 98, 'Ürünü çok beğendim.', '2019-02-11 04:59:12'),
(758, 186, 98, 'Ürünü çok beğendim.', '2019-02-23 19:19:31'),
(759, 179, 98, 'Ürünü beğenmedim.', '2019-03-24 03:26:57'),
(760, 63, 98, 'Ürünü hiç beğenmedim.', '2019-01-30 06:52:57'),
(761, 67, 98, 'Ürünü beğenmedim.', '2019-02-02 13:40:05'),
(762, 26, 98, 'Ürünü beğenmedim.', '2019-04-02 04:05:56'),
(763, 37, 98, 'Ürünü hiç beğenmedim.', '2019-03-06 05:08:49'),
(764, 159, 98, 'Ürünü beğendim.', '2019-03-13 19:21:26'),
(765, 104, 99, 'Ürünü beğendim.', '2019-03-16 20:12:02'),
(766, 89, 99, 'Ürünü çok beğendim.', '2019-04-28 02:15:35'),
(767, 178, 99, 'Ürünü beğendim.', '2019-01-10 14:59:54'),
(768, 181, 99, 'Ürünü beğenmedim.', '2019-01-13 00:09:35'),
(769, 77, 99, 'Ürün standart.', '2019-01-19 01:08:45'),
(770, 198, 99, 'Ürün standart.', '2019-04-23 15:02:18'),
(771, 210, 99, 'Ürünü beğenmedim.', '2019-02-25 21:24:41'),
(772, 136, 100, 'Ürünü beğendim.', '2019-03-07 16:13:03'),
(773, 27, 100, 'Ürünü beğenmedim.', '2019-05-19 15:34:28'),
(774, 3, 100, 'Ürünü beğenmedim.', '2019-05-16 09:09:24'),
(775, 33, 100, 'Ürünü beğenmedim.', '2019-03-25 09:10:09'),
(776, 230, 100, 'Ürünü hiç beğenmedim.', '2019-05-16 05:03:53'),
(777, 200, 101, 'Ürünü hiç beğenmedim.', '2019-01-17 14:08:53'),
(778, 193, 101, 'Ürünü çok beğendim.', '2019-01-26 12:48:46'),
(779, 88, 101, 'Ürünü beğenmedim.', '2019-05-22 18:39:43'),
(780, 134, 101, 'Ürünü beğendim.', '2019-04-19 10:36:43'),
(781, 214, 101, 'Ürünü beğenmedim.', '2019-02-18 08:53:14'),
(782, 25, 101, 'Ürünü beğenmedim.', '2019-03-16 13:44:43'),
(783, 46, 102, 'Ürünü beğendim.', '2019-04-29 06:42:23'),
(784, 92, 102, 'Ürünü beğenmedim.', '2019-02-05 16:22:38'),
(785, 138, 102, 'Ürünü çok beğendim.', '2019-04-18 21:26:14'),
(786, 63, 102, 'Ürünü beğendim.', '2019-03-03 14:11:06'),
(787, 127, 102, 'Ürünü hiç beğenmedim.', '2019-01-25 14:39:38'),
(788, 195, 102, 'Ürünü çok beğendim.', '2019-05-10 19:16:13'),
(789, 155, 102, 'Ürünü hiç beğenmedim.', '2019-05-09 18:43:39'),
(790, 94, 102, 'Ürün standart.', '2019-04-15 05:48:16'),
(791, 4, 102, 'Ürünü çok beğendim.', '2019-02-15 23:21:25'),
(792, 199, 102, 'Ürünü beğenmedim.', '2019-05-27 03:48:33'),
(793, 77, 103, 'Ürün standart.', '2019-01-17 17:48:32'),
(794, 216, 103, 'Ürün standart.', '2019-03-07 14:52:03'),
(795, 133, 103, 'Ürünü hiç beğenmedim.', '2019-02-20 03:09:12'),
(796, 70, 103, 'Ürünü hiç beğenmedim.', '2019-04-06 12:57:15'),
(797, 81, 103, 'Ürünü beğenmedim.', '2019-05-18 10:18:46'),
(798, 214, 103, 'Ürün standart.', '2019-05-07 05:06:48'),
(799, 149, 104, 'Ürünü beğendim.', '2019-05-08 07:52:57'),
(800, 238, 104, 'Ürünü çok beğendim.', '2019-04-23 07:10:24'),
(801, 131, 104, 'Ürünü hiç beğenmedim.', '2019-04-03 19:58:32'),
(802, 208, 104, 'Ürünü beğendim.', '2019-01-30 06:40:22'),
(803, 215, 104, 'Ürünü hiç beğenmedim.', '2019-05-01 03:53:10'),
(804, 157, 104, 'Ürünü beğendim.', '2019-05-23 08:25:35'),
(805, 5, 104, 'Ürünü beğenmedim.', '2019-03-09 07:54:03'),
(806, 108, 104, 'Ürün standart.', '2019-01-15 07:20:06'),
(807, 181, 104, 'Ürün standart.', '2019-03-29 22:02:46'),
(808, 202, 104, 'Ürünü beğendim.', '2019-01-07 00:11:54'),
(809, 76, 105, 'Ürünü çok beğendim.', '2019-02-28 22:41:01'),
(810, 103, 105, 'Ürünü çok beğendim.', '2019-01-06 09:18:48'),
(811, 135, 105, 'Ürünü beğenmedim.', '2019-05-20 08:37:17'),
(812, 107, 105, 'Ürün standart.', '2019-02-03 01:24:58'),
(813, 186, 105, 'Ürünü hiç beğenmedim.', '2019-02-20 02:26:39'),
(814, 233, 105, 'Ürünü beğenmedim.', '2019-05-01 03:17:52'),
(815, 221, 105, 'Ürünü beğendim.', '2019-04-11 16:31:37'),
(816, 49, 106, 'Ürün standart.', '2019-02-05 22:34:52'),
(817, 140, 106, 'Ürünü çok beğendim.', '2019-01-02 20:43:42'),
(818, 85, 106, 'Ürün standart.', '2019-05-14 16:31:07'),
(819, 10, 106, 'Ürünü beğenmedim.', '2019-04-14 13:06:17'),
(820, 6, 106, 'Ürünü hiç beğenmedim.', '2019-04-21 09:39:11'),
(821, 62, 106, 'Ürünü hiç beğenmedim.', '2019-04-16 13:39:22'),
(822, 14, 106, 'Ürünü beğendim.', '2019-05-17 13:41:53'),
(823, 197, 106, 'Ürünü çok beğendim.', '2019-02-05 05:09:15'),
(824, 192, 106, 'Ürünü beğendim.', '2019-04-10 20:08:01'),
(825, 43, 107, 'Ürünü hiç beğenmedim.', '2019-05-11 19:40:53'),
(826, 170, 107, 'Ürünü çok beğendim.', '2019-02-22 21:04:02'),
(827, 103, 107, 'Ürünü beğenmedim.', '2019-04-30 10:03:56'),
(828, 128, 107, 'Ürünü hiç beğenmedim.', '2019-05-10 02:56:56'),
(829, 225, 107, 'Ürünü beğenmedim.', '2019-03-19 09:17:53'),
(830, 10, 107, 'Ürünü çok beğendim.', '2019-01-28 06:19:53'),
(831, 105, 107, 'Ürünü beğenmedim.', '2019-01-04 09:38:23'),
(832, 168, 107, 'Ürünü beğendim.', '2019-01-14 12:34:04'),
(833, 32, 107, 'Ürünü hiç beğenmedim.', '2019-05-12 22:41:42'),
(834, 192, 108, 'Ürünü beğendim.', '2019-03-19 19:41:19'),
(835, 96, 108, 'Ürünü çok beğendim.', '2019-04-03 18:16:01'),
(836, 106, 108, 'Ürün standart.', '2019-02-25 21:59:59'),
(837, 175, 108, 'Ürünü çok beğendim.', '2019-04-23 09:07:01'),
(838, 43, 108, 'Ürünü hiç beğenmedim.', '2019-02-24 01:54:39'),
(839, 125, 108, 'Ürünü beğendim.', '2019-04-01 20:45:47'),
(840, 26, 108, 'Ürünü çok beğendim.', '2019-02-08 15:40:48'),
(841, 176, 109, 'Ürünü çok beğendim.', '2019-03-10 16:08:31'),
(842, 69, 109, 'Ürünü beğenmedim.', '2019-04-27 02:10:43'),
(843, 40, 109, 'Ürün standart.', '2019-03-15 08:27:13'),
(844, 188, 109, 'Ürün standart.', '2019-05-26 14:34:07'),
(845, 8, 109, 'Ürün standart.', '2019-04-18 06:51:28'),
(846, 4, 109, 'Ürünü beğendim.', '2019-05-25 14:12:53'),
(847, 192, 109, 'Ürünü hiç beğenmedim.', '2019-01-19 10:14:14'),
(848, 47, 109, 'Ürünü beğenmedim.', '2019-01-17 01:10:58'),
(849, 225, 110, 'Ürünü hiç beğenmedim.', '2019-05-09 04:52:33'),
(850, 37, 110, 'Ürün standart.', '2019-01-10 15:13:59'),
(851, 239, 110, 'Ürünü beğendim.', '2019-04-29 20:24:19'),
(852, 187, 110, 'Ürünü beğendim.', '2019-03-10 21:26:02'),
(853, 217, 110, 'Ürünü hiç beğenmedim.', '2019-03-28 19:18:01'),
(854, 148, 110, 'Ürünü çok beğendim.', '2019-05-03 18:57:23'),
(855, 182, 110, 'Ürünü beğenmedim.', '2019-05-17 20:49:27'),
(856, 151, 111, 'Ürünü hiç beğenmedim.', '2019-01-02 10:48:20'),
(857, 5, 111, 'Ürünü beğendim.', '2019-05-06 04:41:32'),
(858, 161, 111, 'Ürünü hiç beğenmedim.', '2019-01-20 01:37:53'),
(859, 120, 111, 'Ürünü beğenmedim.', '2019-02-07 02:49:05'),
(860, 215, 111, 'Ürün standart.', '2019-05-24 13:18:30'),
(861, 112, 111, 'Ürün standart.', '2019-04-16 17:09:23'),
(862, 186, 111, 'Ürünü çok beğendim.', '2019-01-01 04:55:51'),
(863, 32, 111, 'Ürünü çok beğendim.', '2019-04-25 20:17:11'),
(864, 108, 112, 'Ürünü beğenmedim.', '2019-02-16 13:21:37'),
(865, 68, 112, 'Ürünü çok beğendim.', '2019-02-21 11:18:15'),
(866, 223, 112, 'Ürünü çok beğendim.', '2019-04-19 04:06:09'),
(867, 50, 112, 'Ürün standart.', '2019-05-01 19:30:14'),
(868, 3, 112, 'Ürünü hiç beğenmedim.', '2019-03-07 07:56:17'),
(869, 22, 112, 'Ürünü beğendim.', '2019-01-03 19:12:21'),
(870, 162, 113, 'Ürünü beğendim.', '2019-02-14 16:50:05'),
(871, 97, 113, 'Ürünü çok beğendim.', '2019-03-29 04:21:11'),
(872, 151, 113, 'Ürünü beğendim.', '2019-02-21 04:33:35'),
(873, 13, 113, 'Ürünü beğenmedim.', '2019-04-16 18:27:24');
INSERT INTO `products_comment` (`c_id`, `p_id`, `u_id`, `c_content`, `c_time`) VALUES
(874, 23, 113, 'Ürün standart.', '2019-05-10 03:36:38'),
(875, 153, 113, 'Ürünü beğendim.', '2019-02-05 16:10:31'),
(876, 190, 113, 'Ürün standart.', '2019-03-04 23:07:07'),
(877, 151, 113, 'Ürünü hiç beğenmedim.', '2019-03-12 19:10:38'),
(878, 225, 113, 'Ürünü çok beğendim.', '2019-05-05 23:29:47'),
(879, 80, 114, 'Ürünü beğenmedim.', '2019-05-21 14:47:13'),
(880, 188, 114, 'Ürünü hiç beğenmedim.', '2019-04-10 00:08:58'),
(881, 57, 114, 'Ürünü çok beğendim.', '2019-05-14 20:54:46'),
(882, 2, 114, 'Ürünü beğenmedim.', '2019-01-16 11:18:45'),
(883, 118, 114, 'Ürünü beğendim.', '2019-01-11 13:35:43'),
(884, 224, 114, 'Ürün standart.', '2019-02-13 05:34:45'),
(885, 45, 114, 'Ürünü çok beğendim.', '2019-04-06 10:48:02'),
(886, 101, 114, 'Ürünü hiç beğenmedim.', '2019-05-26 19:35:45'),
(887, 220, 114, 'Ürünü hiç beğenmedim.', '2019-04-30 20:22:02'),
(888, 192, 114, 'Ürünü beğenmedim.', '2019-03-04 21:52:32'),
(889, 135, 115, 'Ürünü çok beğendim.', '2019-05-09 11:26:07'),
(890, 61, 115, 'Ürünü beğenmedim.', '2019-04-28 02:32:37'),
(891, 238, 115, 'Ürünü hiç beğenmedim.', '2019-02-10 03:29:34'),
(892, 85, 115, 'Ürünü beğendim.', '2019-04-23 20:02:56'),
(893, 151, 115, 'Ürünü beğenmedim.', '2019-02-08 11:53:15'),
(894, 138, 115, 'Ürün standart.', '2019-01-13 23:53:42'),
(895, 44, 115, 'Ürünü beğendim.', '2019-04-13 16:47:21'),
(896, 94, 115, 'Ürünü çok beğendim.', '2019-03-29 11:31:03'),
(897, 209, 115, 'Ürünü hiç beğenmedim.', '2019-01-24 08:45:10'),
(898, 83, 116, 'Ürün standart.', '2019-04-30 10:51:50'),
(899, 38, 116, 'Ürünü hiç beğenmedim.', '2019-03-26 04:37:49'),
(900, 230, 116, 'Ürünü hiç beğenmedim.', '2019-04-29 14:17:26'),
(901, 105, 116, 'Ürün standart.', '2019-01-09 15:09:04'),
(902, 88, 116, 'Ürün standart.', '2019-01-16 04:10:23'),
(903, 88, 116, 'Ürün standart.', '2019-03-23 20:50:56'),
(904, 156, 116, 'Ürünü çok beğendim.', '2019-01-14 13:47:13'),
(905, 188, 116, 'Ürünü beğendim.', '2019-02-19 06:38:40'),
(906, 99, 116, 'Ürünü hiç beğenmedim.', '2019-05-13 05:02:11'),
(907, 229, 117, 'Ürünü beğendim.', '2019-03-21 10:45:13'),
(908, 46, 117, 'Ürünü çok beğendim.', '2019-04-22 05:03:59'),
(909, 9, 117, 'Ürünü beğenmedim.', '2019-04-03 17:20:12'),
(910, 234, 117, 'Ürünü çok beğendim.', '2019-04-25 04:09:34'),
(911, 111, 117, 'Ürünü çok beğendim.', '2019-05-21 02:15:34'),
(912, 175, 118, 'Ürünü hiç beğenmedim.', '2019-02-13 21:29:49'),
(913, 138, 118, 'Ürünü çok beğendim.', '2019-03-16 22:49:23'),
(914, 181, 118, 'Ürünü beğendim.', '2019-01-03 04:46:24'),
(915, 28, 118, 'Ürünü hiç beğenmedim.', '2019-05-16 15:38:30'),
(916, 199, 118, 'Ürünü çok beğendim.', '2019-04-25 11:05:21'),
(917, 46, 118, 'Ürünü beğendim.', '2019-02-11 10:12:26'),
(919, 215, 118, 'Ürünü hiç beğenmedim.', '2019-04-06 18:35:59'),
(920, 27, 119, 'Ürünü çok beğendim.', '2019-05-07 04:46:58'),
(921, 6, 119, 'Ürünü beğenmedim.', '2019-05-17 05:19:37'),
(922, 103, 119, 'Ürünü hiç beğenmedim.', '2019-01-11 03:04:04'),
(923, 150, 119, 'Ürünü hiç beğenmedim.', '2019-01-18 01:50:13'),
(924, 89, 119, 'Ürünü beğenmedim.', '2019-04-09 13:01:27'),
(925, 130, 120, 'Ürün standart.', '2019-03-01 01:09:15'),
(926, 99, 120, 'Ürünü beğenmedim.', '2019-01-27 13:30:29'),
(927, 157, 120, 'Ürün standart.', '2019-05-08 15:15:25'),
(928, 43, 120, 'Ürünü beğenmedim.', '2019-05-23 21:11:53'),
(929, 174, 120, 'Ürünü hiç beğenmedim.', '2019-03-24 07:03:21'),
(930, 153, 120, 'Ürünü çok beğendim.', '2019-02-23 15:07:27'),
(931, 144, 120, 'Ürünü beğenmedim.', '2019-03-23 14:01:25'),
(932, 93, 120, 'Ürünü çok beğendim.', '2019-03-16 22:37:47'),
(933, 79, 121, 'Ürün standart.', '2019-04-02 18:58:28'),
(934, 52, 121, 'Ürünü beğendim.', '2019-02-12 19:58:09'),
(935, 85, 121, 'Ürünü beğendim.', '2019-05-26 13:51:34'),
(936, 204, 121, 'Ürünü çok beğendim.', '2019-05-11 21:11:06'),
(937, 187, 121, 'Ürünü beğendim.', '2019-05-17 20:25:44'),
(938, 225, 121, 'Ürün standart.', '2019-02-17 03:42:18'),
(939, 139, 121, 'Ürünü beğendim.', '2019-02-10 14:01:43'),
(940, 47, 121, 'Ürün standart.', '2019-01-04 12:14:17'),
(941, 53, 122, 'Ürünü çok beğendim.', '2019-05-19 08:20:44'),
(942, 229, 122, 'Ürünü beğendim.', '2019-02-18 23:23:08'),
(943, 38, 122, 'Ürün standart.', '2019-03-26 06:11:13'),
(944, 18, 122, 'Ürün standart.', '2019-03-21 00:34:19'),
(945, 130, 122, 'Ürünü beğendim.', '2019-04-29 15:12:34'),
(946, 178, 122, 'Ürünü beğenmedim.', '2019-02-14 09:36:21'),
(947, 191, 123, 'Ürünü beğenmedim.', '2019-05-01 18:36:54'),
(948, 21, 123, 'Ürün standart.', '2019-01-22 01:34:39'),
(949, 44, 123, 'Ürünü beğendim.', '2019-02-20 13:58:49'),
(950, 113, 123, 'Ürünü beğendim.', '2019-01-12 19:28:12'),
(951, 133, 123, 'Ürünü hiç beğenmedim.', '2019-03-24 13:58:07'),
(952, 2, 123, 'Ürünü çok beğendim.', '2019-03-10 22:04:18'),
(953, 30, 123, 'Ürünü beğenmedim.', '2019-05-13 10:08:34'),
(954, 160, 123, 'Ürünü beğenmedim.', '2019-05-07 04:34:23'),
(955, 147, 123, 'Ürünü çok beğendim.', '2019-02-19 20:31:42'),
(956, 220, 123, 'Ürün standart.', '2019-03-05 08:24:41'),
(957, 151, 124, 'Ürünü beğendim.', '2019-01-21 03:37:27'),
(958, 123, 124, 'Ürünü beğendim.', '2019-02-11 00:59:07'),
(959, 190, 124, 'Ürün standart.', '2019-03-15 03:58:59'),
(960, 196, 124, 'Ürünü beğenmedim.', '2019-04-06 11:26:48'),
(961, 63, 124, 'Ürün standart.', '2019-05-10 15:44:33'),
(962, 218, 124, 'Ürünü beğendim.', '2019-04-19 06:20:07'),
(963, 172, 125, 'Ürünü çok beğendim.', '2019-02-27 14:32:51'),
(964, 7, 125, 'Ürünü çok beğendim.', '2019-05-03 01:29:08'),
(965, 111, 125, 'Ürünü beğenmedim.', '2019-03-17 19:04:23'),
(966, 32, 125, 'Ürün standart.', '2019-05-10 09:41:36'),
(967, 26, 125, 'Ürünü beğenmedim.', '2019-03-22 19:55:37'),
(968, 45, 125, 'Ürün standart.', '2019-04-30 08:25:36'),
(969, 150, 125, 'Ürün standart.', '2019-02-05 00:25:08'),
(970, 162, 126, 'Ürün standart.', '2019-04-12 08:39:18'),
(971, 229, 126, 'Ürün standart.', '2019-03-16 19:23:09'),
(972, 163, 126, 'Ürünü beğendim.', '2019-05-11 00:34:42'),
(973, 58, 126, 'Ürünü beğendim.', '2019-01-01 09:01:22'),
(974, 214, 126, 'Ürünü beğendim.', '2019-02-02 15:19:26'),
(975, 112, 126, 'Ürünü beğendim.', '2019-01-07 06:36:45'),
(976, 38, 126, 'Ürünü beğenmedim.', '2019-02-14 06:46:25'),
(977, 56, 126, 'Ürünü beğenmedim.', '2019-01-25 06:18:11'),
(978, 196, 126, 'Ürünü beğenmedim.', '2019-03-08 05:16:42'),
(979, 150, 126, 'Ürünü beğendim.', '2019-04-10 04:48:17'),
(980, 79, 127, 'Ürünü beğenmedim.', '2019-04-21 21:23:12'),
(981, 140, 127, 'Ürünü beğenmedim.', '2019-03-25 13:14:10'),
(982, 20, 127, 'Ürünü hiç beğenmedim.', '2019-03-09 13:37:21'),
(983, 30, 127, 'Ürünü hiç beğenmedim.', '2019-01-23 06:43:07'),
(984, 111, 127, 'Ürünü hiç beğenmedim.', '2019-03-10 01:14:59'),
(985, 20, 127, 'Ürünü çok beğendim.', '2019-01-21 12:19:25'),
(986, 223, 127, 'Ürünü çok beğendim.', '2019-05-27 14:56:05'),
(987, 163, 127, 'Ürünü hiç beğenmedim.', '2019-03-01 12:34:04'),
(988, 111, 127, 'Ürünü beğenmedim.', '2019-04-26 12:41:19'),
(989, 87, 128, 'Ürün standart.', '2019-04-21 02:29:31'),
(990, 119, 128, 'Ürünü hiç beğenmedim.', '2019-01-22 20:21:06'),
(991, 102, 128, 'Ürünü hiç beğenmedim.', '2019-01-02 13:05:28'),
(992, 223, 128, 'Ürünü çok beğendim.', '2019-04-12 10:34:07'),
(993, 152, 128, 'Ürünü beğendim.', '2019-01-17 12:14:34'),
(994, 179, 128, 'Ürünü beğenmedim.', '2019-04-11 06:26:09'),
(995, 199, 128, 'Ürünü hiç beğenmedim.', '2019-05-10 12:26:11'),
(996, 129, 128, 'Ürünü çok beğendim.', '2019-03-17 13:14:50'),
(997, 224, 129, 'Ürünü beğenmedim.', '2019-02-13 17:30:10'),
(998, 224, 129, 'Ürünü hiç beğenmedim.', '2019-05-05 07:16:26'),
(999, 41, 129, 'Ürünü çok beğendim.', '2019-01-26 22:22:34'),
(1000, 31, 129, 'Ürünü beğenmedim.', '2019-05-11 03:31:29'),
(1001, 61, 129, 'Ürünü hiç beğenmedim.', '2019-05-03 00:47:24'),
(1002, 170, 129, 'Ürünü çok beğendim.', '2019-03-02 23:28:41'),
(1003, 34, 129, 'Ürünü çok beğendim.', '2019-04-03 22:07:26'),
(1004, 51, 130, 'Ürünü beğenmedim.', '2019-02-17 20:46:31'),
(1005, 215, 130, 'Ürün standart.', '2019-01-22 06:04:52'),
(1006, 17, 130, 'Ürünü beğendim.', '2019-03-12 16:07:07'),
(1007, 1, 130, 'Ürün standart.', '2019-03-30 02:23:09'),
(1008, 197, 130, 'Ürünü çok beğendim.', '2019-03-02 22:50:53'),
(1009, 59, 130, 'Ürünü çok beğendim.', '2019-02-03 18:45:40'),
(1010, 77, 130, 'Ürünü beğendim.', '2019-01-28 10:48:26'),
(1011, 27, 131, 'Ürünü çok beğendim.', '2019-02-01 12:24:33'),
(1012, 158, 131, 'Ürünü çok beğendim.', '2019-03-18 02:04:06'),
(1013, 149, 131, 'Ürün standart.', '2019-04-12 09:52:23'),
(1014, 181, 131, 'Ürünü hiç beğenmedim.', '2019-01-02 16:38:52'),
(1015, 12, 131, 'Ürünü hiç beğenmedim.', '2019-03-04 19:51:58'),
(1016, 107, 131, 'Ürünü çok beğendim.', '2019-04-06 13:17:05'),
(1017, 19, 132, 'Ürünü beğendim.', '2019-05-09 12:52:07'),
(1018, 163, 132, 'Ürünü hiç beğenmedim.', '2019-03-19 09:12:09'),
(1019, 104, 132, 'Ürünü çok beğendim.', '2019-04-24 01:01:17'),
(1020, 161, 132, 'Ürün standart.', '2019-01-14 01:50:19'),
(1021, 21, 132, 'Ürünü beğenmedim.', '2019-01-02 21:43:27'),
(1022, 109, 132, 'Ürünü çok beğendim.', '2019-01-30 02:35:28'),
(1023, 94, 132, 'Ürünü çok beğendim.', '2019-03-01 20:33:48'),
(1024, 27, 132, 'Ürünü hiç beğenmedim.', '2019-01-15 18:35:47'),
(1025, 42, 133, 'Ürünü beğenmedim.', '2019-04-14 23:52:29'),
(1026, 46, 133, 'Ürünü çok beğendim.', '2019-01-29 16:24:33'),
(1027, 63, 133, 'Ürünü çok beğendim.', '2019-03-08 06:42:23'),
(1028, 44, 133, 'Ürünü hiç beğenmedim.', '2019-04-26 10:51:56'),
(1029, 52, 133, 'Ürünü çok beğendim.', '2019-05-18 12:20:49'),
(1030, 202, 133, 'Ürün standart.', '2019-01-27 15:43:39'),
(1031, 225, 134, 'Ürünü beğenmedim.', '2019-03-13 22:12:22'),
(1032, 151, 134, 'Ürünü hiç beğenmedim.', '2019-02-21 07:30:45'),
(1033, 218, 134, 'Ürün standart.', '2019-02-10 22:32:33'),
(1034, 7, 134, 'Ürün standart.', '2019-04-19 22:09:26'),
(1035, 197, 134, 'Ürün standart.', '2019-04-02 22:14:36'),
(1036, 115, 134, 'Ürünü beğendim.', '2019-01-18 01:51:42'),
(1037, 66, 134, 'Ürünü hiç beğenmedim.', '2019-05-22 00:28:15'),
(1038, 79, 134, 'Ürünü hiç beğenmedim.', '2019-02-17 02:47:10'),
(1039, 88, 135, 'Ürün standart.', '2019-05-04 19:33:26'),
(1040, 130, 135, 'Ürünü beğendim.', '2019-02-17 22:47:45'),
(1041, 34, 135, 'Ürünü hiç beğenmedim.', '2019-02-22 03:36:02'),
(1042, 176, 135, 'Ürünü beğenmedim.', '2019-01-14 00:13:32'),
(1043, 148, 135, 'Ürünü hiç beğenmedim.', '2019-04-03 17:21:41'),
(1044, 132, 135, 'Ürünü çok beğendim.', '2019-05-10 15:37:23'),
(1045, 124, 135, 'Ürünü hiç beğenmedim.', '2019-04-09 03:53:29'),
(1046, 89, 136, 'Ürünü hiç beğenmedim.', '2019-01-22 04:32:46'),
(1047, 133, 136, 'Ürün standart.', '2019-05-24 06:22:43'),
(1048, 123, 136, 'Ürünü çok beğendim.', '2019-03-28 10:12:32'),
(1049, 239, 136, 'Ürünü çok beğendim.', '2019-04-09 08:48:41'),
(1050, 84, 136, 'Ürün standart.', '2019-02-05 13:20:35'),
(1051, 60, 136, 'Ürünü çok beğendim.', '2019-03-29 11:48:23'),
(1052, 114, 136, 'Ürünü hiç beğenmedim.', '2019-01-27 22:51:41'),
(1053, 212, 137, 'Ürünü çok beğendim.', '2019-02-27 14:20:16'),
(1054, 110, 137, 'Ürünü hiç beğenmedim.', '2019-02-03 16:42:13'),
(1055, 188, 137, 'Ürün standart.', '2019-05-10 00:24:01'),
(1056, 232, 137, 'Ürünü beğendim.', '2019-05-12 11:28:49'),
(1057, 21, 137, 'Ürünü hiç beğenmedim.', '2019-01-24 06:54:18'),
(1058, 223, 137, 'Ürünü beğendim.', '2019-04-13 10:15:21'),
(1059, 182, 137, 'Ürünü beğenmedim.', '2019-05-13 22:21:27'),
(1060, 15, 137, 'Ürünü hiç beğenmedim.', '2019-01-02 17:21:24'),
(1061, 43, 138, 'Ürün standart.', '2019-02-09 04:32:22'),
(1062, 204, 138, 'Ürünü beğendim.', '2019-05-14 07:04:14'),
(1063, 118, 138, 'Ürünü beğenmedim.', '2019-04-11 19:23:03'),
(1064, 83, 138, 'Ürünü beğenmedim.', '2019-02-27 20:21:24'),
(1065, 61, 138, 'Ürünü hiç beğenmedim.', '2019-03-01 17:40:34'),
(1066, 94, 138, 'Ürünü hiç beğenmedim.', '2019-02-03 07:43:34'),
(1067, 39, 139, 'Ürünü beğenmedim.', '2019-03-13 18:43:38'),
(1068, 154, 139, 'Ürünü çok beğendim.', '2019-01-15 16:49:16'),
(1069, 102, 139, 'Ürünü hiç beğenmedim.', '2019-03-09 15:16:30'),
(1070, 215, 139, 'Ürünü beğendim.', '2019-02-19 20:20:35'),
(1071, 161, 139, 'Ürünü beğendim.', '2019-01-20 10:06:34'),
(1072, 23, 140, 'Ürünü hiç beğenmedim.', '2019-05-08 12:12:15'),
(1073, 115, 140, 'Ürünü çok beğendim.', '2019-02-22 09:49:16'),
(1074, 233, 140, 'Ürün standart.', '2019-03-26 22:30:01'),
(1075, 107, 140, 'Ürünü çok beğendim.', '2019-01-16 19:41:42'),
(1076, 87, 140, 'Ürünü çok beğendim.', '2019-03-30 14:03:02'),
(1077, 127, 140, 'Ürünü beğendim.', '2019-04-19 17:17:27'),
(1078, 84, 141, 'Ürünü hiç beğenmedim.', '2019-03-07 01:18:03'),
(1079, 91, 141, 'Ürün standart.', '2019-05-26 14:15:21'),
(1080, 189, 141, 'Ürünü çok beğendim.', '2019-03-17 15:59:22'),
(1081, 22, 141, 'Ürünü çok beğendim.', '2019-02-19 01:07:09'),
(1082, 5, 141, 'Ürün standart.', '2019-03-16 03:20:24'),
(1083, 66, 141, 'Ürünü beğenmedim.', '2019-02-15 19:59:22'),
(1084, 64, 141, 'Ürünü beğenmedim.', '2019-02-09 05:45:26'),
(1085, 213, 141, 'Ürünü hiç beğenmedim.', '2019-03-01 04:19:57'),
(1086, 60, 141, 'Ürünü hiç beğenmedim.', '2019-01-03 15:41:19'),
(1087, 99, 141, 'Ürün standart.', '2019-05-02 01:37:07'),
(1088, 165, 142, 'Ürünü çok beğendim.', '2019-01-08 13:14:15'),
(1089, 27, 142, 'Ürünü beğendim.', '2019-03-15 11:19:57'),
(1090, 48, 142, 'Ürün standart.', '2019-04-24 13:57:31'),
(1091, 220, 142, 'Ürünü beğenmedim.', '2019-01-04 10:22:24'),
(1092, 139, 142, 'Ürün standart.', '2019-01-04 08:43:15'),
(1093, 139, 142, 'Ürünü beğenmedim.', '2019-04-09 17:07:46'),
(1094, 100, 143, 'Ürünü hiç beğenmedim.', '2019-05-26 09:16:12'),
(1095, 69, 143, 'Ürünü çok beğendim.', '2019-05-18 13:57:36'),
(1096, 237, 143, 'Ürünü beğenmedim.', '2019-03-28 19:05:25'),
(1097, 181, 143, 'Ürünü çok beğendim.', '2019-03-03 08:10:27'),
(1098, 187, 143, 'Ürünü hiç beğenmedim.', '2019-01-13 01:10:05'),
(1099, 29, 144, 'Ürünü beğendim.', '2019-02-05 12:35:33'),
(1100, 20, 144, 'Ürünü beğendim.', '2019-03-09 15:40:13'),
(1101, 234, 144, 'Ürünü beğenmedim.', '2019-01-04 04:26:38'),
(1102, 95, 144, 'Ürünü hiç beğenmedim.', '2019-04-17 00:45:24'),
(1103, 64, 144, 'Ürünü beğendim.', '2019-02-16 21:01:36'),
(1104, 149, 144, 'Ürünü çok beğendim.', '2019-03-08 02:19:36'),
(1105, 79, 144, 'Ürünü çok beğendim.', '2019-01-04 12:25:23'),
(1106, 204, 144, 'Ürün standart.', '2019-02-06 06:39:51'),
(1107, 1, 144, 'Ürünü beğenmedim.', '2019-02-10 18:24:35'),
(1108, 164, 144, 'Ürünü beğenmedim.', '2019-03-14 22:21:04'),
(1109, 79, 145, 'Ürünü beğenmedim.', '2019-03-09 05:03:18'),
(1110, 158, 145, 'Ürünü hiç beğenmedim.', '2019-02-19 07:56:41'),
(1111, 183, 145, 'Ürünü hiç beğenmedim.', '2019-01-14 18:30:50'),
(1112, 87, 145, 'Ürünü beğendim.', '2019-01-01 06:39:33'),
(1113, 39, 145, 'Ürünü beğenmedim.', '2019-05-10 15:48:29'),
(1114, 139, 145, 'Ürünü beğenmedim.', '2019-01-24 01:13:36'),
(1115, 119, 145, 'Ürünü beğenmedim.', '2019-01-11 23:32:14'),
(1116, 7, 145, 'Ürünü hiç beğenmedim.', '2019-05-13 21:32:34'),
(1117, 146, 146, 'Ürünü çok beğendim.', '2019-03-17 15:40:31'),
(1118, 54, 146, 'Ürünü beğenmedim.', '2019-05-09 07:18:05'),
(1119, 122, 146, 'Ürünü çok beğendim.', '2019-01-03 23:14:05'),
(1120, 199, 146, 'Ürünü beğenmedim.', '2019-04-30 00:51:03'),
(1121, 39, 146, 'Ürün standart.', '2019-05-16 12:06:31'),
(1122, 192, 146, 'Ürünü hiç beğenmedim.', '2019-01-01 02:34:03'),
(1123, 5, 147, 'Ürün standart.', '2019-02-04 20:46:14'),
(1124, 28, 147, 'Ürünü beğendim.', '2019-02-02 08:57:28'),
(1125, 218, 147, 'Ürünü beğendim.', '2019-05-18 03:04:03'),
(1126, 98, 147, 'Ürünü hiç beğenmedim.', '2019-03-09 19:20:31'),
(1127, 203, 147, 'Ürünü çok beğendim.', '2019-05-09 04:54:03'),
(1128, 169, 148, 'Ürünü hiç beğenmedim.', '2019-01-26 02:41:48'),
(1129, 172, 148, 'Ürünü hiç beğenmedim.', '2019-03-14 21:03:14'),
(1130, 11, 148, 'Ürünü beğenmedim.', '2019-02-19 03:28:57'),
(1131, 161, 148, 'Ürünü çok beğendim.', '2019-05-07 03:50:21'),
(1132, 48, 148, 'Ürünü beğendim.', '2019-02-28 00:23:31'),
(1133, 133, 148, 'Ürünü çok beğendim.', '2019-03-10 13:59:38'),
(1134, 184, 148, 'Ürünü çok beğendim.', '2019-04-11 13:04:34'),
(1135, 120, 149, 'Ürünü çok beğendim.', '2019-02-25 05:18:30'),
(1136, 86, 149, 'Ürünü çok beğendim.', '2019-02-13 06:52:35'),
(1137, 150, 149, 'Ürünü hiç beğenmedim.', '2019-04-26 12:23:22'),
(1138, 158, 149, 'Ürünü beğendim.', '2019-03-10 23:41:05'),
(1139, 187, 149, 'Ürünü beğenmedim.', '2019-02-16 14:29:21'),
(1140, 9, 149, 'Ürünü beğendim.', '2019-01-26 14:32:28'),
(1141, 223, 149, 'Ürün standart.', '2019-01-11 13:11:02'),
(1142, 49, 149, 'Ürün standart.', '2019-03-27 22:27:42'),
(1143, 132, 149, 'Ürün standart.', '2019-01-10 20:09:13'),
(1144, 139, 150, 'Ürünü beğendim.', '2019-05-11 06:12:08'),
(1145, 21, 150, 'Ürünü beğenmedim.', '2019-02-14 02:52:41'),
(1146, 139, 150, 'Ürün standart.', '2019-01-28 08:57:10'),
(1147, 39, 150, 'Ürünü hiç beğenmedim.', '2019-03-21 00:28:57'),
(1148, 63, 150, 'Ürünü beğenmedim.', '2019-05-15 22:12:04'),
(1149, 97, 150, 'Ürünü beğendim.', '2019-02-13 22:24:57'),
(1150, 230, 150, 'Ürün standart.', '2019-04-22 16:17:40'),
(1151, 34, 151, 'Ürün standart.', '2019-05-16 17:12:54'),
(1152, 13, 151, 'Ürünü beğenmedim.', '2019-04-17 20:22:13'),
(1153, 42, 151, 'Ürünü beğenmedim.', '2019-05-01 10:15:56'),
(1154, 76, 151, 'Ürün standart.', '2019-05-03 23:02:57'),
(1155, 8, 151, 'Ürünü hiç beğenmedim.', '2019-02-15 02:32:55'),
(1156, 79, 151, 'Ürünü beğenmedim.', '2019-05-24 17:05:04'),
(1157, 105, 151, 'Ürünü beğenmedim.', '2019-01-12 10:24:13'),
(1158, 134, 151, 'Ürünü çok beğendim.', '2019-02-16 15:18:14'),
(1159, 145, 151, 'Ürünü çok beğendim.', '2019-04-12 16:13:21'),
(1160, 233, 151, 'Ürün standart.', '2019-02-20 18:10:34'),
(1161, 207, 152, 'Ürünü hiç beğenmedim.', '2019-02-09 06:17:52'),
(1162, 120, 152, 'Ürünü beğendim.', '2019-01-21 15:40:13'),
(1163, 82, 152, 'Ürünü beğendim.', '2019-02-22 14:27:02'),
(1164, 99, 152, 'Ürünü beğenmedim.', '2019-03-14 17:58:12'),
(1165, 141, 152, 'Ürün standart.', '2019-05-25 19:54:31'),
(1166, 80, 152, 'Ürünü beğendim.', '2019-05-01 10:14:08'),
(1167, 86, 153, 'Ürünü çok beğendim.', '2019-01-14 11:57:17'),
(1168, 135, 153, 'Ürünü beğenmedim.', '2019-03-13 19:20:56'),
(1169, 175, 153, 'Ürünü hiç beğenmedim.', '2019-05-11 16:02:33'),
(1170, 217, 153, 'Ürünü çok beğendim.', '2019-05-11 01:36:41'),
(1171, 144, 153, 'Ürün standart.', '2019-02-02 07:56:58'),
(1172, 131, 153, 'Ürünü beğendim.', '2019-05-03 16:36:15'),
(1173, 106, 153, 'Ürün standart.', '2019-04-23 19:42:37'),
(1174, 103, 154, 'Ürünü beğenmedim.', '2019-01-01 22:51:07'),
(1175, 71, 154, 'Ürünü hiç beğenmedim.', '2019-05-15 18:09:27'),
(1176, 126, 154, 'Ürünü beğenmedim.', '2019-01-19 15:36:06'),
(1177, 52, 154, 'Ürünü çok beğendim.', '2019-04-28 10:18:46'),
(1178, 191, 154, 'Ürünü çok beğendim.', '2019-02-28 00:35:07'),
(1179, 192, 154, 'Ürünü çok beğendim.', '2019-01-09 22:46:33'),
(1180, 142, 154, 'Ürünü beğenmedim.', '2019-02-17 08:43:56'),
(1181, 34, 154, 'Ürünü beğenmedim.', '2019-01-22 03:30:17'),
(1182, 180, 154, 'Ürün standart.', '2019-04-10 19:54:55'),
(1183, 198, 155, 'Ürünü beğendim.', '2019-04-13 09:33:37'),
(1184, 5, 155, 'Ürünü çok beğendim.', '2019-05-01 01:45:45'),
(1185, 157, 155, 'Ürünü hiç beğenmedim.', '2019-05-23 06:47:15'),
(1186, 180, 155, 'Ürünü hiç beğenmedim.', '2019-01-04 05:23:15'),
(1187, 127, 155, 'Ürünü beğenmedim.', '2019-02-08 05:41:30'),
(1188, 47, 155, 'Ürün standart.', '2019-05-16 11:05:02'),
(1189, 160, 155, 'Ürün standart.', '2019-01-15 14:06:15'),
(1190, 79, 155, 'Ürün standart.', '2019-03-18 19:08:19'),
(1191, 189, 155, 'Ürün standart.', '2019-03-24 01:54:32'),
(1193, 151, 156, 'Ürünü hiç beğenmedim.', '2019-04-10 20:31:42'),
(1194, 134, 156, 'Ürünü beğenmedim.', '2019-01-13 13:54:23'),
(1195, 232, 156, 'Ürünü hiç beğenmedim.', '2019-01-20 11:43:51'),
(1196, 78, 156, 'Ürünü beğendim.', '2019-04-16 23:26:34'),
(1197, 102, 156, 'Ürün standart.', '2019-01-27 19:26:16'),
(1198, 44, 156, 'Ürünü çok beğendim.', '2019-01-25 22:12:16'),
(1199, 82, 156, 'Ürünü hiç beğenmedim.', '2019-02-18 17:17:04'),
(1200, 67, 157, 'Ürün standart.', '2019-05-13 13:59:55'),
(1201, 185, 157, 'Ürünü hiç beğenmedim.', '2019-05-09 16:39:40'),
(1202, 93, 157, 'Ürün standart.', '2019-04-15 02:26:57'),
(1203, 198, 157, 'Ürünü çok beğendim.', '2019-04-09 12:23:39'),
(1204, 122, 157, 'Ürünü beğendim.', '2018-12-31 21:46:29'),
(1205, 77, 157, 'Ürünü hiç beğenmedim.', '2019-05-07 03:32:24'),
(1206, 232, 158, 'Ürünü beğendim.', '2019-01-16 21:35:06'),
(1207, 184, 158, 'Ürünü hiç beğenmedim.', '2019-05-03 07:08:52'),
(1208, 200, 158, 'Ürünü çok beğendim.', '2019-03-05 14:32:34'),
(1209, 167, 158, 'Ürünü beğendim.', '2019-04-23 09:54:25'),
(1210, 173, 158, 'Ürün standart.', '2019-04-24 15:07:43'),
(1211, 211, 158, 'Ürünü hiç beğenmedim.', '2019-01-25 01:06:26'),
(1212, 114, 158, 'Ürün standart.', '2019-02-11 17:27:03'),
(1213, 235, 159, 'Ürün standart.', '2019-01-13 03:07:11'),
(1214, 53, 159, 'Ürünü çok beğendim.', '2019-04-11 05:59:28'),
(1215, 187, 159, 'Ürün standart.', '2019-05-23 06:23:32'),
(1216, 160, 159, 'Ürün standart.', '2019-02-18 22:17:13'),
(1217, 29, 159, 'Ürünü çok beğendim.', '2019-04-11 15:02:41'),
(1218, 81, 159, 'Ürün standart.', '2019-04-30 22:41:25'),
(1219, 55, 159, 'Ürün standart.', '2019-04-28 21:36:54'),
(1220, 45, 159, 'Ürünü çok beğendim.', '2019-01-11 06:13:56'),
(1221, 196, 159, 'Ürünü beğendim.', '2019-02-04 14:56:22'),
(1222, 166, 159, 'Ürünü beğendim.', '2019-05-27 15:11:09'),
(1223, 100, 160, 'Ürünü çok beğendim.', '2019-01-17 09:50:46'),
(1224, 50, 160, 'Ürünü çok beğendim.', '2019-01-18 07:58:35'),
(1225, 204, 160, 'Ürünü hiç beğenmedim.', '2019-02-27 06:45:13'),
(1226, 195, 160, 'Ürünü hiç beğenmedim.', '2019-04-30 17:54:47'),
(1227, 216, 160, 'Ürünü beğenmedim.', '2019-03-14 17:40:51'),
(1228, 209, 161, 'Ürünü çok beğendim.', '2019-05-21 05:48:58'),
(1229, 32, 161, 'Ürünü çok beğendim.', '2019-01-05 07:46:42'),
(1230, 37, 161, 'Ürünü beğendim.', '2019-01-05 23:52:53'),
(1231, 106, 161, 'Ürünü hiç beğenmedim.', '2019-02-01 09:13:22'),
(1232, 175, 161, 'Ürünü beğendim.', '2019-03-26 12:24:27'),
(1233, 161, 162, 'Ürünü çok beğendim.', '2019-05-02 23:51:47'),
(1234, 151, 162, 'Ürünü çok beğendim.', '2019-01-12 17:32:35'),
(1235, 51, 162, 'Ürünü hiç beğenmedim.', '2019-01-03 08:03:01'),
(1236, 218, 162, 'Ürün standart.', '2019-05-09 08:59:52'),
(1237, 197, 162, 'Ürünü çok beğendim.', '2019-03-07 22:20:55'),
(1238, 89, 162, 'Ürün standart.', '2019-03-22 21:51:26'),
(1239, 23, 162, 'Ürünü çok beğendim.', '2019-05-10 01:14:01'),
(1240, 85, 162, 'Ürünü beğenmedim.', '2019-01-04 06:17:34'),
(1241, 29, 162, 'Ürünü hiç beğenmedim.', '2019-04-22 11:05:07'),
(1242, 1, 163, 'Ürün standart.', '2019-04-01 17:18:33'),
(1243, 152, 163, 'Ürünü beğendim.', '2019-01-18 11:28:08'),
(1244, 221, 163, 'Ürünü beğenmedim.', '2019-03-23 10:30:23'),
(1245, 97, 163, 'Ürünü beğenmedim.', '2019-02-04 07:24:48'),
(1246, 22, 163, 'Ürünü hiç beğenmedim.', '2019-02-12 04:51:32'),
(1247, 51, 163, 'Ürünü çok beğendim.', '2019-03-06 02:45:32'),
(1248, 233, 163, 'Ürünü hiç beğenmedim.', '2019-05-05 08:23:40'),
(1249, 69, 163, 'Ürünü hiç beğenmedim.', '2019-04-17 14:10:58'),
(1250, 130, 163, 'Ürünü çok beğendim.', '2019-03-18 12:58:28'),
(1251, 107, 164, 'Ürünü beğenmedim.', '2019-04-20 21:42:57'),
(1252, 98, 164, 'Ürünü beğendim.', '2019-04-26 03:07:16'),
(1253, 168, 164, 'Ürünü hiç beğenmedim.', '2019-05-16 03:41:06'),
(1254, 85, 164, 'Ürünü beğendim.', '2019-04-26 13:37:56'),
(1255, 56, 164, 'Ürün standart.', '2019-01-12 07:25:37'),
(1256, 192, 164, 'Ürünü hiç beğenmedim.', '2019-04-23 11:26:31'),
(1257, 210, 164, 'Ürün standart.', '2019-03-09 01:51:07'),
(1258, 66, 165, 'Ürünü çok beğendim.', '2019-01-27 17:17:03'),
(1259, 140, 165, 'Ürünü hiç beğenmedim.', '2019-02-05 08:29:14'),
(1260, 6, 206, 'Ürünü çok beğendim.', '2019-01-11 08:33:16'),
(1261, 12, 166, 'Ürünü beğendim.', '2019-03-10 03:59:31'),
(1262, 12, 166, 'Ürünü hiç beğenmedim.', '2019-01-28 20:55:24'),
(1263, 92, 166, 'Ürünü hiç beğenmedim.', '2019-04-10 10:01:03'),
(1264, 165, 166, 'Ürün standart.', '2019-05-17 09:12:51'),
(1265, 197, 166, 'Ürünü hiç beğenmedim.', '2019-01-22 14:55:16'),
(1266, 62, 167, 'Ürün standart.', '2019-02-20 05:59:04'),
(1267, 192, 167, 'Ürünü beğendim.', '2019-04-23 13:34:44'),
(1268, 28, 167, 'Ürün standart.', '2019-03-30 16:34:08'),
(1270, 25, 167, 'Ürün standart.', '2019-03-04 03:02:50'),
(1271, 133, 167, 'Ürünü beğenmedim.', '2019-03-09 17:29:39'),
(1272, 195, 167, 'Ürün standart.', '2019-05-21 04:17:33'),
(1273, 212, 167, 'Ürünü çok beğendim.', '2019-03-15 20:25:26'),
(1274, 190, 168, 'Ürünü hiç beğenmedim.', '2019-01-17 23:07:12'),
(1275, 192, 168, 'Ürünü beğenmedim.', '2019-04-19 17:51:16'),
(1276, 232, 168, 'Ürünü beğendim.', '2019-04-07 06:43:12'),
(1277, 58, 168, 'Ürünü beğendim.', '2019-03-16 23:56:37'),
(1278, 69, 168, 'Ürünü beğenmedim.', '2019-04-22 20:33:48'),
(1279, 58, 168, 'Ürünü beğenmedim.', '2019-04-23 23:05:28'),
(1280, 111, 168, 'Ürün standart.', '2019-03-14 07:59:53'),
(1281, 8, 169, 'Ürünü beğendim.', '2019-02-05 15:51:01'),
(1282, 197, 169, 'Ürünü beğenmedim.', '2019-01-18 22:10:39'),
(1283, 135, 169, 'Ürünü beğendim.', '2019-01-15 22:37:23'),
(1284, 209, 169, 'Ürünü beğendim.', '2019-05-08 06:40:22'),
(1285, 233, 169, 'Ürünü çok beğendim.', '2019-01-21 22:23:28'),
(1286, 100, 169, 'Ürünü beğendim.', '2019-01-27 00:19:11'),
(1287, 146, 170, 'Ürünü beğendim.', '2019-02-03 08:27:36'),
(1288, 133, 170, 'Ürünü beğenmedim.', '2019-03-04 15:52:49'),
(1289, 85, 170, 'Ürünü çok beğendim.', '2019-05-09 11:15:20'),
(1290, 63, 170, 'Ürünü çok beğendim.', '2019-01-18 05:50:23'),
(1291, 184, 170, 'Ürünü çok beğendim.', '2019-03-06 15:02:12'),
(1293, 17, 170, 'Ürünü çok beğendim.', '2019-02-22 07:11:59'),
(1294, 161, 170, 'Ürün standart.', '2019-01-10 07:40:26'),
(1295, 234, 170, 'Ürünü hiç beğenmedim.', '2019-01-11 09:05:42'),
(1296, 194, 170, 'Ürünü hiç beğenmedim.', '2019-05-27 14:21:46'),
(1297, 52, 171, 'Ürünü beğendim.', '2019-02-16 19:41:06'),
(1298, 93, 171, 'Ürünü çok beğendim.', '2019-02-23 02:21:08'),
(1299, 195, 171, 'Ürünü beğendim.', '2019-04-08 15:52:08'),
(1300, 52, 171, 'Ürünü hiç beğenmedim.', '2019-02-09 14:50:26'),
(1301, 157, 171, 'Ürünü hiç beğenmedim.', '2019-04-09 02:59:50'),
(1302, 66, 171, 'Ürün standart.', '2019-05-01 21:32:16'),
(1303, 19, 171, 'Ürünü hiç beğenmedim.', '2019-04-27 17:34:07'),
(1304, 156, 171, 'Ürünü beğendim.', '2019-04-07 11:30:45'),
(1305, 222, 171, 'Ürün standart.', '2019-05-12 16:11:27'),
(1306, 105, 172, 'Ürün standart.', '2019-05-06 07:55:11'),
(1307, 62, 172, 'Ürünü beğenmedim.', '2019-04-10 20:02:39'),
(1308, 173, 172, 'Ürünü beğendim.', '2019-03-18 13:48:50'),
(1309, 233, 172, 'Ürünü hiç beğenmedim.', '2019-03-22 10:51:38'),
(1310, 88, 172, 'Ürünü çok beğendim.', '2019-03-21 09:44:43'),
(1311, 54, 172, 'Ürünü beğendim.', '2019-04-06 18:34:11'),
(1312, 141, 172, 'Ürünü çok beğendim.', '2019-05-15 16:41:18'),
(1313, 232, 172, 'Ürün standart.', '2019-05-15 22:06:38'),
(1314, 25, 172, 'Ürünü hiç beğenmedim.', '2019-04-14 18:42:14'),
(1315, 163, 172, 'Ürünü çok beğendim.', '2019-05-16 15:03:41'),
(1316, 64, 173, 'Ürünü beğenmedim.', '2019-04-26 05:39:12'),
(1317, 16, 173, 'Ürünü beğenmedim.', '2019-04-24 01:31:09'),
(1318, 176, 173, 'Ürünü beğenmedim.', '2019-04-30 13:02:32'),
(1319, 87, 173, 'Ürünü hiç beğenmedim.', '2019-03-03 06:48:39'),
(1320, 92, 173, 'Ürünü çok beğendim.', '2019-04-22 00:39:08'),
(1321, 235, 174, 'Ürün standart.', '2019-01-21 07:12:25'),
(1322, 19, 174, 'Ürünü hiç beğenmedim.', '2019-02-07 08:27:01'),
(1323, 61, 174, 'Ürünü hiç beğenmedim.', '2019-05-21 19:41:01'),
(1324, 37, 174, 'Ürünü hiç beğenmedim.', '2019-04-26 10:10:13'),
(1325, 151, 174, 'Ürünü beğenmedim.', '2019-05-05 16:44:08'),
(1326, 123, 174, 'Ürünü beğendim.', '2019-05-18 04:10:29'),
(1327, 31, 175, 'Ürünü hiç beğenmedim.', '2019-02-07 23:03:16'),
(1328, 38, 175, 'Ürünü hiç beğenmedim.', '2019-04-14 05:09:02'),
(1329, 196, 175, 'Ürün standart.', '2019-03-18 14:14:31'),
(1330, 199, 175, 'Ürünü hiç beğenmedim.', '2019-03-08 16:53:17'),
(1331, 61, 175, 'Ürün standart.', '2019-04-20 00:42:22'),
(1332, 56, 175, 'Ürünü hiç beğenmedim.', '2019-02-09 20:04:40'),
(1333, 185, 175, 'Ürünü beğendim.', '2019-05-20 01:16:19'),
(1334, 69, 176, 'Ürünü beğenmedim.', '2019-02-14 23:52:17'),
(1335, 214, 176, 'Ürünü hiç beğenmedim.', '2019-03-16 15:01:46'),
(1336, 97, 176, 'Ürünü çok beğendim.', '2019-03-16 01:53:43'),
(1337, 185, 176, 'Ürünü beğenmedim.', '2019-05-11 09:08:31'),
(1338, 158, 176, 'Ürünü beğendim.', '2019-01-10 14:48:48'),
(1339, 50, 176, 'Ürün standart.', '2019-05-26 02:49:28'),
(1340, 185, 176, 'Ürünü hiç beğenmedim.', '2019-01-28 06:07:18'),
(1341, 213, 177, 'Ürünü çok beğendim.', '2019-04-03 23:51:27'),
(1342, 155, 177, 'Ürünü hiç beğenmedim.', '2019-02-07 16:55:42'),
(1343, 26, 177, 'Ürünü çok beğendim.', '2019-05-15 01:28:55'),
(1344, 212, 177, 'Ürünü hiç beğenmedim.', '2019-01-21 06:40:58'),
(1345, 49, 177, 'Ürünü çok beğendim.', '2019-04-16 21:06:45'),
(1346, 148, 177, 'Ürün standart.', '2019-05-05 19:55:19'),
(1347, 186, 177, 'Ürünü beğendim.', '2019-01-13 17:48:07'),
(1348, 43, 177, 'Ürünü beğendim.', '2019-01-17 10:04:51'),
(1349, 220, 177, 'Ürünü beğenmedim.', '2019-04-04 04:15:19'),
(1350, 204, 178, 'Ürünü beğenmedim.', '2019-05-17 02:04:29'),
(1351, 168, 178, 'Ürünü beğendim.', '2019-02-04 21:11:29'),
(1352, 82, 178, 'Ürünü beğendim.', '2019-01-21 13:14:32'),
(1353, 225, 178, 'Ürünü çok beğendim.', '2019-02-05 09:24:22'),
(1354, 33, 178, 'Ürünü hiç beğenmedim.', '2019-02-16 02:01:34'),
(1355, 188, 178, 'Ürünü hiç beğenmedim.', '2019-02-25 17:25:02'),
(1356, 171, 178, 'Ürün standart.', '2019-05-24 01:39:07'),
(1357, 129, 179, 'Ürünü hiç beğenmedim.', '2019-04-16 09:11:38'),
(1358, 103, 179, 'Ürünü beğendim.', '2019-04-11 22:02:24'),
(1359, 78, 179, 'Ürün standart.', '2019-04-01 22:52:12'),
(1360, 227, 179, 'Ürünü beğendim.', '2019-02-09 18:19:10'),
(1361, 85, 179, 'Ürünü beğenmedim.', '2019-05-14 18:39:20'),
(1362, 166, 179, 'Ürünü hiç beğenmedim.', '2019-03-05 04:48:19'),
(1363, 231, 179, 'Ürünü beğendim.', '2019-01-28 19:24:57'),
(1364, 69, 180, 'Ürünü hiç beğenmedim.', '2019-01-19 23:39:46'),
(1365, 165, 180, 'Ürünü beğendim.', '2019-04-01 09:26:10'),
(1366, 209, 180, 'Ürünü çok beğendim.', '2019-03-09 22:35:10'),
(1367, 188, 180, 'Ürünü beğendim.', '2019-02-28 23:19:48'),
(1368, 23, 180, 'Ürünü beğenmedim.', '2019-02-07 13:39:34'),
(1369, 225, 180, 'Ürünü beğenmedim.', '2019-01-11 19:35:22'),
(1370, 162, 180, 'Ürünü beğendim.', '2019-01-25 19:04:18'),
(1371, 150, 180, 'Ürün standart.', '2019-02-13 17:29:40'),
(1372, 199, 180, 'Ürünü çok beğendim.', '2019-04-20 20:47:38'),
(1373, 31, 181, 'Ürünü beğenmedim.', '2019-02-11 22:44:39'),
(1374, 34, 181, 'Ürünü çok beğendim.', '2019-01-04 20:28:33'),
(1375, 17, 181, 'Ürünü beğenmedim.', '2019-03-23 17:15:04'),
(1376, 112, 181, 'Ürünü hiç beğenmedim.', '2019-01-07 17:02:33'),
(1377, 236, 181, 'Ürün standart.', '2019-05-12 05:56:15'),
(1378, 30, 181, 'Ürün standart.', '2019-05-07 17:32:17'),
(1379, 232, 181, 'Ürünü hiç beğenmedim.', '2019-04-04 04:27:54'),
(1380, 229, 181, 'Ürünü beğenmedim.', '2019-02-19 11:50:25'),
(1381, 148, 181, 'Ürünü çok beğendim.', '2019-01-11 16:50:51'),
(1382, 25, 182, 'Ürünü hiç beğenmedim.', '2019-01-19 11:27:19'),
(1383, 30, 182, 'Ürünü hiç beğenmedim.', '2019-04-02 21:25:42'),
(1384, 148, 182, 'Ürünü beğendim.', '2019-02-01 23:11:49'),
(1385, 106, 182, 'Ürün standart.', '2019-04-15 19:29:42'),
(1386, 99, 182, 'Ürünü çok beğendim.', '2019-02-06 17:57:01'),
(1387, 20, 182, 'Ürün standart.', '2019-05-21 00:02:25'),
(1388, 48, 183, 'Ürünü beğendim.', '2019-04-09 14:32:52'),
(1389, 80, 183, 'Ürünü beğenmedim.', '2019-01-22 12:30:31'),
(1390, 135, 183, 'Ürünü beğendim.', '2019-02-15 12:16:12'),
(1391, 228, 183, 'Ürünü beğendim.', '2019-03-22 07:35:30'),
(1392, 156, 183, 'Ürünü beğendim.', '2019-04-15 03:51:10'),
(1393, 157, 183, 'Ürünü beğenmedim.', '2019-04-10 07:57:30'),
(1394, 134, 183, 'Ürünü beğendim.', '2019-03-13 12:06:13'),
(1395, 235, 184, 'Ürünü çok beğendim.', '2019-05-01 22:58:56'),
(1396, 201, 184, 'Ürünü hiç beğenmedim.', '2019-04-12 23:37:46'),
(1397, 72, 184, 'Ürünü beğendim.', '2019-05-05 02:28:23'),
(1398, 8, 184, 'Ürünü beğenmedim.', '2019-03-15 18:40:55'),
(1399, 42, 184, 'Ürünü beğendim.', '2019-05-11 16:30:13'),
(1400, 20, 184, 'Ürünü beğendim.', '2019-01-07 21:48:18'),
(1401, 178, 185, 'Ürünü beğenmedim.', '2019-02-19 10:07:23'),
(1402, 113, 185, 'Ürünü çok beğendim.', '2019-01-21 20:41:40'),
(1403, 155, 185, 'Ürünü hiç beğenmedim.', '2019-01-24 16:02:15'),
(1404, 215, 185, 'Ürünü beğenmedim.', '2019-01-23 07:51:50'),
(1405, 104, 185, 'Ürünü hiç beğenmedim.', '2019-02-16 05:29:14'),
(1406, 37, 186, 'Ürünü beğendim.', '2019-03-12 22:24:17'),
(1407, 174, 186, 'Ürün standart.', '2019-03-26 17:54:33'),
(1408, 206, 186, 'Ürün standart.', '2019-01-04 00:46:59'),
(1409, 83, 186, 'Ürünü çok beğendim.', '2019-02-05 22:41:07'),
(1410, 106, 186, 'Ürün standart.', '2019-04-21 12:30:07'),
(1411, 152, 186, 'Ürün standart.', '2019-03-22 00:57:05'),
(1412, 88, 186, 'Ürünü beğendim.', '2019-03-02 09:59:50'),
(1413, 194, 186, 'Ürünü beğendim.', '2019-05-13 14:19:46'),
(1414, 144, 186, 'Ürünü çok beğendim.', '2019-01-30 18:14:01'),
(1415, 69, 187, 'Ürünü beğendim.', '2019-02-27 06:33:18'),
(1416, 214, 187, 'Ürünü beğenmedim.', '2019-03-25 06:30:58'),
(1417, 207, 187, 'Ürünü beğenmedim.', '2019-04-22 14:27:25'),
(1418, 113, 187, 'Ürünü beğenmedim.', '2019-02-08 05:17:19'),
(1419, 201, 187, 'Ürünü beğenmedim.', '2019-05-15 17:30:11'),
(1420, 163, 187, 'Ürünü beğenmedim.', '2019-04-03 00:46:31'),
(1421, 13, 187, 'Ürün standart.', '2019-04-24 00:41:46'),
(1422, 27, 187, 'Ürünü beğendim.', '2019-04-29 00:52:51'),
(1423, 81, 188, 'Ürünü çok beğendim.', '2019-04-08 00:11:12'),
(1424, 187, 188, 'Ürünü hiç beğenmedim.', '2019-01-03 09:46:02'),
(1425, 186, 188, 'Ürün standart.', '2019-05-27 04:08:04'),
(1428, 112, 188, 'Ürünü beğendim.', '2019-03-02 17:45:59'),
(1429, 217, 188, 'Ürün standart.', '2019-05-02 11:25:19'),
(1430, 236, 188, 'Ürünü beğenmedim.', '2019-02-17 19:57:37'),
(1431, 7, 188, 'Ürün standart.', '2019-02-07 04:22:59'),
(1432, 19, 188, 'Ürünü beğendim.', '2019-03-02 11:08:34'),
(1433, 160, 189, 'Ürün standart.', '2019-04-20 17:33:59'),
(1434, 37, 189, 'Ürünü beğenmedim.', '2019-03-21 03:19:53'),
(1435, 72, 189, 'Ürünü beğenmedim.', '2019-05-21 10:30:47'),
(1436, 159, 189, 'Ürünü beğendim.', '2019-05-25 19:42:55'),
(1437, 216, 189, 'Ürün standart.', '2019-02-01 01:27:13'),
(1438, 122, 189, 'Ürünü beğendim.', '2019-02-07 15:18:55'),
(1439, 138, 189, 'Ürünü hiç beğenmedim.', '2019-03-15 21:07:10'),
(1440, 128, 189, 'Ürünü çok beğendim.', '2019-05-02 20:42:53'),
(1441, 204, 190, 'Ürünü hiç beğenmedim.', '2019-05-23 03:26:26'),
(1442, 32, 190, 'Ürünü çok beğendim.', '2019-05-11 05:52:18'),
(1443, 238, 190, 'Ürünü çok beğendim.', '2019-02-24 00:18:21'),
(1444, 20, 190, 'Ürün standart.', '2019-03-16 04:51:50'),
(1445, 60, 190, 'Ürünü beğendim.', '2019-05-05 05:21:37'),
(1446, 76, 190, 'Ürünü beğenmedim.', '2019-03-27 05:31:09'),
(1447, 198, 190, 'Ürünü beğendim.', '2019-01-14 20:39:04'),
(1448, 191, 190, 'Ürünü beğenmedim.', '2019-05-19 21:22:35'),
(1449, 108, 190, 'Ürünü çok beğendim.', '2019-02-18 01:32:16'),
(1450, 238, 190, 'Ürünü beğenmedim.', '2019-03-28 10:13:01'),
(1451, 156, 191, 'Ürünü çok beğendim.', '2019-05-22 19:17:30'),
(1452, 17, 191, 'Ürünü beğenmedim.', '2019-01-20 14:58:29'),
(1453, 130, 191, 'Ürünü çok beğendim.', '2019-02-07 18:51:19'),
(1454, 159, 191, 'Ürünü beğenmedim.', '2019-02-08 06:24:03'),
(1455, 87, 191, 'Ürünü hiç beğenmedim.', '2019-04-22 20:45:24'),
(1456, 161, 191, 'Ürünü beğenmedim.', '2019-01-24 09:52:24'),
(1457, 109, 191, 'Ürünü çok beğendim.', '2019-02-20 03:38:16'),
(1458, 96, 192, 'Ürünü beğendim.', '2019-02-02 12:05:47'),
(1459, 33, 192, 'Ürünü beğendim.', '2019-03-17 11:11:59'),
(1460, 93, 192, 'Ürünü beğenmedim.', '2019-01-03 20:47:38'),
(1461, 115, 192, 'Ürün standart.', '2019-03-29 08:44:03'),
(1462, 108, 192, 'Ürünü beğenmedim.', '2019-04-02 13:41:22'),
(1463, 196, 192, 'Ürünü hiç beğenmedim.', '2019-01-04 15:10:57'),
(1464, 218, 193, 'Ürünü beğendim.', '2019-05-11 15:05:08'),
(1465, 159, 193, 'Ürünü hiç beğenmedim.', '2019-05-21 04:29:09'),
(1466, 4, 193, 'Ürünü çok beğendim.', '2019-01-15 05:12:22'),
(1467, 147, 193, 'Ürünü beğendim.', '2019-04-24 19:46:33'),
(1468, 228, 193, 'Ürünü hiç beğenmedim.', '2019-04-16 14:05:03'),
(1469, 31, 193, 'Ürünü beğenmedim.', '2019-05-04 19:44:32'),
(1470, 8, 194, 'Ürünü çok beğendim.', '2019-03-03 20:07:52'),
(1471, 136, 194, 'Ürünü beğenmedim.', '2019-02-12 22:37:29'),
(1472, 95, 194, 'Ürünü beğendim.', '2019-02-03 15:23:22'),
(1473, 163, 194, 'Ürünü beğendim.', '2019-04-20 22:49:40'),
(1474, 16, 194, 'Ürün standart.', '2019-03-02 07:22:29'),
(1475, 97, 194, 'Ürün standart.', '2019-03-09 12:47:57'),
(1476, 124, 194, 'Ürünü beğenmedim.', '2019-02-22 17:35:25'),
(1477, 228, 194, 'Ürünü hiç beğenmedim.', '2019-03-15 20:36:33'),
(1478, 123, 195, 'Ürünü hiç beğenmedim.', '2019-02-02 21:26:19'),
(1479, 84, 195, 'Ürünü hiç beğenmedim.', '2019-04-09 11:52:43'),
(1480, 98, 195, 'Ürünü çok beğendim.', '2019-04-25 22:53:02'),
(1481, 180, 195, 'Ürünü beğendim.', '2019-03-05 04:25:37'),
(1482, 127, 195, 'Ürünü beğenmedim.', '2019-02-13 11:17:55'),
(1483, 177, 195, 'Ürünü çok beğendim.', '2019-03-23 08:58:57'),
(1484, 231, 195, 'Ürünü beğenmedim.', '2019-04-14 20:03:33'),
(1485, 36, 195, 'Ürünü çok beğendim.', '2019-01-24 04:06:50'),
(1486, 76, 195, 'Ürünü beğendim.', '2019-05-21 10:24:26'),
(1487, 201, 196, 'Ürünü beğendim.', '2019-01-17 02:41:25'),
(1488, 200, 196, 'Ürünü hiç beğenmedim.', '2019-03-01 14:14:48'),
(1489, 208, 196, 'Ürünü beğendim.', '2019-02-28 14:58:41'),
(1490, 70, 196, 'Ürünü çok beğendim.', '2019-02-12 13:44:25'),
(1491, 103, 196, 'Ürünü beğenmedim.', '2019-05-06 23:53:01'),
(1492, 78, 196, 'Ürün standart.', '2019-04-14 19:13:10'),
(1493, 117, 196, 'Ürünü beğenmedim.', '2019-02-22 15:56:09'),
(1494, 40, 197, 'Ürün standart.', '2019-01-29 04:46:58'),
(1495, 127, 197, 'Ürün standart.', '2019-03-28 11:49:19'),
(1496, 207, 197, 'Ürün standart.', '2019-01-10 12:10:28'),
(1497, 197, 197, 'Ürün standart.', '2019-02-23 00:18:40'),
(1498, 215, 197, 'Ürünü çok beğendim.', '2019-02-21 05:28:42'),
(1499, 44, 197, 'Ürünü hiç beğenmedim.', '2019-01-21 13:54:42'),
(1500, 26, 197, 'Ürün standart.', '2019-02-15 07:50:02'),
(1501, 49, 197, 'Ürünü beğendim.', '2019-05-03 22:54:14'),
(1502, 38, 198, 'Ürünü çok beğendim.', '2019-03-09 23:18:42'),
(1503, 208, 198, 'Ürünü çok beğendim.', '2019-02-05 08:59:11'),
(1504, 132, 198, 'Ürünü hiç beğenmedim.', '2019-03-16 07:26:43'),
(1505, 14, 198, 'Ürünü beğendim.', '2019-05-11 02:07:18'),
(1506, 53, 198, 'Ürünü beğendim.', '2019-05-02 06:13:33'),
(1507, 138, 198, 'Ürünü hiç beğenmedim.', '2019-01-20 08:09:57'),
(1508, 33, 198, 'Ürünü beğenmedim.', '2019-04-09 02:41:53'),
(1509, 33, 198, 'Ürünü beğenmedim.', '2019-04-21 19:44:50'),
(1510, 185, 198, 'Ürünü hiç beğenmedim.', '2019-01-20 11:42:22'),
(1511, 230, 198, 'Ürünü beğenmedim.', '2019-03-01 12:58:45'),
(1512, 117, 199, 'Ürünü beğendim.', '2019-02-11 19:47:21'),
(1513, 103, 199, 'Ürün standart.', '2019-02-18 16:10:20'),
(1514, 184, 199, 'Ürünü beğendim.', '2019-01-09 09:44:42'),
(1515, 105, 199, 'Ürünü hiç beğenmedim.', '2019-03-19 07:34:47'),
(1516, 111, 199, 'Ürünü beğendim.', '2019-01-18 23:29:29'),
(1517, 85, 200, 'Ürünü beğendim.', '2019-02-05 23:12:43'),
(1518, 185, 200, 'Ürünü hiç beğenmedim.', '2019-03-21 10:46:42'),
(1519, 25, 200, 'Ürünü çok beğendim.', '2019-05-07 16:30:47'),
(1520, 167, 200, 'Ürünü çok beğendim.', '2019-03-18 17:58:07'),
(1521, 211, 200, 'Ürün standart.', '2019-03-03 11:12:30'),
(1522, 167, 200, 'Ürünü hiç beğenmedim.', '2019-02-03 10:47:55'),
(1523, 158, 200, 'Ürünü beğendim.', '2019-04-09 03:54:58'),
(1524, 118, 200, 'Ürünü çok beğendim.', '2019-02-07 15:59:34'),
(1525, 216, 200, 'Ürünü çok beğendim.', '2019-03-12 06:01:38'),
(1526, 51, 201, 'Ürün standart.', '2019-02-06 16:15:28'),
(1527, 127, 201, 'Ürünü çok beğendim.', '2019-01-18 15:21:03'),
(1528, 82, 201, 'Ürünü hiç beğenmedim.', '2019-04-30 20:45:43'),
(1529, 176, 201, 'Ürünü beğenmedim.', '2019-02-20 04:58:35'),
(1530, 35, 201, 'Ürünü beğendim.', '2019-03-07 01:07:55'),
(1531, 24, 201, 'Ürün standart.', '2019-04-15 16:55:14'),
(1532, 101, 206, 'Ürünü beğendim.', '2019-04-25 21:58:54'),
(1533, 133, 206, 'Ürünü beğendim.', '2019-05-06 02:28:18'),
(1534, 127, 206, 'Ürünü hiç beğenmedim.', '2019-03-27 22:51:25'),
(1535, 51, 206, 'Ürün standart.', '2019-04-24 03:15:15'),
(1536, 101, 206, 'Ürünü beğendim.', '2019-03-09 20:51:57'),
(1537, 167, 206, 'Ürün standart.', '2019-05-09 02:26:39'),
(1538, 14, 206, 'Ürün standart.', '2019-02-14 01:27:30'),
(1539, 174, 206, 'Ürünü çok beğendim.', '2019-01-27 13:23:20'),
(1540, 218, 206, 'Ürünü hiç beğenmedim.', '2019-01-08 09:10:14'),
(1541, 125, 206, 'Ürün standart.', '2019-01-24 03:45:31'),
(1542, 33, 201, 'Ürünü çok beğendim.', '2019-05-27 13:49:12'),
(1543, 216, 69, 'Ürünü çok beğendim.', '2019-05-28 05:04:37');

-- --------------------------------------------------------

--
-- Tablo için tablo yapısı `products_gender`
--

DROP TABLE IF EXISTS `products_gender`;
CREATE TABLE IF NOT EXISTS `products_gender` (
  `pg_id` int(11) NOT NULL,
  `pg_name` varchar(255) COLLATE utf8_turkish_ci NOT NULL,
  PRIMARY KEY (`pg_id`)
) ENGINE=InnoDB DEFAULT CHARSET=utf8 COLLATE=utf8_turkish_ci;

--
-- Tablo döküm verisi `products_gender`
--

INSERT INTO `products_gender` (`pg_id`, `pg_name`) VALUES
(1, 'Kadın'),
(2, 'Erkek');

-- --------------------------------------------------------

--
-- Tablo için tablo yapısı `products_like`
--

DROP TABLE IF EXISTS `products_like`;
CREATE TABLE IF NOT EXISTS `products_like` (
  `p_id` int(11) NOT NULL,
  `u_id` int(11) NOT NULL,
  `like_state` tinyint(1) NOT NULL,
  KEY `p_id` (`p_id`),
  KEY `u_id` (`u_id`)
) ENGINE=InnoDB DEFAULT CHARSET=utf8 COLLATE=utf8_turkish_ci;

--
-- Tablo döküm verisi `products_like`
--

INSERT INTO `products_like` (`p_id`, `u_id`, `like_state`) VALUES
(154, 201, 4),
(155, 201, 2),
(229, 201, 5),
(205, 201, 4),
(1, 201, 4),
(68, 1, 1),
(22, 1, 4),
(6, 1, 4),
(46, 1, 2),
(161, 1, 4),
(60, 1, 2),
(200, 2, 5),
(117, 2, 1),
(65, 2, 3),
(118, 2, 2),
(133, 2, 5),
(169, 2, 1),
(205, 3, 5),
(209, 3, 3),
(108, 3, 4),
(189, 3, 5),
(193, 3, 3),
(213, 3, 3),
(155, 3, 1),
(45, 3, 5),
(84, 4, 1),
(148, 4, 3),
(49, 4, 4),
(220, 4, 1),
(158, 4, 4),
(21, 5, 5),
(56, 5, 2),
(155, 5, 2),
(14, 5, 3),
(41, 5, 1),
(96, 5, 4),
(204, 6, 5),
(43, 6, 3),
(170, 6, 5),
(213, 6, 4),
(56, 6, 1),
(29, 6, 5),
(123, 6, 4),
(172, 6, 4),
(111, 7, 1),
(209, 7, 2),
(115, 7, 5),
(70, 7, 2),
(130, 7, 4),
(133, 8, 5),
(32, 8, 2),
(124, 8, 1),
(171, 8, 2),
(72, 8, 4),
(53, 8, 2),
(119, 8, 1),
(2, 9, 1),
(163, 9, 5),
(62, 9, 5),
(25, 9, 2),
(129, 9, 5),
(145, 9, 5),
(195, 9, 4),
(216, 9, 2),
(134, 9, 3),
(50, 9, 5),
(134, 10, 2),
(149, 10, 5),
(64, 10, 2),
(221, 10, 4),
(31, 10, 5),
(60, 10, 1),
(106, 10, 4),
(54, 10, 4),
(19, 11, 1),
(145, 11, 2),
(51, 11, 3),
(32, 11, 1),
(136, 11, 4),
(103, 11, 2),
(25, 11, 5),
(49, 11, 5),
(72, 11, 4),
(163, 11, 1),
(34, 12, 3),
(210, 12, 1),
(164, 12, 1),
(88, 12, 5),
(198, 12, 1),
(117, 13, 4),
(114, 13, 1),
(116, 13, 4),
(58, 13, 3),
(107, 13, 2),
(125, 13, 5),
(83, 13, 4),
(8, 13, 3),
(155, 13, 2),
(111, 14, 2),
(126, 14, 1),
(211, 14, 5),
(118, 14, 4),
(160, 14, 1),
(193, 14, 2),
(39, 14, 4),
(135, 14, 2),
(50, 14, 4),
(86, 14, 2),
(49, 15, 2),
(117, 15, 5),
(111, 15, 5),
(176, 15, 3),
(209, 15, 3),
(70, 16, 3),
(69, 16, 3),
(62, 16, 3),
(162, 16, 1),
(82, 16, 2),
(39, 16, 3),
(225, 17, 5),
(204, 17, 4),
(157, 17, 2),
(20, 17, 2),
(200, 17, 4),
(79, 17, 1),
(109, 17, 3),
(233, 17, 5),
(58, 17, 3),
(101, 18, 5),
(3, 18, 1),
(56, 18, 2),
(94, 18, 1),
(213, 18, 3),
(234, 18, 5),
(118, 18, 2),
(132, 19, 4),
(196, 19, 4),
(82, 19, 3),
(12, 19, 5),
(77, 19, 2),
(183, 19, 4),
(228, 19, 4),
(43, 19, 1),
(224, 20, 1),
(34, 20, 3),
(40, 20, 3),
(195, 20, 5),
(238, 20, 2),
(108, 20, 5),
(173, 21, 5),
(78, 21, 2),
(102, 21, 3),
(174, 21, 3),
(154, 21, 1),
(15, 21, 4),
(22, 21, 5),
(192, 21, 5),
(9, 22, 5),
(196, 22, 1),
(154, 22, 5),
(113, 22, 3),
(147, 22, 4),
(114, 22, 1),
(71, 22, 4),
(220, 22, 5),
(127, 22, 5),
(97, 22, 5),
(235, 23, 1),
(26, 23, 3),
(162, 23, 2),
(70, 23, 3),
(126, 23, 3),
(120, 23, 1),
(234, 23, 3),
(37, 24, 3),
(189, 24, 1),
(79, 24, 4),
(124, 24, 2),
(167, 24, 1),
(119, 25, 5),
(64, 25, 2),
(28, 25, 5),
(108, 25, 2),
(41, 25, 2),
(88, 25, 2),
(31, 25, 3),
(57, 25, 1),
(172, 26, 4),
(185, 26, 1),
(51, 26, 2),
(82, 26, 4),
(134, 26, 2),
(28, 26, 5),
(203, 26, 1),
(226, 26, 5),
(162, 26, 3),
(40, 26, 1),
(160, 27, 4),
(128, 27, 5),
(77, 27, 4),
(144, 27, 5),
(161, 27, 1),
(174, 28, 3),
(96, 28, 1),
(155, 28, 5),
(64, 28, 5),
(39, 28, 4),
(21, 28, 2),
(232, 29, 4),
(40, 29, 5),
(146, 29, 3),
(1, 29, 4),
(183, 29, 2),
(186, 29, 4),
(36, 29, 2),
(127, 30, 5),
(146, 30, 3),
(27, 30, 5),
(97, 30, 5),
(109, 30, 2),
(135, 30, 1),
(34, 30, 5),
(104, 30, 3),
(66, 30, 4),
(205, 30, 2),
(142, 31, 1),
(182, 31, 4),
(175, 31, 2),
(214, 31, 4),
(204, 31, 2),
(43, 31, 4),
(41, 31, 3),
(209, 32, 3),
(187, 32, 3),
(152, 32, 4),
(58, 32, 1),
(119, 32, 1),
(37, 32, 4),
(132, 32, 2),
(89, 32, 2),
(108, 33, 2),
(94, 33, 1),
(137, 33, 3),
(211, 33, 2),
(102, 33, 4),
(67, 33, 1),
(56, 33, 4),
(3, 34, 4),
(128, 34, 1),
(46, 34, 1),
(69, 34, 1),
(55, 34, 1),
(60, 34, 4),
(49, 34, 5),
(64, 34, 2),
(44, 35, 4),
(215, 35, 5),
(70, 35, 2),
(179, 35, 2),
(211, 35, 3),
(61, 35, 5),
(41, 35, 2),
(92, 35, 3),
(210, 35, 4),
(30, 36, 2),
(171, 36, 5),
(79, 36, 5),
(173, 36, 4),
(55, 36, 2),
(128, 36, 1),
(100, 36, 4),
(118, 36, 2),
(212, 37, 3),
(118, 37, 3),
(50, 37, 4),
(26, 37, 1),
(235, 37, 1),
(23, 37, 3),
(221, 37, 1),
(62, 37, 3),
(135, 37, 5),
(137, 38, 3),
(151, 38, 3),
(43, 38, 4),
(117, 38, 2),
(164, 38, 3),
(115, 38, 2),
(222, 38, 1),
(46, 38, 3),
(62, 38, 5),
(160, 39, 3),
(163, 39, 4),
(203, 39, 1),
(29, 39, 1),
(39, 39, 4),
(81, 39, 4),
(36, 39, 3),
(141, 39, 1),
(224, 40, 4),
(60, 40, 4),
(83, 40, 4),
(190, 40, 3),
(56, 40, 3),
(40, 40, 3),
(55, 41, 2),
(34, 41, 2),
(154, 41, 2),
(45, 41, 1),
(226, 41, 2),
(131, 41, 5),
(204, 41, 2),
(164, 41, 3),
(141, 41, 3),
(182, 42, 5),
(46, 42, 4),
(142, 42, 5),
(7, 42, 5),
(156, 42, 3),
(108, 42, 5),
(6, 42, 4),
(32, 43, 4),
(143, 43, 1),
(204, 43, 3),
(58, 43, 2),
(24, 43, 1),
(86, 44, 5),
(230, 44, 5),
(121, 44, 3),
(51, 44, 1),
(154, 44, 2),
(106, 44, 2),
(27, 44, 2),
(234, 45, 4),
(164, 45, 4),
(206, 45, 5),
(228, 45, 3),
(31, 45, 3),
(7, 45, 3),
(122, 45, 4),
(93, 45, 5),
(51, 45, 3),
(128, 46, 5),
(47, 46, 2),
(50, 46, 5),
(151, 46, 2),
(146, 46, 5),
(35, 46, 3),
(198, 46, 1),
(141, 46, 4),
(110, 46, 2),
(128, 47, 1),
(20, 47, 5),
(155, 47, 3),
(132, 47, 2),
(200, 47, 1),
(4, 47, 3),
(196, 47, 2),
(226, 47, 3),
(237, 48, 2),
(36, 48, 3),
(133, 48, 3),
(70, 48, 2),
(191, 48, 4),
(143, 48, 3),
(15, 48, 2),
(37, 48, 5),
(45, 48, 1),
(158, 49, 3),
(141, 49, 5),
(80, 49, 5),
(218, 49, 5),
(132, 49, 4),
(109, 49, 2),
(128, 49, 4),
(43, 49, 1),
(81, 50, 3),
(32, 50, 1),
(91, 50, 3),
(26, 50, 4),
(45, 50, 4),
(21, 50, 5),
(147, 50, 5),
(160, 50, 3),
(239, 50, 3),
(225, 50, 4),
(164, 51, 3),
(39, 51, 3),
(200, 51, 3),
(30, 51, 5),
(220, 51, 2),
(78, 51, 3),
(83, 52, 5),
(80, 52, 2),
(237, 52, 4),
(165, 52, 5),
(95, 52, 5),
(99, 52, 3),
(35, 52, 2),
(69, 53, 2),
(229, 53, 5),
(80, 53, 3),
(154, 53, 4),
(22, 53, 5),
(142, 53, 2),
(129, 53, 1),
(126, 53, 1),
(33, 53, 5),
(158, 53, 4),
(61, 54, 4),
(136, 54, 1),
(19, 54, 5),
(141, 54, 1),
(1, 54, 5),
(16, 54, 5),
(29, 54, 1),
(202, 54, 5),
(6, 54, 1),
(66, 54, 2),
(224, 55, 1),
(7, 55, 1),
(144, 55, 5),
(176, 55, 5),
(53, 55, 2),
(76, 55, 5),
(122, 55, 5),
(58, 55, 1),
(164, 55, 1),
(55, 56, 3),
(158, 56, 3),
(65, 56, 1),
(58, 56, 2),
(203, 56, 2),
(51, 56, 2),
(13, 56, 1),
(95, 57, 3),
(133, 57, 2),
(51, 57, 2),
(158, 57, 3),
(157, 57, 5),
(43, 57, 3),
(45, 57, 3),
(15, 58, 4),
(200, 58, 5),
(152, 58, 5),
(191, 58, 5),
(2, 58, 3),
(11, 58, 2),
(127, 58, 1),
(59, 59, 1),
(152, 59, 2),
(92, 59, 5),
(135, 59, 5),
(232, 59, 5),
(207, 59, 2),
(174, 59, 3),
(2, 59, 2),
(209, 59, 2),
(195, 60, 1),
(235, 60, 1),
(167, 60, 4),
(37, 60, 4),
(148, 60, 2),
(53, 60, 5),
(160, 60, 2),
(7, 60, 4),
(107, 60, 1),
(220, 60, 4),
(38, 61, 4),
(227, 61, 1),
(35, 61, 5),
(168, 61, 3),
(66, 61, 1),
(41, 62, 2),
(168, 62, 2),
(233, 62, 2),
(160, 62, 4),
(136, 62, 1),
(120, 63, 1),
(14, 63, 2),
(178, 63, 5),
(159, 63, 2),
(213, 63, 3),
(52, 63, 5),
(44, 64, 3),
(140, 64, 2),
(28, 64, 3),
(21, 64, 5),
(215, 64, 2),
(191, 64, 2),
(150, 64, 5),
(135, 64, 3),
(213, 64, 5),
(174, 64, 1),
(186, 65, 1),
(146, 65, 5),
(28, 65, 1),
(207, 65, 2),
(37, 65, 3),
(178, 65, 4),
(147, 65, 4),
(171, 65, 1),
(1, 66, 1),
(65, 66, 2),
(156, 66, 1),
(199, 66, 2),
(141, 66, 3),
(129, 66, 2),
(217, 66, 2),
(57, 66, 2),
(47, 66, 3),
(171, 67, 3),
(231, 67, 3),
(109, 67, 3),
(158, 67, 2),
(8, 67, 2),
(178, 67, 2),
(116, 68, 5),
(28, 68, 1),
(13, 68, 3),
(114, 68, 1),
(158, 68, 1),
(175, 68, 4),
(96, 68, 5),
(231, 69, 5),
(154, 69, 5),
(106, 69, 1),
(156, 69, 5),
(9, 69, 5),
(139, 69, 1),
(55, 69, 1),
(155, 69, 3),
(234, 69, 2),
(81, 70, 4),
(199, 70, 3),
(118, 70, 3),
(26, 70, 2),
(71, 70, 4),
(65, 70, 1),
(141, 70, 3),
(217, 70, 4),
(10, 71, 1),
(51, 71, 3),
(119, 71, 3),
(90, 71, 2),
(71, 71, 1),
(103, 71, 1),
(97, 71, 3),
(21, 71, 5),
(212, 72, 5),
(223, 72, 4),
(57, 72, 4),
(123, 72, 2),
(198, 72, 5),
(77, 72, 4),
(239, 72, 3),
(107, 72, 4),
(199, 73, 3),
(12, 73, 5),
(58, 73, 3),
(20, 73, 5),
(170, 73, 1),
(114, 73, 5),
(107, 73, 4),
(32, 74, 4),
(132, 74, 4),
(33, 74, 3),
(105, 74, 1),
(28, 74, 3),
(158, 74, 5),
(230, 75, 1),
(11, 75, 5),
(142, 75, 5),
(15, 75, 2),
(147, 75, 2),
(36, 76, 4),
(61, 76, 5),
(98, 76, 1),
(191, 76, 2),
(169, 76, 4),
(58, 76, 3),
(31, 76, 3),
(102, 76, 1),
(67, 76, 2),
(166, 76, 1),
(36, 77, 5),
(31, 77, 4),
(4, 77, 2),
(181, 77, 3),
(5, 77, 5),
(226, 77, 3),
(233, 78, 1),
(164, 78, 5),
(76, 78, 2),
(156, 78, 3),
(120, 78, 2),
(189, 78, 1),
(197, 78, 4),
(25, 78, 1),
(171, 78, 2),
(21, 79, 4),
(78, 79, 1),
(72, 79, 5),
(209, 79, 2),
(18, 80, 1),
(81, 80, 2),
(51, 80, 2),
(233, 80, 2),
(179, 80, 3),
(59, 80, 1),
(126, 80, 1),
(177, 80, 2),
(212, 80, 1),
(132, 80, 1),
(221, 81, 2),
(115, 81, 2),
(184, 81, 1),
(109, 81, 3),
(162, 81, 2),
(188, 81, 3),
(27, 81, 2),
(166, 81, 3),
(11, 81, 4),
(135, 82, 5),
(88, 82, 4),
(153, 82, 4),
(8, 82, 3),
(11, 82, 1),
(184, 82, 5),
(151, 82, 4),
(39, 82, 3),
(177, 82, 1),
(76, 82, 3),
(85, 83, 5),
(132, 83, 2),
(215, 83, 4),
(225, 83, 1),
(166, 83, 4),
(91, 83, 4),
(206, 84, 1),
(30, 84, 2),
(167, 84, 4),
(139, 84, 4),
(85, 84, 4),
(230, 84, 2),
(107, 85, 4),
(68, 85, 5),
(94, 85, 2),
(217, 85, 4),
(46, 85, 4),
(135, 85, 3),
(16, 85, 1),
(47, 86, 4),
(77, 86, 2),
(175, 86, 3),
(236, 86, 5),
(177, 86, 5),
(117, 86, 2),
(49, 87, 4),
(162, 87, 1),
(59, 87, 5),
(84, 87, 1),
(41, 87, 5),
(81, 87, 5),
(50, 88, 1),
(166, 88, 1),
(128, 88, 4),
(5, 88, 5),
(62, 88, 2),
(234, 88, 4),
(54, 88, 2),
(38, 88, 4),
(185, 88, 5),
(154, 89, 4),
(3, 89, 1),
(219, 89, 3),
(71, 89, 3),
(198, 89, 5),
(153, 89, 3),
(23, 89, 1),
(123, 89, 2),
(52, 90, 1),
(138, 90, 2),
(143, 90, 4),
(200, 90, 3),
(227, 90, 4),
(104, 90, 1),
(89, 90, 5),
(49, 90, 2),
(109, 90, 3),
(28, 91, 2),
(85, 91, 1),
(196, 91, 3),
(86, 91, 3),
(192, 91, 1),
(165, 91, 3),
(8, 91, 4),
(64, 92, 5),
(142, 92, 4),
(197, 92, 4),
(28, 92, 2),
(112, 92, 2),
(34, 93, 1),
(211, 93, 5),
(194, 93, 3),
(182, 93, 5),
(209, 93, 5),
(119, 93, 2),
(95, 94, 2),
(231, 94, 1),
(177, 94, 5),
(80, 94, 4),
(230, 94, 3),
(45, 94, 4),
(158, 94, 5),
(209, 94, 3),
(221, 94, 2),
(58, 94, 2),
(43, 95, 4),
(91, 95, 1),
(10, 95, 5),
(192, 95, 3),
(123, 95, 2),
(1, 95, 1),
(194, 95, 5),
(15, 96, 4),
(185, 96, 1),
(169, 96, 2),
(221, 96, 3),
(138, 96, 2),
(158, 96, 3),
(183, 96, 1),
(197, 96, 1),
(207, 96, 2),
(181, 96, 5),
(47, 97, 2),
(145, 97, 4),
(97, 97, 5),
(219, 97, 1),
(44, 97, 1),
(173, 97, 4),
(63, 97, 3),
(120, 97, 5),
(204, 97, 1),
(50, 97, 5),
(196, 98, 2),
(234, 98, 5),
(186, 98, 5),
(179, 98, 2),
(63, 98, 1),
(67, 98, 2),
(26, 98, 2),
(37, 98, 1),
(159, 98, 4),
(104, 99, 4),
(89, 99, 5),
(178, 99, 4),
(181, 99, 2),
(77, 99, 3),
(198, 99, 3),
(210, 99, 2),
(136, 100, 4),
(27, 100, 2),
(3, 100, 2),
(33, 100, 2),
(230, 100, 1),
(200, 101, 1),
(193, 101, 5),
(88, 101, 2),
(134, 101, 4),
(214, 101, 2),
(25, 101, 2),
(46, 102, 4),
(92, 102, 2),
(138, 102, 5),
(63, 102, 4),
(127, 102, 1),
(195, 102, 5),
(155, 102, 1),
(94, 102, 3),
(4, 102, 5),
(199, 102, 2),
(77, 103, 3),
(216, 103, 3),
(133, 103, 1),
(70, 103, 1),
(81, 103, 2),
(214, 103, 3),
(149, 104, 4),
(238, 104, 5),
(131, 104, 1),
(208, 104, 4),
(215, 104, 1),
(157, 104, 4),
(5, 104, 2),
(108, 104, 3),
(181, 104, 3),
(202, 104, 4),
(76, 105, 5),
(103, 105, 5),
(135, 105, 2),
(107, 105, 3),
(186, 105, 1),
(233, 105, 2),
(221, 105, 4),
(49, 106, 3),
(140, 106, 5),
(85, 106, 3),
(10, 106, 2),
(6, 106, 1),
(62, 106, 1),
(14, 106, 4),
(197, 106, 5),
(192, 106, 4),
(43, 107, 1),
(170, 107, 5),
(103, 107, 2),
(128, 107, 1),
(225, 107, 2),
(10, 107, 5),
(105, 107, 2),
(168, 107, 4),
(32, 107, 1),
(192, 108, 4),
(96, 108, 5),
(106, 108, 3),
(175, 108, 5),
(43, 108, 1),
(125, 108, 4),
(26, 108, 5),
(176, 109, 5),
(69, 109, 2),
(40, 109, 3),
(188, 109, 3),
(8, 109, 3),
(4, 109, 4),
(192, 109, 1),
(47, 109, 2),
(225, 110, 1),
(37, 110, 3),
(239, 110, 4),
(187, 110, 4),
(217, 110, 1),
(148, 110, 5),
(182, 110, 2),
(151, 111, 1),
(5, 111, 4),
(161, 111, 1),
(120, 111, 2),
(215, 111, 3),
(112, 111, 3),
(186, 111, 5),
(32, 111, 5),
(108, 112, 2),
(68, 112, 5),
(223, 112, 5),
(50, 112, 3),
(3, 112, 1),
(22, 112, 4),
(162, 113, 4),
(97, 113, 5),
(151, 113, 4),
(13, 113, 2),
(23, 113, 3),
(153, 113, 4),
(190, 113, 3),
(225, 113, 5),
(80, 114, 2),
(188, 114, 1),
(57, 114, 5),
(2, 114, 2),
(118, 114, 4),
(224, 114, 3),
(45, 114, 5),
(101, 114, 1),
(220, 114, 1),
(192, 114, 2),
(135, 115, 5),
(61, 115, 2),
(238, 115, 1),
(85, 115, 4),
(151, 115, 2),
(138, 115, 3),
(44, 115, 4),
(94, 115, 5),
(209, 115, 1),
(83, 116, 3),
(38, 116, 1),
(230, 116, 1),
(105, 116, 3),
(88, 116, 3),
(156, 116, 5),
(188, 116, 4),
(99, 116, 1),
(229, 117, 4),
(46, 117, 5),
(9, 117, 2),
(234, 117, 5),
(111, 117, 5),
(175, 118, 1),
(138, 118, 5),
(181, 118, 4),
(28, 118, 1),
(199, 118, 5),
(46, 118, 4),
(215, 118, 1),
(27, 119, 5),
(6, 119, 2),
(103, 119, 1),
(150, 119, 1),
(89, 119, 2),
(130, 120, 3),
(99, 120, 2),
(157, 120, 3),
(43, 120, 2),
(174, 120, 1),
(153, 120, 5),
(144, 120, 2),
(93, 120, 5),
(79, 121, 3),
(52, 121, 4),
(85, 121, 4),
(204, 121, 5),
(187, 121, 4),
(225, 121, 3),
(139, 121, 4),
(47, 121, 3),
(53, 122, 5),
(229, 122, 4),
(38, 122, 3),
(18, 122, 3),
(130, 122, 4),
(178, 122, 2),
(191, 123, 2),
(21, 123, 3),
(44, 123, 4),
(113, 123, 4),
(133, 123, 1),
(2, 123, 5),
(30, 123, 2),
(160, 123, 2),
(147, 123, 5),
(220, 123, 3),
(151, 124, 4),
(123, 124, 4),
(190, 124, 3),
(196, 124, 2),
(63, 124, 3),
(218, 124, 4),
(172, 125, 5),
(7, 125, 5),
(111, 125, 2),
(32, 125, 3),
(26, 125, 2),
(45, 125, 3),
(150, 125, 3),
(162, 126, 3),
(229, 126, 3),
(163, 126, 4),
(58, 126, 4),
(214, 126, 4),
(112, 126, 4),
(38, 126, 2),
(56, 126, 2),
(196, 126, 2),
(150, 126, 4),
(79, 127, 2),
(140, 127, 2),
(20, 127, 1),
(30, 127, 1),
(111, 127, 1),
(223, 127, 5),
(163, 127, 1),
(87, 128, 3),
(119, 128, 1),
(102, 128, 1),
(223, 128, 5),
(152, 128, 4),
(179, 128, 2),
(199, 128, 1),
(129, 128, 5),
(224, 129, 2),
(41, 129, 5),
(31, 129, 2),
(61, 129, 1),
(170, 129, 5),
(34, 129, 5),
(51, 130, 2),
(215, 130, 3),
(17, 130, 4),
(1, 130, 3),
(197, 130, 5),
(59, 130, 5),
(77, 130, 4),
(27, 131, 5),
(158, 131, 5),
(149, 131, 3),
(181, 131, 1),
(12, 131, 1),
(107, 131, 5),
(19, 132, 4),
(163, 132, 1),
(104, 132, 5),
(161, 132, 3),
(21, 132, 2),
(109, 132, 5),
(94, 132, 5),
(27, 132, 1),
(42, 133, 2),
(46, 133, 5),
(63, 133, 5),
(44, 133, 1),
(52, 133, 5),
(202, 133, 3),
(225, 134, 2),
(151, 134, 1),
(218, 134, 3),
(7, 134, 3),
(197, 134, 3),
(115, 134, 4),
(66, 134, 1),
(79, 134, 1),
(88, 135, 3),
(130, 135, 4),
(34, 135, 1),
(176, 135, 2),
(148, 135, 1),
(132, 135, 5),
(124, 135, 1),
(89, 136, 1),
(133, 136, 3),
(123, 136, 5),
(239, 136, 5),
(84, 136, 3),
(60, 136, 5),
(114, 136, 1),
(212, 137, 5),
(110, 137, 1),
(188, 137, 3),
(232, 137, 4),
(21, 137, 1),
(223, 137, 4),
(182, 137, 2),
(15, 137, 1),
(43, 138, 3),
(204, 138, 4),
(118, 138, 2),
(83, 138, 2),
(61, 138, 1),
(94, 138, 1),
(39, 139, 2),
(154, 139, 5),
(102, 139, 1),
(215, 139, 4),
(161, 139, 4),
(23, 140, 1),
(115, 140, 5),
(233, 140, 3),
(107, 140, 5),
(87, 140, 5),
(127, 140, 4),
(84, 141, 1),
(91, 141, 3),
(189, 141, 5),
(22, 141, 5),
(5, 141, 3),
(66, 141, 2),
(64, 141, 2),
(213, 141, 1),
(60, 141, 1),
(99, 141, 3),
(165, 142, 5),
(27, 142, 4),
(48, 142, 3),
(220, 142, 2),
(139, 142, 3),
(100, 143, 1),
(69, 143, 5),
(237, 143, 2),
(181, 143, 5),
(187, 143, 1),
(29, 144, 4),
(20, 144, 4),
(234, 144, 2),
(95, 144, 1),
(64, 144, 4),
(149, 144, 5),
(79, 144, 5),
(204, 144, 3),
(1, 144, 2),
(164, 144, 2),
(79, 145, 2),
(158, 145, 1),
(183, 145, 1),
(87, 145, 4),
(39, 145, 2),
(139, 145, 2),
(119, 145, 2),
(7, 145, 1),
(146, 146, 5),
(54, 146, 2),
(122, 146, 5),
(199, 146, 2),
(39, 146, 3),
(192, 146, 1),
(5, 147, 3),
(28, 147, 4),
(218, 147, 4),
(98, 147, 1),
(203, 147, 5),
(169, 148, 1),
(172, 148, 1),
(11, 148, 2),
(161, 148, 5),
(48, 148, 4),
(133, 148, 5),
(184, 148, 5),
(120, 149, 5),
(86, 149, 5),
(150, 149, 1),
(158, 149, 4),
(187, 149, 2),
(9, 149, 4),
(223, 149, 3),
(49, 149, 3),
(132, 149, 3),
(139, 150, 4),
(21, 150, 2),
(39, 150, 1),
(63, 150, 2),
(97, 150, 4),
(230, 150, 3),
(34, 151, 3),
(13, 151, 2),
(42, 151, 2),
(76, 151, 3),
(8, 151, 1),
(79, 151, 2),
(105, 151, 2),
(134, 151, 5),
(145, 151, 5),
(233, 151, 3),
(207, 152, 1),
(120, 152, 4),
(82, 152, 4),
(99, 152, 2),
(141, 152, 3),
(80, 152, 4),
(86, 153, 5),
(135, 153, 2),
(175, 153, 1),
(217, 153, 5),
(144, 153, 3),
(131, 153, 4),
(106, 153, 3),
(103, 154, 2),
(71, 154, 1),
(126, 154, 2),
(52, 154, 5),
(191, 154, 5),
(192, 154, 5),
(142, 154, 2),
(34, 154, 2),
(180, 154, 3),
(198, 155, 4),
(5, 155, 5),
(157, 155, 1),
(180, 155, 1),
(127, 155, 2),
(47, 155, 3),
(160, 155, 3),
(79, 155, 3),
(189, 155, 3),
(151, 156, 1),
(134, 156, 2),
(232, 156, 1),
(78, 156, 4),
(102, 156, 3),
(44, 156, 5),
(82, 156, 1),
(67, 157, 3),
(185, 157, 1),
(93, 157, 3),
(198, 157, 5),
(122, 157, 4),
(77, 157, 1),
(232, 158, 4),
(184, 158, 1),
(200, 158, 5),
(167, 158, 4),
(173, 158, 3),
(211, 158, 1),
(114, 158, 3),
(235, 159, 3),
(53, 159, 5),
(187, 159, 3),
(160, 159, 3),
(29, 159, 5),
(81, 159, 3),
(55, 159, 3),
(45, 159, 5),
(196, 159, 4),
(166, 159, 4),
(100, 160, 5),
(50, 160, 5),
(204, 160, 1),
(195, 160, 1),
(216, 160, 2),
(209, 161, 5),
(32, 161, 5),
(37, 161, 4),
(106, 161, 1),
(175, 161, 4),
(161, 162, 5),
(151, 162, 5),
(51, 162, 1),
(218, 162, 3),
(197, 162, 5),
(89, 162, 3),
(23, 162, 5),
(85, 162, 2),
(29, 162, 1),
(1, 163, 3),
(152, 163, 4),
(221, 163, 2),
(97, 163, 2),
(22, 163, 1),
(51, 163, 5),
(233, 163, 1),
(69, 163, 1),
(130, 163, 5),
(107, 164, 2),
(98, 164, 4),
(168, 164, 1),
(85, 164, 4),
(56, 164, 3),
(192, 164, 1),
(210, 164, 3),
(66, 165, 5),
(140, 165, 1),
(6, 206, 5),
(12, 166, 4),
(92, 166, 1),
(165, 166, 3),
(197, 166, 1),
(62, 167, 3),
(192, 167, 4),
(28, 167, 3),
(25, 167, 3),
(133, 167, 2),
(195, 167, 3),
(212, 167, 5),
(190, 168, 1),
(192, 168, 2),
(232, 168, 4),
(58, 168, 4),
(69, 168, 2),
(111, 168, 3),
(8, 169, 4),
(197, 169, 2),
(135, 169, 4),
(209, 169, 4),
(233, 169, 5),
(100, 169, 4),
(146, 170, 4),
(133, 170, 2),
(85, 170, 5),
(63, 170, 5),
(184, 170, 5),
(17, 170, 5),
(161, 170, 3),
(234, 170, 1),
(194, 170, 1),
(52, 171, 4),
(93, 171, 5),
(195, 171, 4),
(157, 171, 1),
(66, 171, 3),
(19, 171, 1),
(156, 171, 4),
(222, 171, 3),
(105, 172, 3),
(62, 172, 2),
(173, 172, 4),
(233, 172, 1),
(88, 172, 5),
(54, 172, 4),
(141, 172, 5),
(232, 172, 3),
(25, 172, 1),
(163, 172, 5),
(64, 173, 2),
(16, 173, 2),
(176, 173, 2),
(87, 173, 1),
(92, 173, 5),
(235, 174, 3),
(19, 174, 1),
(61, 174, 1),
(37, 174, 1),
(151, 174, 2),
(123, 174, 4),
(31, 175, 1),
(38, 175, 1),
(196, 175, 3),
(199, 175, 1),
(61, 175, 3),
(56, 175, 1),
(185, 175, 4),
(69, 176, 2),
(214, 176, 1),
(97, 176, 5),
(185, 176, 2),
(158, 176, 4),
(50, 176, 3),
(213, 177, 5),
(155, 177, 1),
(26, 177, 5),
(212, 177, 1),
(49, 177, 5),
(148, 177, 3),
(186, 177, 4),
(43, 177, 4),
(220, 177, 2),
(204, 178, 2),
(168, 178, 4),
(82, 178, 4),
(225, 178, 5),
(33, 178, 1),
(188, 178, 1),
(171, 178, 3),
(129, 179, 1),
(103, 179, 4),
(78, 179, 3),
(227, 179, 4),
(85, 179, 2),
(166, 179, 1),
(231, 179, 4),
(69, 180, 1),
(165, 180, 4),
(209, 180, 5),
(188, 180, 4),
(23, 180, 2),
(225, 180, 2),
(162, 180, 4),
(150, 180, 3),
(199, 180, 5),
(31, 181, 2),
(34, 181, 5),
(17, 181, 2),
(112, 181, 1),
(236, 181, 3),
(30, 181, 3),
(232, 181, 1),
(229, 181, 2),
(148, 181, 5),
(25, 182, 1),
(30, 182, 1),
(148, 182, 4),
(106, 182, 3),
(99, 182, 5),
(20, 182, 3),
(48, 183, 4),
(80, 183, 2),
(135, 183, 4),
(228, 183, 4),
(156, 183, 4),
(157, 183, 2),
(134, 183, 4),
(235, 184, 5),
(201, 184, 1),
(72, 184, 4),
(8, 184, 2),
(42, 184, 4),
(20, 184, 4),
(178, 185, 2),
(113, 185, 5),
(155, 185, 1),
(215, 185, 2),
(104, 185, 1),
(37, 186, 4),
(174, 186, 3),
(206, 186, 3),
(83, 186, 5),
(106, 186, 3),
(152, 186, 3),
(88, 186, 4),
(194, 186, 4),
(144, 186, 5),
(69, 187, 4),
(214, 187, 2),
(207, 187, 2),
(113, 187, 2),
(201, 187, 2),
(163, 187, 2),
(13, 187, 3),
(27, 187, 4),
(81, 188, 5),
(187, 188, 1),
(186, 188, 3),
(112, 188, 4),
(217, 188, 3),
(236, 188, 2),
(7, 188, 3),
(19, 188, 4),
(160, 189, 3),
(37, 189, 2),
(72, 189, 2),
(159, 189, 4),
(216, 189, 3),
(122, 189, 4),
(138, 189, 1),
(128, 189, 5),
(204, 190, 1),
(32, 190, 5),
(238, 190, 5),
(20, 190, 3),
(60, 190, 4),
(76, 190, 2),
(198, 190, 4),
(191, 190, 2),
(108, 190, 5),
(156, 191, 5),
(17, 191, 2),
(130, 191, 5),
(159, 191, 2),
(87, 191, 1),
(161, 191, 2),
(109, 191, 5),
(96, 192, 4),
(33, 192, 4),
(93, 192, 2),
(115, 192, 3),
(108, 192, 2),
(196, 192, 1),
(218, 193, 4),
(159, 193, 1),
(4, 193, 5),
(147, 193, 4),
(228, 193, 1),
(31, 193, 2),
(8, 194, 5),
(136, 194, 2),
(95, 194, 4),
(163, 194, 4),
(16, 194, 3),
(97, 194, 3),
(124, 194, 2),
(228, 194, 1),
(123, 195, 1),
(84, 195, 1),
(98, 195, 5),
(180, 195, 4),
(127, 195, 2),
(177, 195, 5),
(231, 195, 2),
(36, 195, 5),
(76, 195, 4),
(201, 196, 4),
(200, 196, 1),
(208, 196, 4),
(70, 196, 5),
(103, 196, 2),
(78, 196, 3),
(117, 196, 2),
(40, 197, 3),
(127, 197, 3),
(207, 197, 3),
(197, 197, 3),
(215, 197, 5),
(44, 197, 1),
(26, 197, 3),
(49, 197, 4),
(38, 198, 5),
(208, 198, 5),
(132, 198, 1),
(14, 198, 4),
(53, 198, 4),
(138, 198, 1),
(33, 198, 2),
(185, 198, 1),
(230, 198, 2),
(117, 199, 4),
(103, 199, 3),
(184, 199, 4),
(105, 199, 1),
(111, 199, 4),
(85, 200, 4),
(185, 200, 1),
(25, 200, 5),
(167, 200, 5),
(211, 200, 3),
(158, 200, 4),
(118, 200, 5),
(216, 200, 5),
(51, 201, 3),
(127, 201, 5),
(82, 201, 1),
(176, 201, 2),
(35, 201, 4),
(24, 201, 3),
(101, 206, 4),
(133, 206, 4),
(127, 206, 1),
(51, 206, 3),
(167, 206, 3),
(14, 206, 3),
(174, 206, 5),
(218, 206, 1),
(125, 206, 3),
(33, 201, 5),
(216, 69, 5);

-- --------------------------------------------------------

--
-- Tablo için tablo yapısı `products_media`
--

DROP TABLE IF EXISTS `products_media`;
CREATE TABLE IF NOT EXISTS `products_media` (
  `p_id` int(11) NOT NULL,
  `p_media` varchar(255) COLLATE utf8_turkish_ci NOT NULL,
  KEY `p_id` (`p_id`)
) ENGINE=InnoDB DEFAULT CHARSET=utf8 COLLATE=utf8_turkish_ci;

--
-- Tablo döküm verisi `products_media`
--

INSERT INTO `products_media` (`p_id`, `p_media`) VALUES
(1, '.././seller/arya/img/k-tsort-1.jpg'),
(2, '.././seller/arya/img/k-tsort-2.jpg'),
(3, '.././seller/arya/img/k-tsort-3.jpg'),
(4, '.././seller/arya/img/k-tsort-4.jpg'),
(5, '.././seller/arya/img/k-tsort-5.jpg'),
(6, '.././seller/arya/img/k-tsort-6.jpg'),
(7, '.././seller/arya/img/k-tsort-7.jpg'),
(8, '.././seller/arya/img/k-tsort-8.jpg'),
(9, '.././seller/arya/img/k-tsort-9.jpg'),
(10, '.././seller/arya/img/k-tsort-10.jpg'),
(11, '.././seller/arya/img/k-hirka-1.jpg'),
(12, '.././seller/arya/img/k-hirka-2.jpg'),
(13, '.././seller/arya/img/k-hirka-3.jpg'),
(14, '.././seller/arya/img/k-hirka-4.jpg'),
(15, '.././seller/arya/img/k-hirka-5.jpg'),
(16, '.././seller/arya/img/k-hirka-6.jpg'),
(17, '.././seller/arya/img/k-hirka-7.jpg'),
(18, '.././seller/arya/img/k-hirka-8.jpg'),
(19, '.././seller/arya/img/k-hirka-9.jpg'),
(20, '.././seller/arya/img/k-hirka-10.jpg'),
(21, '.././seller/arya/img/k-sweet-1.jpg'),
(22, '.././seller/arya/img/k-sweet-2.jpg'),
(23, '.././seller/arya/img/k-sweet-3.jpg'),
(24, '.././seller/arya/img/k-sweet-4.jpg'),
(25, '.././seller/arya/img/k-sweet-5.jpg'),
(26, '.././seller/arya/img/k-sweet-6.jpg'),
(27, '.././seller/arya/img/k-sweet-7.jpg'),
(28, '.././seller/arya/img/k-sweet-8.jpg'),
(29, '.././seller/arya/img/k-sweet-9.jpg'),
(30, '.././seller/arya/img/k-sweet-10.jpg'),
(31, '.././seller/arya/img/k-sweet-11.jpg'),
(32, '.././seller/arya/img/k-sweet-12.jpg'),
(33, '.././seller/arya/img/k-sweet-13.jpg'),
(34, '.././seller/arya/img/k-sweet-14.jpg'),
(35, '.././seller/arya/img/k-sweet-15.jpg'),
(36, '.././seller/arya/img/k-pant-1.jpg'),
(37, '.././seller/arya/img/k-pant-2.jpg'),
(38, '.././seller/arya/img/k-pant-3.jpg'),
(39, '.././seller/arya/img/k-pant-4.jpg'),
(40, '.././seller/arya/img/k-pant-5.jpg'),
(41, '.././seller/arya/img/k-pant-6.jpg'),
(42, '.././seller/arya/img/k-pant-7.jpg'),
(43, '.././seller/arya/img/k-pant-8.jpg'),
(44, '.././seller/arya/img/k-pant-9.jpg'),
(45, '.././seller/arya/img/k-pant-10.jpg'),
(46, '.././seller/arya/img/k-gomlek-1.jpg'),
(47, '.././seller/arya/img/k-gomlek-2.jpg'),
(48, '.././seller/arya/img/k-gomlek-3.jpg'),
(49, '.././seller/arya/img/k-gomlek-4.jpg'),
(50, '.././seller/arya/img/k-gomlek-5.jpg'),
(51, '.././seller/arya/img/k-gomlek-6.jpg'),
(52, '.././seller/arya/img/k-gomlek-7.jpg'),
(53, '.././seller/arya/img/k-gomlek-8.jpg'),
(54, '.././seller/arya/img/k-gomlek-9.jpg'),
(55, '.././seller/arya/img/k-gomlek-10.jpg'),
(56, '.././seller/arya/img/k-sort-1.jpg'),
(57, '.././seller/arya/img/k-sort-2.jpg'),
(58, '.././seller/arya/img/k-sort-3.jpg'),
(59, '.././seller/arya/img/k-sort-4.jpg'),
(60, '.././seller/arya/img/k-sort-5.jpg'),
(61, '.././seller/arya/img/k-sort-6.jpg'),
(62, '.././seller/arya/img/k-sort-7.jpg'),
(63, '.././seller/arya/img/k-sort-8.jpg'),
(64, '.././seller/arya/img/k-sort-9.jpg'),
(65, '.././seller/arya/img/k-sort-10.jpg'),
(66, '.././seller/arya/img/k-corap-1.jpg'),
(67, '.././seller/arya/img/k-corap-2.jpg'),
(68, '.././seller/arya/img/k-corap-3.jpg'),
(69, '.././seller/arya/img/k-corap-4.jpg'),
(70, '.././seller/arya/img/k-corap-5.jpg'),
(71, '.././seller/arya/img/k-corap-6.jpg'),
(72, '.././seller/arya/img/k-corap-7.jpg'),
(76, '.././seller/arya/img/k-corap-8.jpg'),
(77, '.././seller/arya/img/k-corap-9.jpg'),
(78, '.././seller/arya/img/k-corap-10.jpg'),
(79, '.././seller/arya/img/k-cuzdan-1.jpg'),
(80, '.././seller/arya/img/k-cuzdan-2.jpg'),
(81, '.././seller/arya/img/k-cuzdan-3.jpg'),
(82, '.././seller/arya/img/k-cuzdan-4.jpg'),
(83, '.././seller/arya/img/k-cuzdan-5.jpg'),
(84, '.././seller/arya/img/k-sal-1.jpg'),
(85, '.././seller/arya/img/k-sal-2.jpg'),
(86, '.././seller/arya/img/k-sal-3.jpg'),
(87, '.././seller/arya/img/k-sal-4.jpg'),
(88, '.././seller/arya/img/k-sal-5.jpg'),
(89, '.././seller/arya/img/k-taki-1.jpg'),
(90, '.././seller/arya/img/k-taki-2.jpg'),
(91, '.././seller/arya/img/k-taki-3.jpg'),
(92, '.././seller/arya/img/k-taki-4.jpg'),
(93, '.././seller/arya/img/k-taki-5.jpg'),
(94, '.././seller/arya/img/k-taki-6.jpg'),
(95, '.././seller/arya/img/k-taki-7.jpg'),
(96, '.././seller/arya/img/k-taki-8.jpg'),
(97, '.././seller/arya/img/k-taki-9.jpg'),
(98, '.././seller/arya/img/k-taki-10.jpg'),
(99, '.././seller/arya/img/k-ayakkabi-1.jpg'),
(100, '.././seller/arya/img/k-ayakkabi-2.jpg'),
(101, '.././seller/arya/img/k-ayakkabi-3.jpg'),
(102, '.././seller/arya/img/k-kemer-1.jpg'),
(103, '.././seller/arya/img/k-kemer-2.jpg'),
(104, '.././seller/arya/img/k-kemer-3.jpg'),
(105, '.././seller/arya/img/k-kemer-5.jpg'),
(106, '.././seller/arya/img/k-canta-1.jpg'),
(107, '.././seller/arya/img/k-canta-2.jpg'),
(108, '.././seller/arya/img/k-canta-3.jpg'),
(109, '.././seller/arya/img/k-canta-4.jpg'),
(110, '.././seller/arya/img/k-canta-5.jpg'),
(111, '.././seller/arya/img/k-canta-6.jpg'),
(112, '.././seller/arya/img/k-canta-7.jpg'),
(113, '.././seller/arya/img/k-canta-8.jpg'),
(114, '.././seller/arya/img/k-canta-9.jpg'),
(115, '.././seller/arya/img/k-canta-10.jpg'),
(116, '.././seller/arya/img/k-elbise-1.jpg'),
(117, '.././seller/arya/img/k-elbise-2.jpg'),
(118, '.././seller/arya/img/k-elbise-3.jpg'),
(119, '.././seller/arya/img/k-elbise-4.jpg'),
(120, '.././seller/arya/img/k-elbise-5.jpg'),
(121, '.././seller/arya/img/k-elbise-6.jpg'),
(122, '.././seller/arya/img/k-elbise-7.jpg'),
(123, '.././seller/arya/img/k-elbise-8.jpg'),
(124, '.././seller/arya/img/k-elbise-9.jpg'),
(125, '.././seller/arya/img/k-elbise-10.jpg'),
(126, '.././seller/arya/img/k-etek-1.jpg'),
(127, '.././seller/arya/img/k-etek-2.jpg'),
(128, '.././seller/arya/img/k-etek-3.jpg'),
(129, '.././seller/arya/img/k-etek-4.jpg'),
(130, '.././seller/arya/img/k-etek-5.jpg'),
(131, '.././seller/arya/img/e-tisort-1.jpg'),
(132, '.././seller/arya/img/e-tisort-2.jpg'),
(133, '.././seller/arya/img/e-tisort-3.jpg'),
(134, '.././seller/arya/img/e-tisort-4.jpg'),
(135, '.././seller/arya/img/e-tisort-5.jpg'),
(136, '.././seller/arya/img/e-tisort-6.jpg'),
(137, '.././seller/arya/img/e-tisort-7.jpg'),
(138, '.././seller/arya/img/e-tisort-8.jpg'),
(139, '.././seller/arya/img/e-tisort-9.jpg'),
(140, '.././seller/arya/img/e-tisort-10.jpg'),
(141, '.././seller/arya/img/e-gomlek-1.jpg'),
(142, '.././seller/arya/img/e-gomlek-2.jpg'),
(143, '.././seller/arya/img/e-gomlek-3.jpg'),
(144, '.././seller/arya/img/e-gomlek-4.jpg'),
(145, '.././seller/arya/img/e-gomlek-5.jpg'),
(146, '.././seller/arya/img/e-gomlek-6.jpg'),
(147, '.././seller/arya/img/e-gomlek-7.jpg'),
(148, '.././seller/arya/img/e-gomlek-8.jpg'),
(149, '.././seller/arya/img/e-gomlek-9.jpg'),
(150, '.././seller/arya/img/e-gomlek-10.jpg'),
(151, '.././seller/arya/img/e-hirka-1.jpg'),
(152, '.././seller/arya/img/e-hirka-2.jpg'),
(153, '.././seller/arya/img/e-hirka-3.jpg'),
(154, '.././seller/arya/img/e-hirka-4.jpg'),
(155, '.././seller/arya/img/e-hirka-5.jpg'),
(156, '.././seller/arya/img/e-hirka-6.jpg'),
(157, '.././seller/arya/img/e-hirka-7.jpg'),
(158, '.././seller/arya/img/e-hirka-8.jpg'),
(159, '.././seller/arya/img/e-hirka-9.jpg'),
(160, '.././seller/arya/img/e-hirka-10.jpg'),
(161, '.././seller/arya/img/e-sweat-1.jpg'),
(162, '.././seller/arya/img/e-sweat-2.jpg'),
(163, '.././seller/arya/img/e-sweat-3.jpg'),
(164, '.././seller/arya/img/e-sweat-4.jpg'),
(165, '.././seller/arya/img/e-sweat-5.jpg'),
(166, '.././seller/arya/img/e-sweat-6.jpg'),
(167, '.././seller/arya/img/e-sweat-7.jpg'),
(168, '.././seller/arya/img/e-sweat-8.jpg'),
(169, '.././seller/arya/img/e-sweat-9.jpg'),
(170, '.././seller/arya/img/e-pant-1.jpg'),
(171, '.././seller/arya/img/e-pant-2.jpg'),
(172, '.././seller/arya/img/e-pant-3.jpg'),
(173, '.././seller/arya/img/e-pant-4.jpg'),
(174, '.././seller/arya/img/e-pant-5.jpg'),
(175, '.././seller/arya/img/e-pant-6.jpg'),
(176, '.././seller/arya/img/e-pant-7.jpg'),
(177, '.././seller/arya/img/e-pant-8.jpg'),
(178, '.././seller/arya/img/e-pant-9.jpg'),
(179, '.././seller/arya/img/e-sort-1.jpg'),
(180, '.././seller/arya/img/e-sort-2.jpg'),
(181, '.././seller/arya/img/e-sort-3.jpg'),
(182, '.././seller/arya/img/e-sort-4.jpg'),
(183, '.././seller/arya/img/e-sort-5.jpg'),
(184, '.././seller/arya/img/e-sort-6.jpg'),
(185, '.././seller/arya/img/e-sort-7.jpg'),
(186, '.././seller/arya/img/e-sort-8.jpg'),
(187, '.././seller/arya/img/e-sort-9.jpg'),
(188, '.././seller/arya/img/e-corap-1.jpg'),
(189, '.././seller/arya/img/e-corap-2.jpg'),
(190, '.././seller/arya/img/e-corap-3.jpg'),
(191, '.././seller/arya/img/e-corap-4.jpg'),
(192, '.././seller/arya/img/e-corap-5.jpg'),
(193, '.././seller/arya/img/e-corap-6.jpg'),
(194, '.././seller/arya/img/e-corap-7.jpg'),
(195, '.././seller/arya/img/e-corap-8.jpg'),
(196, '.././seller/arya/img/e-corap-9.jpg'),
(197, '.././seller/arya/img/e-cuzdan-1.jpg'),
(198, '.././seller/arya/img/e-cuzdan-2.jpg'),
(199, '.././seller/arya/img/e-cuzdan-3.jpg'),
(200, '.././seller/arya/img/e-cuzdan-4.jpg'),
(201, '.././seller/arya/img/e-cuzdan-5.jpg'),
(202, '.././seller/arya/img/e-canta-1.jpg'),
(203, '.././seller/arya/img/e-canta-2.jpg'),
(204, '.././seller/arya/img/e-canta-3.jpg'),
(205, '.././seller/arya/img/e-canta-4.jpg'),
(206, '.././seller/arya/img/e-canta-5.jpg'),
(207, '.././seller/arya/img/e-canta-6.jpg'),
(208, '.././seller/arya/img/e-kemer-1.jpg'),
(209, '.././seller/arya/img/e-kemer-2.jpg'),
(210, '.././seller/arya/img/e-kemer-3.jpg'),
(211, '.././seller/arya/img/e-kemer-4.jpg'),
(212, '.././seller/arya/img/e-kemer-5.jpg'),
(213, '.././seller/arya/img/e-hat-1.jpg'),
(214, '.././seller/arya/img/e-hat-2.jpg'),
(215, '.././seller/arya/img/e-hat-3.jpg'),
(216, '.././seller/arya/img/e-hat-4.jpg'),
(217, '.././seller/arya/img/e-hat-5.jpg'),
(218, '.././seller/arya/img/e-hat-6.jpg'),
(219, '.././seller/arya/img/e-hat-7.jpg'),
(220, '.././seller/arya/img/e-hat-8.jpg'),
(221, '.././seller/arya/img/e-shoes-1.jpg'),
(222, '.././seller/arya/img/e-shoes-2.jpg'),
(223, '.././seller/arya/img/e-shoes-3.jpg'),
(224, '.././seller/arya/img/e-parfum-1.jpg'),
(225, '.././seller/arya/img/e-parfum-2.jpg'),
(226, '.././seller/arya/img/e-parfum-3.jpg'),
(227, '.././seller/arya/img/e-parfum-4.jpg'),
(228, '.././seller/arya/img/e-parfum-5.jpg'),
(229, '.././seller/arya/img/e-parfum-6.jpg'),
(230, '.././seller/arya/img/e-parfum-7.jpg'),
(231, '.././seller/arya/img/e-parfum-8.jpg'),
(232, '.././seller/arya/img/e-taki-1.jpg'),
(233, '.././seller/arya/img/e-taki-2.jpg'),
(234, '.././seller/arya/img/e-taki-3.jpg'),
(235, '.././seller/arya/img/e-taki-4.jpg'),
(236, '.././seller/arya/img/e-taki-5.jpg'),
(237, '.././seller/arya/img/e-taki-6.jpg'),
(238, '.././seller/arya/img/e-taki-7.jpg'),
(239, '.././seller/arya/img/e-taki-8.jpg');

-- --------------------------------------------------------

--
-- Tablo için tablo yapısı `products_shop_cart`
--

DROP TABLE IF EXISTS `products_shop_cart`;
CREATE TABLE IF NOT EXISTS `products_shop_cart` (
  `p_id` int(11) NOT NULL,
  `sc_id` int(11) NOT NULL,
  `sc_piece` int(11) NOT NULL,
  `sc_total` double(9,2) NOT NULL,
  `b_id` int(11) NOT NULL,
  KEY `p_id` (`p_id`),
  KEY `sc_id` (`sc_id`)
) ENGINE=InnoDB DEFAULT CHARSET=utf8 COLLATE=utf8_turkish_ci;

--
-- Tablo döküm verisi `products_shop_cart`
--

INSERT INTO `products_shop_cart` (`p_id`, `sc_id`, `sc_piece`, `sc_total`, `b_id`) VALUES
(121, 1, 1, 169.99, 5),
(60, 1, 2, 259.98, 5),
(60, 2, 2, 259.98, 5),
(72, 2, 1, 11.99, 1),
(37, 2, 1, 149.99, 5),
(101, 3, 2, 149.98, 11),
(56, 3, 1, 119.99, 5),
(23, 3, 2, 259.98, 5),
(106, 4, 1, 159.99, 1),
(91, 4, 2, 99.98, 1),
(46, 4, 1, 129.99, 4),
(29, 5, 1, 119.99, 5),
(99, 5, 1, 64.99, 12),
(22, 6, 1, 149.99, 5),
(95, 6, 2, 119.98, 1),
(14, 6, 2, 461.98, 5),
(127, 7, 1, 129.99, 5),
(40, 8, 2, 279.98, 6),
(52, 9, 2, 209.98, 6),
(88, 10, 1, 44.99, 1),
(61, 11, 2, 259.98, 6),
(91, 11, 2, 99.98, 1),
(92, 11, 1, 39.99, 1),
(109, 12, 1, 99.99, 1),
(17, 12, 1, 289.99, 6),
(38, 13, 2, 279.98, 6),
(57, 14, 2, 239.98, 6),
(63, 14, 2, 279.98, 6),
(95, 15, 2, 119.98, 1),
(26, 15, 1, 90.99, 6),
(57, 16, 1, 119.99, 3),
(116, 17, 2, 219.98, 6),
(97, 18, 2, 119.98, 1),
(84, 18, 2, 89.98, 1),
(47, 18, 2, 199.98, 6),
(46, 19, 2, 259.98, 2),
(47, 19, 1, 99.99, 2),
(100, 19, 1, 64.99, 9),
(37, 20, 1, 149.99, 2),
(56, 21, 2, 239.98, 2),
(82, 21, 1, 69.99, 1),
(38, 22, 1, 139.99, 2),
(25, 22, 2, 319.98, 2),
(71, 23, 2, 23.98, 1),
(117, 23, 1, 159.99, 2),
(107, 24, 2, 319.98, 1),
(66, 25, 1, 11.99, 1),
(68, 25, 2, 21.98, 1),
(39, 26, 1, 169.99, 5),
(126, 26, 1, 149.99, 5),
(96, 26, 2, 79.98, 1),
(49, 27, 1, 159.99, 5),
(83, 27, 1, 89.99, 1),
(77, 28, 2, 19.98, 1),
(6, 28, 2, 79.98, 2),
(98, 29, 2, 99.98, 1),
(84, 29, 1, 44.99, 1),
(76, 29, 1, 11.99, 1),
(62, 30, 2, 259.98, 3),
(30, 30, 2, 179.98, 3),
(125, 30, 2, 339.98, 3),
(41, 31, 1, 139.99, 6),
(1, 31, 2, 119.98, 6),
(104, 32, 1, 39.99, 1),
(33, 32, 2, 199.98, 6),
(113, 33, 2, 299.98, 1),
(96, 34, 1, 39.99, 1),
(47, 34, 1, 99.99, 6),
(65, 35, 1, 99.99, 6),
(33, 36, 1, 99.99, 6),
(12, 37, 2, 489.98, 6),
(128, 38, 1, 139.99, 3),
(114, 38, 2, 209.98, 1),
(123, 38, 1, 179.99, 3),
(87, 39, 1, 49.99, 1),
(55, 39, 2, 239.98, 3),
(101, 39, 1, 74.99, 9),
(38, 40, 2, 279.98, 3),
(101, 40, 1, 74.99, 9),
(10, 41, 1, 59.99, 5),
(107, 41, 1, 159.99, 1),
(58, 42, 2, 299.98, 3),
(6, 42, 2, 79.98, 3),
(26, 42, 2, 181.98, 3),
(105, 43, 1, 39.99, 1),
(34, 43, 1, 99.99, 3),
(90, 44, 1, 49.99, 1),
(37, 44, 1, 149.99, 3),
(51, 44, 1, 149.99, 3),
(3, 45, 2, 139.98, 3),
(60, 45, 1, 129.99, 3),
(117, 46, 1, 159.99, 3),
(64, 46, 1, 119.99, 3),
(20, 46, 1, 189.99, 3),
(19, 47, 1, 229.99, 6),
(52, 48, 2, 209.98, 2),
(112, 48, 2, 239.98, 1),
(116, 48, 1, 109.99, 2),
(17, 49, 1, 289.99, 2),
(127, 50, 2, 259.98, 2),
(62, 50, 2, 259.98, 2),
(95, 50, 1, 59.99, 1),
(35, 51, 2, 199.98, 2),
(103, 51, 2, 199.98, 1),
(41, 51, 1, 139.99, 2),
(87, 52, 1, 49.99, 1),
(62, 52, 2, 259.98, 3),
(82, 53, 1, 69.99, 1),
(41, 54, 2, 279.98, 3),
(32, 54, 1, 104.99, 3),
(62, 54, 2, 259.98, 3),
(120, 55, 2, 339.98, 5),
(29, 55, 2, 239.98, 5),
(52, 55, 1, 104.99, 5),
(98, 56, 2, 99.98, 1),
(41, 56, 1, 139.99, 5),
(82, 57, 2, 139.98, 1),
(18, 58, 2, 399.98, 2),
(118, 58, 2, 259.98, 2),
(51, 58, 1, 149.99, 2),
(13, 59, 2, 459.98, 2),
(127, 59, 2, 259.98, 2),
(84, 60, 1, 44.99, 1),
(112, 60, 2, 239.98, 1),
(118, 61, 2, 259.98, 3),
(41, 61, 1, 139.99, 3),
(49, 61, 1, 159.99, 3),
(83, 62, 2, 179.98, 1),
(60, 63, 2, 259.98, 3),
(59, 64, 2, 279.98, 3),
(8, 64, 2, 119.98, 3),
(95, 65, 1, 59.99, 1),
(51, 65, 1, 149.99, 6),
(54, 65, 2, 179.98, 6),
(81, 66, 1, 79.99, 1),
(4, 67, 2, 119.98, 4),
(67, 67, 1, 9.99, 1),
(64, 67, 2, 239.98, 4),
(52, 68, 1, 104.99, 6),
(47, 69, 1, 99.99, 6),
(44, 69, 2, 259.98, 6),
(77, 69, 2, 19.98, 1),
(14, 70, 1, 230.99, 6),
(124, 71, 1, 159.99, 6),
(37, 71, 2, 299.98, 6),
(111, 71, 1, 129.99, 1),
(101, 72, 1, 74.99, 13),
(1, 73, 1, 59.99, 4),
(28, 73, 1, 119.99, 4),
(37, 74, 2, 299.98, 4),
(12, 75, 2, 489.98, 4),
(128, 76, 2, 279.98, 4),
(60, 77, 2, 259.98, 5),
(16, 77, 2, 339.98, 5),
(108, 77, 2, 319.98, 1),
(22, 78, 2, 299.98, 5),
(96, 78, 2, 79.98, 1),
(46, 79, 1, 129.99, 5),
(59, 80, 2, 279.98, 5),
(127, 80, 1, 129.99, 5),
(69, 81, 1, 11.99, 1),
(97, 81, 2, 119.98, 1),
(11, 81, 2, 399.98, 5),
(112, 82, 1, 119.99, 1),
(18, 82, 2, 399.98, 6),
(30, 83, 2, 179.98, 6),
(46, 83, 1, 129.99, 6),
(61, 84, 1, 129.99, 6),
(118, 85, 1, 129.99, 6),
(69, 86, 2, 23.98, 1),
(63, 86, 1, 139.99, 4),
(67, 87, 2, 19.98, 1),
(61, 88, 2, 259.98, 2),
(22, 88, 2, 299.98, 2),
(69, 89, 1, 11.99, 1),
(71, 89, 1, 11.99, 1),
(127, 89, 1, 129.99, 2),
(8, 90, 1, 59.99, 2),
(6, 90, 1, 39.99, 2),
(118, 90, 2, 259.98, 2),
(108, 91, 1, 159.99, 1),
(104, 91, 1, 39.99, 1),
(20, 91, 2, 379.98, 2),
(125, 92, 2, 339.98, 2),
(92, 92, 2, 79.98, 1),
(111, 92, 1, 129.99, 1),
(72, 93, 2, 23.98, 1),
(115, 93, 1, 139.99, 1),
(88, 94, 2, 89.98, 1),
(77, 94, 2, 19.98, 1),
(36, 95, 1, 169.99, 4),
(101, 95, 2, 149.98, 11),
(76, 96, 1, 11.99, 1),
(90, 96, 1, 49.99, 1),
(86, 96, 2, 89.98, 1),
(17, 97, 1, 289.99, 4),
(71, 98, 2, 23.98, 1),
(97, 98, 1, 59.99, 1),
(39, 98, 2, 339.98, 4),
(128, 99, 1, 139.99, 2),
(2, 99, 2, 79.98, 2),
(7, 100, 1, 89.99, 2),
(7, 100, 1, 89.99, 2),
(68, 101, 2, 21.98, 1),
(126, 101, 2, 299.98, 2),
(94, 102, 1, 49.99, 1),
(80, 103, 1, 89.99, 1),
(105, 103, 2, 79.98, 1),
(88, 103, 2, 89.98, 1),
(112, 104, 1, 119.99, 1),
(114, 105, 2, 209.98, 1),
(42, 105, 2, 259.98, 5),
(7, 105, 1, 89.99, 5),
(66, 106, 2, 23.98, 1),
(35, 106, 1, 99.99, 5),
(31, 106, 2, 159.98, 5),
(130, 107, 2, 199.98, 5),
(99, 107, 2, 129.98, 12),
(60, 107, 2, 259.98, 5),
(11, 108, 1, 199.99, 6),
(99, 108, 1, 64.99, 13),
(127, 109, 1, 129.99, 6),
(49, 110, 2, 319.98, 2),
(12, 111, 1, 244.99, 2),
(36, 111, 2, 339.98, 2),
(117, 111, 1, 159.99, 2),
(18, 112, 2, 399.98, 2),
(7, 112, 2, 179.98, 2),
(18, 113, 1, 199.99, 2),
(82, 113, 1, 69.99, 1),
(70, 113, 2, 19.98, 1),
(105, 114, 1, 39.99, 1),
(111, 114, 1, 129.99, 1),
(124, 114, 2, 319.98, 2),
(96, 115, 2, 79.98, 1),
(100, 116, 1, 64.99, 16),
(118, 116, 1, 129.99, 6),
(121, 117, 1, 169.99, 6),
(112, 117, 1, 119.99, 1),
(91, 118, 2, 99.98, 1),
(114, 118, 1, 104.99, 1),
(43, 118, 1, 109.99, 3),
(95, 119, 2, 119.98, 1),
(117, 119, 2, 319.98, 3),
(36, 119, 1, 169.99, 3),
(59, 120, 2, 279.98, 3),
(33, 120, 1, 99.99, 3),
(90, 121, 2, 99.98, 1),
(55, 121, 1, 119.99, 3),
(4, 123, 2, 119.98, 2),
(88, 123, 1, 44.99, 1),
(92, 123, 1, 39.99, 1),
(14, 124, 1, 230.99, 5),
(4, 124, 2, 119.98, 5),
(50, 124, 1, 119.99, 5),
(7, 125, 2, 179.98, 5),
(72, 126, 1, 11.99, 1),
(81, 127, 1, 79.99, 1),
(61, 128, 1, 129.99, 6),
(119, 128, 1, 159.99, 6),
(78, 128, 1, 10.99, 1),
(42, 129, 1, 129.99, 6),
(124, 129, 1, 159.99, 6),
(14, 130, 2, 461.98, 6),
(83, 131, 1, 89.99, 1),
(15, 131, 1, 249.99, 5),
(120, 131, 1, 169.99, 5),
(32, 132, 1, 104.99, 5),
(48, 133, 2, 199.98, 5),
(51, 133, 2, 299.98, 5),
(21, 133, 1, 99.99, 5),
(67, 134, 2, 19.98, 1),
(128, 134, 2, 279.98, 5),
(35, 134, 1, 99.99, 5),
(88, 136, 2, 89.98, 1),
(89, 136, 2, 119.98, 1),
(46, 137, 1, 129.99, 6),
(103, 137, 1, 99.99, 1),
(69, 138, 1, 11.99, 1),
(59, 138, 1, 139.99, 2),
(102, 138, 1, 69.99, 1),
(6, 139, 1, 39.99, 2),
(89, 139, 1, 59.99, 1),
(41, 139, 2, 279.98, 2),
(4, 140, 2, 119.98, 2),
(31, 140, 1, 79.99, 2),
(68, 140, 2, 21.98, 1),
(41, 141, 1, 139.99, 3),
(11, 142, 2, 399.98, 3),
(90, 142, 1, 49.99, 1),
(108, 143, 1, 159.99, 1),
(80, 143, 1, 89.99, 1),
(82, 144, 2, 139.98, 1),
(121, 144, 1, 169.99, 4),
(129, 144, 1, 129.99, 4),
(94, 145, 1, 49.99, 1),
(115, 146, 2, 279.98, 1),
(107, 147, 2, 319.98, 1),
(67, 147, 1, 9.99, 1),
(83, 148, 1, 89.99, 1),
(70, 148, 1, 9.99, 1),
(85, 148, 1, 52.99, 1),
(13, 149, 1, 229.99, 4),
(129, 149, 2, 259.98, 4),
(35, 150, 2, 199.98, 4),
(92, 151, 1, 39.99, 1),
(110, 151, 2, 199.98, 1),
(67, 152, 1, 9.99, 1),
(109, 152, 1, 99.99, 1),
(110, 153, 2, 199.98, 1),
(83, 153, 2, 179.98, 1),
(25, 154, 1, 159.99, 2),
(17, 154, 2, 579.98, 2),
(85, 156, 2, 105.98, 1),
(124, 156, 1, 159.99, 3),
(111, 157, 2, 259.98, 1),
(54, 157, 1, 89.99, 3),
(98, 157, 2, 99.98, 1),
(19, 158, 1, 229.99, 3),
(61, 158, 1, 129.99, 3),
(59, 159, 1, 139.99, 4),
(117, 160, 1, 159.99, 4),
(83, 160, 2, 179.98, 1),
(113, 161, 1, 149.99, 1),
(87, 161, 2, 99.98, 1),
(92, 161, 2, 79.98, 1),
(65, 162, 2, 199.98, 4),
(125, 163, 1, 169.99, 3),
(13, 163, 1, 229.99, 3),
(115, 164, 2, 279.98, 1),
(3, 165, 2, 139.98, 3),
(64, 165, 2, 239.98, 3),
(113, 166, 2, 299.98, 1),
(81, 167, 1, 79.99, 1),
(96, 167, 1, 39.99, 1),
(54, 168, 1, 89.99, 2),
(11, 169, 2, 399.98, 2),
(54, 169, 1, 89.99, 2),
(52, 170, 1, 104.99, 4),
(68, 170, 1, 10.99, 1),
(46, 170, 1, 129.99, 4),
(37, 171, 2, 299.98, 4),
(98, 171, 1, 49.99, 1),
(48, 172, 1, 99.99, 4),
(1, 173, 2, 119.98, 4),
(80, 173, 2, 179.98, 1),
(76, 174, 2, 23.98, 1),
(89, 174, 2, 119.98, 1),
(13, 175, 2, 459.98, 3),
(8, 175, 1, 59.99, 3),
(80, 175, 2, 179.98, 1),
(34, 176, 2, 199.98, 3),
(28, 176, 1, 119.99, 3),
(110, 177, 2, 199.98, 1),
(58, 177, 2, 299.98, 3),
(93, 178, 1, 69.99, 1),
(63, 178, 2, 279.98, 5),
(93, 179, 2, 139.98, 1),
(65, 179, 2, 199.98, 5),
(58, 179, 1, 149.99, 5),
(69, 180, 1, 11.99, 1),
(33, 181, 1, 99.99, 5),
(70, 181, 1, 9.99, 1),
(88, 182, 2, 89.98, 1),
(53, 182, 1, 149.99, 6),
(14, 183, 2, 461.98, 6),
(98, 183, 1, 49.99, 1),
(2, 184, 2, 79.98, 6),
(9, 184, 1, 45.99, 6),
(130, 185, 1, 99.99, 6),
(63, 186, 2, 279.98, 6),
(56, 186, 2, 239.98, 6),
(45, 186, 2, 259.98, 6),
(122, 187, 1, 189.99, 6),
(22, 187, 1, 149.99, 6),
(42, 187, 1, 129.99, 6),
(95, 188, 1, 59.99, 1),
(96, 189, 1, 39.99, 1),
(69, 189, 1, 11.99, 1),
(121, 190, 2, 339.98, 4),
(33, 190, 1, 99.99, 4),
(13, 191, 2, 459.98, 3),
(66, 191, 1, 11.99, 1),
(104, 191, 1, 39.99, 1),
(71, 192, 2, 23.98, 1),
(1, 192, 1, 59.99, 3),
(107, 192, 2, 319.98, 1),
(117, 193, 2, 319.98, 3),
(3, 193, 1, 69.99, 3),
(60, 193, 1, 129.99, 3),
(32, 194, 2, 209.98, 2),
(14, 194, 1, 230.99, 2),
(79, 195, 1, 79.99, 1),
(81, 195, 2, 159.98, 1),
(97, 195, 2, 119.98, 1),
(8, 196, 2, 119.98, 5),
(19, 197, 1, 229.99, 5),
(6, 198, 2, 79.98, 4),
(66, 199, 2, 23.98, 1),
(102, 199, 1, 69.99, 1),
(94, 200, 2, 99.98, 1),
(14, 201, 2, 461.98, 3),
(117, 202, 1, 159.99, 6),
(37, 203, 1, 149.99, 6),
(10, 203, 2, 119.98, 6),
(52, 204, 1, 104.99, 6),
(121, 204, 2, 339.98, 6),
(10, 205, 1, 59.99, 5),
(51, 205, 1, 149.99, 5),
(43, 205, 1, 109.99, 5),
(58, 206, 2, 299.98, 5),
(44, 206, 1, 129.99, 5),
(58, 207, 1, 149.99, 5),
(12, 208, 1, 244.99, 6),
(40, 208, 2, 279.98, 6),
(62, 209, 2, 259.98, 6),
(125, 209, 1, 169.99, 6),
(14, 209, 1, 230.99, 6),
(91, 210, 2, 99.98, 1),
(106, 211, 2, 319.98, 1),
(117, 211, 2, 319.98, 2),
(24, 211, 1, 129.99, 2),
(130, 212, 1, 99.99, 4),
(119, 212, 2, 319.98, 4),
(44, 212, 1, 129.99, 4),
(117, 213, 1, 159.99, 4),
(91, 213, 1, 49.99, 1),
(117, 214, 2, 319.98, 4),
(56, 215, 2, 239.98, 4),
(18, 216, 2, 399.98, 4),
(58, 216, 1, 149.99, 4),
(99, 216, 1, 64.99, 11),
(17, 217, 1, 289.99, 6),
(18, 217, 2, 399.98, 6),
(103, 217, 2, 199.98, 1),
(16, 218, 1, 169.99, 6),
(100, 218, 1, 64.99, 16),
(62, 218, 2, 259.98, 6),
(33, 219, 1, 99.99, 6),
(121, 219, 1, 169.99, 6),
(32, 219, 1, 104.99, 6),
(31, 220, 2, 159.98, 6),
(9, 220, 1, 45.99, 6),
(106, 221, 2, 319.98, 1),
(114, 222, 1, 104.99, 1),
(65, 222, 1, 99.99, 4),
(50, 222, 1, 119.99, 4),
(66, 223, 2, 23.98, 1),
(122, 223, 1, 189.99, 4),
(43, 224, 1, 109.99, 4),
(71, 224, 1, 11.99, 1),
(50, 224, 1, 119.99, 4),
(88, 225, 1, 44.99, 1),
(30, 225, 1, 89.99, 4),
(72, 225, 2, 23.98, 1),
(48, 226, 1, 99.99, 4),
(17, 226, 1, 289.99, 4),
(48, 226, 2, 199.98, 4),
(119, 227, 2, 319.98, 3),
(5, 228, 1, 59.99, 3),
(78, 229, 1, 10.99, 1),
(106, 229, 2, 319.98, 1),
(32, 229, 2, 209.98, 5),
(49, 230, 1, 159.99, 5),
(97, 230, 2, 119.98, 1),
(8, 231, 2, 119.98, 5),
(4, 231, 2, 119.98, 5),
(60, 231, 2, 259.98, 5),
(96, 232, 1, 39.99, 1),
(25, 232, 2, 319.98, 5),
(86, 233, 1, 44.99, 1),
(86, 233, 2, 89.98, 1),
(67, 233, 2, 19.98, 1),
(87, 234, 1, 49.99, 1),
(12, 234, 1, 244.99, 6),
(12, 235, 2, 489.98, 6),
(58, 235, 2, 299.98, 6),
(34, 236, 1, 99.99, 6),
(64, 236, 2, 239.98, 6),
(88, 236, 1, 44.99, 1),
(53, 237, 1, 149.99, 3),
(30, 237, 1, 89.99, 3),
(113, 238, 2, 299.98, 1),
(9, 238, 2, 91.98, 3),
(85, 238, 1, 52.99, 1),
(84, 239, 1, 44.99, 1),
(59, 240, 1, 139.99, 2),
(51, 240, 2, 299.98, 2),
(9, 241, 1, 45.99, 2),
(127, 242, 1, 129.99, 2),
(88, 243, 2, 89.98, 1),
(101, 243, 2, 149.98, 7),
(122, 244, 1, 189.99, 2),
(22, 245, 1, 149.99, 3),
(113, 246, 2, 299.98, 1),
(43, 246, 2, 219.98, 3),
(23, 246, 1, 129.99, 3),
(31, 247, 1, 79.99, 5),
(121, 248, 2, 339.98, 5),
(96, 248, 2, 79.98, 1),
(81, 249, 2, 159.98, 1),
(30, 249, 2, 179.98, 5),
(53, 249, 2, 299.98, 5),
(76, 250, 2, 23.98, 1),
(97, 251, 1, 59.99, 1),
(62, 251, 1, 129.99, 5),
(84, 252, 1, 44.99, 1),
(84, 253, 1, 44.99, 1),
(64, 253, 1, 119.99, 5),
(4, 254, 1, 59.99, 5),
(59, 255, 2, 279.98, 5),
(106, 255, 1, 159.99, 1),
(19, 256, 2, 459.98, 3),
(55, 256, 1, 119.99, 3),
(9, 257, 2, 91.98, 3),
(71, 257, 2, 23.98, 1),
(43, 258, 2, 219.98, 3),
(67, 258, 1, 9.99, 1),
(114, 258, 1, 104.99, 1),
(29, 259, 2, 239.98, 3),
(16, 259, 2, 339.98, 3),
(1, 260, 1, 59.99, 3),
(4, 260, 2, 119.98, 3),
(77, 260, 1, 9.99, 1),
(112, 261, 2, 239.98, 1),
(32, 261, 2, 209.98, 3),
(92, 261, 2, 79.98, 1),
(109, 262, 2, 199.98, 1),
(55, 263, 1, 119.99, 6),
(128, 263, 1, 139.99, 6),
(113, 264, 1, 149.99, 1),
(109, 264, 1, 99.99, 1),
(64, 265, 1, 119.99, 5),
(37, 265, 1, 149.99, 5),
(105, 265, 2, 79.98, 1),
(84, 266, 2, 89.98, 1),
(84, 266, 1, 44.99, 1),
(18, 267, 2, 399.98, 5),
(4, 267, 2, 119.98, 5),
(63, 267, 2, 279.98, 5),
(125, 268, 2, 339.98, 5),
(58, 268, 1, 149.99, 5),
(44, 268, 1, 129.99, 5),
(5, 269, 1, 59.99, 5),
(121, 270, 1, 169.99, 2),
(71, 270, 2, 23.98, 1),
(63, 270, 1, 139.99, 2),
(23, 271, 1, 129.99, 2),
(83, 271, 2, 179.98, 1),
(119, 271, 2, 319.98, 2),
(126, 272, 1, 149.99, 2),
(24, 272, 2, 259.98, 2),
(87, 273, 1, 49.99, 1),
(69, 273, 1, 11.99, 1),
(90, 273, 2, 99.98, 1),
(127, 274, 1, 129.99, 6),
(30, 274, 1, 89.99, 6),
(86, 274, 1, 44.99, 1),
(89, 275, 2, 119.98, 1),
(106, 275, 1, 159.99, 1),
(56, 276, 2, 239.98, 6),
(69, 276, 2, 23.98, 1),
(95, 276, 2, 119.98, 1),
(58, 277, 2, 299.98, 6),
(127, 278, 2, 259.98, 6),
(121, 278, 2, 339.98, 6),
(48, 279, 1, 99.99, 6),
(6, 280, 1, 39.99, 4),
(109, 280, 1, 99.99, 1),
(25, 280, 2, 319.98, 4),
(78, 281, 2, 21.98, 1),
(111, 281, 1, 129.99, 1),
(62, 282, 1, 129.99, 5),
(116, 282, 2, 219.98, 5),
(55, 282, 1, 119.99, 5),
(19, 283, 1, 229.99, 5),
(122, 283, 2, 379.98, 5),
(107, 284, 1, 159.99, 1),
(58, 284, 2, 299.98, 5),
(21, 284, 1, 99.99, 5),
(90, 285, 2, 99.98, 1),
(50, 286, 2, 239.98, 2),
(13, 287, 2, 459.98, 2),
(80, 287, 1, 89.99, 1),
(93, 287, 2, 139.98, 1),
(30, 288, 2, 179.98, 2),
(34, 289, 2, 199.98, 2),
(90, 289, 2, 99.98, 1),
(66, 289, 2, 23.98, 1),
(122, 290, 2, 379.98, 2),
(93, 291, 1, 69.99, 1),
(99, 291, 2, 129.98, 7),
(60, 292, 2, 259.98, 2),
(102, 292, 1, 69.99, 1),
(96, 294, 1, 39.99, 1),
(3, 295, 2, 139.98, 4),
(117, 296, 2, 319.98, 6),
(11, 297, 1, 199.99, 6),
(95, 297, 1, 59.99, 1),
(26, 297, 2, 181.98, 6),
(105, 298, 2, 79.98, 1),
(62, 298, 1, 129.99, 2),
(108, 299, 1, 159.99, 1),
(53, 299, 1, 149.99, 2),
(34, 299, 2, 199.98, 2),
(109, 300, 1, 99.99, 1),
(22, 300, 1, 149.99, 2),
(105, 300, 2, 79.98, 1),
(42, 301, 1, 129.99, 5),
(106, 301, 1, 159.99, 1),
(82, 301, 2, 139.98, 1),
(57, 302, 2, 239.98, 5),
(29, 302, 2, 239.98, 5),
(105, 303, 1, 39.99, 1),
(125, 304, 1, 169.99, 5),
(98, 304, 1, 49.99, 1),
(11, 304, 2, 399.98, 5),
(98, 305, 2, 99.98, 1),
(29, 305, 2, 239.98, 3),
(84, 306, 1, 44.99, 1),
(97, 306, 1, 59.99, 1),
(13, 306, 2, 459.98, 4),
(117, 307, 2, 319.98, 4),
(25, 307, 2, 319.98, 4),
(51, 308, 1, 149.99, 4),
(119, 308, 1, 159.99, 4),
(126, 308, 2, 299.98, 4),
(21, 309, 2, 199.98, 4),
(33, 309, 1, 99.99, 4),
(14, 310, 1, 230.99, 3),
(62, 311, 1, 129.99, 3),
(25, 312, 2, 319.98, 2),
(81, 313, 2, 159.98, 1),
(122, 314, 1, 189.99, 2),
(63, 314, 2, 279.98, 2),
(216, 315, 2, 119.98, 1),
(237, 315, 2, 69.98, 1),
(154, 316, 2, 459.98, 6),
(169, 317, 2, 219.98, 4),
(214, 318, 1, 59.99, 1),
(215, 319, 1, 59.99, 1),
(181, 319, 2, 259.98, 2),
(142, 320, 2, 279.98, 5),
(235, 320, 2, 89.98, 1),
(207, 320, 1, 159.99, 1),
(184, 321, 2, 279.98, 5),
(228, 321, 1, 79.99, 1),
(188, 322, 2, 19.98, 1),
(210, 323, 1, 69.99, 1),
(198, 323, 1, 89.99, 1),
(202, 324, 2, 239.98, 1),
(154, 324, 2, 459.98, 4),
(196, 324, 2, 19.98, 1),
(191, 325, 2, 25.98, 1),
(230, 325, 1, 59.99, 1),
(234, 326, 2, 69.98, 1),
(198, 326, 2, 179.98, 1),
(149, 327, 2, 299.98, 2),
(147, 327, 1, 139.99, 2),
(221, 327, 2, 199.98, 10),
(221, 328, 1, 99.99, 10),
(161, 328, 1, 119.99, 2),
(197, 329, 1, 59.99, 1),
(211, 329, 2, 119.98, 1),
(239, 329, 2, 79.98, 1),
(196, 330, 1, 9.99, 1),
(211, 330, 2, 119.98, 1),
(134, 331, 1, 59.99, 2),
(182, 331, 1, 149.99, 2),
(225, 331, 2, 159.98, 1),
(136, 332, 1, 99.99, 2),
(166, 332, 1, 84.99, 2),
(226, 332, 1, 79.99, 1),
(158, 333, 1, 249.99, 2),
(226, 333, 1, 79.99, 1),
(138, 334, 1, 39.99, 2),
(161, 335, 1, 119.99, 2),
(232, 336, 1, 59.99, 1),
(175, 337, 1, 149.99, 6),
(210, 338, 1, 69.99, 1),
(167, 338, 2, 209.98, 6),
(207, 339, 1, 159.99, 1),
(239, 339, 2, 79.98, 1),
(206, 339, 1, 119.99, 1),
(222, 340, 1, 99.99, 8),
(175, 340, 1, 149.99, 3),
(225, 340, 1, 79.99, 1),
(170, 341, 1, 169.99, 3),
(136, 342, 2, 199.98, 4),
(134, 343, 2, 119.98, 5),
(230, 343, 1, 59.99, 1),
(220, 344, 1, 59.99, 1),
(133, 345, 1, 39.99, 5),
(211, 346, 1, 59.99, 1),
(205, 347, 2, 239.98, 1),
(173, 347, 1, 149.99, 5),
(213, 347, 2, 119.98, 1),
(221, 348, 1, 99.99, 11),
(204, 348, 1, 69.99, 1),
(173, 348, 1, 149.99, 5),
(171, 349, 2, 339.98, 5),
(166, 349, 1, 84.99, 5),
(212, 349, 2, 179.98, 1),
(214, 350, 2, 119.98, 1),
(136, 350, 2, 199.98, 3),
(175, 350, 2, 299.98, 3),
(134, 351, 1, 59.99, 3),
(156, 351, 2, 459.98, 3),
(224, 352, 2, 179.98, 1),
(169, 352, 2, 219.98, 2),
(170, 353, 2, 339.98, 2),
(182, 353, 2, 299.98, 2),
(218, 354, 2, 119.98, 1),
(182, 355, 2, 299.98, 2),
(191, 355, 1, 12.99, 1),
(151, 356, 1, 249.99, 4),
(141, 357, 2, 299.98, 4),
(196, 357, 2, 19.98, 1),
(172, 357, 2, 299.98, 4),
(234, 358, 1, 34.99, 1),
(171, 358, 1, 169.99, 4),
(135, 358, 1, 49.99, 4),
(234, 359, 1, 34.99, 1),
(145, 359, 1, 99.99, 4),
(222, 360, 1, 99.99, 13),
(131, 360, 2, 119.98, 4),
(152, 360, 1, 219.99, 4),
(211, 361, 1, 59.99, 1),
(239, 361, 1, 39.99, 1),
(139, 362, 2, 99.98, 3),
(157, 362, 2, 459.98, 3),
(216, 362, 2, 119.98, 1),
(147, 363, 2, 279.98, 3),
(151, 364, 2, 499.98, 5),
(211, 365, 1, 59.99, 1),
(187, 365, 1, 129.99, 2),
(178, 366, 2, 339.98, 2),
(232, 367, 1, 59.99, 1),
(239, 368, 1, 39.99, 1),
(226, 368, 1, 79.99, 1),
(178, 368, 2, 339.98, 2),
(135, 369, 2, 99.98, 2),
(161, 370, 1, 119.99, 5),
(198, 370, 2, 179.98, 1),
(225, 370, 1, 79.99, 1),
(158, 371, 2, 499.98, 5),
(149, 371, 2, 299.98, 5),
(152, 371, 2, 439.98, 5),
(204, 372, 2, 139.98, 1),
(139, 372, 2, 99.98, 5),
(174, 372, 1, 199.99, 5),
(190, 373, 2, 19.98, 1),
(159, 374, 1, 179.99, 3),
(184, 374, 1, 139.99, 3),
(195, 375, 1, 9.99, 1),
(210, 375, 1, 69.99, 1),
(213, 376, 2, 119.98, 1),
(173, 376, 1, 149.99, 4),
(180, 376, 2, 299.98, 4),
(179, 377, 2, 279.98, 5),
(174, 377, 2, 399.98, 5),
(187, 377, 2, 259.98, 5),
(169, 378, 2, 219.98, 5),
(162, 379, 1, 99.99, 5),
(141, 379, 2, 299.98, 5),
(226, 380, 2, 159.98, 1),
(147, 380, 2, 279.98, 3),
(131, 380, 2, 119.98, 3),
(213, 381, 2, 119.98, 1),
(178, 382, 2, 339.98, 3),
(194, 382, 1, 9.99, 1),
(184, 383, 2, 279.98, 6),
(176, 383, 1, 249.99, 6),
(155, 383, 2, 539.98, 6),
(216, 384, 1, 59.99, 1),
(139, 385, 2, 99.98, 6),
(147, 385, 1, 139.99, 6),
(160, 386, 1, 249.99, 6),
(188, 386, 2, 19.98, 1),
(142, 387, 1, 139.99, 2),
(205, 387, 2, 239.98, 1),
(210, 387, 1, 69.99, 1),
(137, 388, 1, 59.99, 2),
(219, 388, 2, 119.98, 1),
(149, 388, 1, 149.99, 2),
(229, 389, 2, 159.98, 1),
(206, 390, 1, 119.99, 1),
(181, 390, 2, 259.98, 4),
(191, 391, 2, 25.98, 1),
(229, 392, 2, 159.98, 1),
(224, 392, 1, 89.99, 1),
(221, 393, 2, 199.98, 12),
(138, 393, 2, 79.98, 4),
(180, 394, 2, 299.98, 4),
(227, 394, 1, 89.99, 1),
(179, 395, 1, 139.99, 4),
(210, 395, 1, 69.99, 1),
(209, 395, 2, 159.98, 1),
(230, 396, 2, 119.98, 1),
(138, 396, 2, 79.98, 4),
(163, 397, 1, 89.99, 2),
(197, 397, 1, 59.99, 1),
(133, 397, 2, 79.98, 2),
(169, 398, 2, 219.98, 2),
(146, 399, 2, 259.98, 2),
(232, 399, 1, 59.99, 1),
(179, 399, 1, 139.99, 2),
(148, 400, 1, 149.99, 6),
(160, 400, 2, 499.98, 6),
(165, 400, 1, 84.99, 6),
(198, 401, 2, 179.98, 1),
(224, 401, 2, 179.98, 1),
(157, 401, 2, 459.98, 4),
(146, 402, 1, 129.99, 3),
(217, 402, 2, 119.98, 1),
(133, 402, 1, 39.99, 3),
(195, 403, 1, 9.99, 1),
(168, 403, 2, 219.98, 4),
(137, 404, 2, 119.98, 4),
(146, 405, 2, 259.98, 4),
(175, 405, 2, 299.98, 4),
(182, 406, 2, 299.98, 4),
(150, 406, 2, 279.98, 4),
(214, 407, 1, 59.99, 1),
(191, 408, 1, 12.99, 1),
(173, 408, 1, 149.99, 6),
(224, 408, 1, 89.99, 1),
(143, 409, 2, 299.98, 6),
(199, 409, 2, 179.98, 1),
(150, 410, 2, 279.98, 6),
(178, 411, 1, 169.99, 6),
(212, 412, 1, 89.99, 1),
(213, 412, 2, 119.98, 1),
(155, 412, 1, 269.99, 5),
(190, 413, 2, 19.98, 1),
(163, 414, 2, 179.98, 6),
(137, 414, 2, 119.98, 6),
(239, 415, 2, 79.98, 1),
(134, 415, 1, 59.99, 6),
(135, 415, 1, 49.99, 6),
(170, 416, 1, 169.99, 6),
(148, 416, 2, 299.98, 6),
(194, 417, 2, 19.98, 1),
(165, 418, 1, 84.99, 6),
(172, 418, 2, 299.98, 6),
(149, 418, 1, 149.99, 6),
(187, 419, 1, 129.99, 2),
(156, 419, 1, 229.99, 2),
(233, 419, 2, 69.98, 1),
(203, 420, 1, 139.99, 1),
(215, 420, 1, 59.99, 1),
(134, 420, 1, 59.99, 2),
(218, 421, 1, 59.99, 1),
(159, 422, 1, 179.99, 2),
(171, 422, 1, 169.99, 2),
(180, 423, 1, 149.99, 2),
(159, 423, 1, 179.99, 2),
(237, 423, 2, 69.98, 1),
(158, 424, 1, 249.99, 6),
(218, 425, 2, 119.98, 1),
(207, 425, 2, 319.98, 1),
(217, 425, 1, 59.99, 1),
(231, 426, 2, 139.98, 1),
(145, 426, 1, 99.99, 2),
(176, 427, 2, 499.98, 2),
(186, 428, 1, 149.99, 2),
(217, 428, 1, 59.99, 1),
(135, 429, 1, 49.99, 2),
(158, 429, 2, 499.98, 2),
(224, 429, 1, 89.99, 1),
(189, 430, 2, 19.98, 1),
(222, 430, 2, 199.98, 11),
(197, 430, 2, 119.98, 1),
(136, 431, 1, 99.99, 5),
(164, 431, 1, 99.99, 5),
(147, 431, 1, 139.99, 5),
(194, 432, 2, 19.98, 1),
(211, 433, 1, 59.99, 1),
(216, 433, 1, 59.99, 1),
(186, 433, 1, 149.99, 3),
(225, 434, 1, 79.99, 1),
(226, 434, 2, 159.98, 1),
(219, 435, 1, 59.99, 1),
(194, 435, 2, 19.98, 1),
(177, 435, 1, 189.99, 3),
(210, 436, 2, 139.98, 1),
(213, 436, 2, 119.98, 1),
(162, 437, 1, 99.99, 3),
(191, 437, 1, 12.99, 1),
(152, 438, 1, 219.99, 3),
(238, 438, 1, 34.99, 1),
(207, 439, 1, 159.99, 1),
(222, 440, 2, 199.98, 11),
(180, 440, 2, 299.98, 4),
(187, 441, 2, 259.98, 4),
(224, 441, 2, 179.98, 1),
(179, 441, 2, 279.98, 4),
(233, 442, 2, 69.98, 1),
(156, 442, 2, 459.98, 4),
(197, 442, 2, 119.98, 1),
(218, 443, 1, 59.99, 1),
(186, 444, 2, 299.98, 4),
(220, 444, 1, 59.99, 1),
(137, 444, 1, 59.99, 4),
(235, 445, 1, 44.99, 1),
(211, 445, 1, 59.99, 1),
(226, 446, 1, 79.99, 1),
(172, 446, 2, 299.98, 3),
(211, 446, 1, 59.99, 1),
(137, 447, 2, 119.98, 3),
(187, 447, 1, 129.99, 3),
(205, 448, 2, 239.98, 1),
(229, 449, 1, 79.99, 1),
(238, 450, 1, 34.99, 1),
(203, 450, 1, 139.99, 1),
(209, 450, 2, 159.98, 1),
(220, 451, 2, 119.98, 1),
(200, 451, 2, 179.98, 1),
(239, 451, 1, 39.99, 1),
(146, 452, 1, 129.99, 5),
(136, 453, 1, 99.99, 5),
(160, 453, 1, 249.99, 5),
(202, 454, 2, 239.98, 1),
(141, 454, 1, 149.99, 5),
(136, 455, 1, 99.99, 5),
(151, 456, 2, 499.98, 5),
(218, 456, 2, 119.98, 1),
(210, 456, 1, 69.99, 1),
(167, 457, 2, 209.98, 5),
(132, 457, 1, 39.99, 5),
(190, 458, 2, 19.98, 1),
(158, 458, 2, 499.98, 5),
(178, 458, 2, 339.98, 5),
(236, 459, 2, 69.98, 1),
(141, 460, 2, 299.98, 5),
(147, 460, 2, 279.98, 5),
(206, 461, 2, 239.98, 1),
(230, 461, 2, 119.98, 1),
(146, 462, 1, 129.99, 5),
(217, 463, 1, 59.99, 1),
(150, 464, 1, 139.99, 3),
(232, 464, 2, 119.98, 1),
(220, 464, 2, 119.98, 1),
(184, 465, 2, 279.98, 4),
(218, 465, 1, 59.99, 1),
(143, 465, 2, 299.98, 4),
(229, 466, 2, 159.98, 1),
(212, 466, 2, 179.98, 1),
(220, 466, 2, 119.98, 1),
(157, 467, 1, 229.99, 4),
(143, 467, 1, 149.99, 4),
(199, 467, 2, 179.98, 1),
(159, 468, 1, 179.99, 4),
(184, 469, 1, 139.99, 6),
(221, 469, 2, 199.98, 16),
(198, 469, 2, 179.98, 1),
(170, 470, 1, 169.99, 6),
(182, 471, 1, 149.99, 6),
(177, 472, 2, 379.98, 6),
(142, 473, 1, 139.99, 4),
(134, 473, 1, 59.99, 4),
(208, 473, 2, 139.98, 1),
(157, 474, 2, 459.98, 4),
(140, 475, 2, 179.98, 4),
(150, 475, 1, 139.99, 4),
(183, 476, 2, 279.98, 3),
(200, 476, 2, 179.98, 1),
(131, 477, 1, 59.99, 3),
(204, 478, 1, 69.99, 1),
(153, 479, 2, 399.98, 4),
(163, 479, 2, 179.98, 4),
(134, 479, 2, 119.98, 4),
(188, 480, 1, 9.99, 1),
(150, 480, 2, 279.98, 4),
(179, 481, 1, 139.99, 4),
(180, 482, 2, 299.98, 4),
(179, 483, 1, 139.99, 4),
(172, 483, 1, 149.99, 4),
(211, 484, 2, 119.98, 1),
(186, 485, 1, 149.99, 4),
(235, 485, 2, 89.98, 1),
(183, 485, 1, 139.99, 4),
(224, 486, 2, 179.98, 1),
(187, 486, 2, 259.98, 4),
(204, 486, 1, 69.99, 1),
(231, 487, 1, 69.99, 1),
(222, 488, 1, 99.99, 10),
(177, 489, 1, 189.99, 4),
(180, 489, 2, 299.98, 4),
(203, 490, 1, 139.99, 1),
(157, 490, 1, 229.99, 4),
(203, 491, 2, 279.98, 1),
(202, 491, 2, 239.98, 1),
(140, 492, 2, 179.98, 3),
(232, 493, 1, 59.99, 1),
(151, 494, 1, 249.99, 3),
(234, 495, 2, 69.98, 1),
(208, 495, 2, 139.98, 1),
(151, 496, 2, 499.98, 2),
(186, 496, 1, 149.99, 2),
(177, 496, 2, 379.98, 2),
(199, 497, 1, 89.99, 1),
(222, 497, 1, 99.99, 10),
(168, 498, 2, 219.98, 3),
(142, 499, 1, 139.99, 4),
(187, 499, 2, 259.98, 4),
(181, 500, 1, 129.99, 2),
(172, 501, 2, 299.98, 3),
(156, 501, 1, 229.99, 3),
(233, 502, 1, 34.99, 1),
(178, 502, 1, 169.99, 3),
(179, 502, 2, 279.98, 3),
(168, 503, 2, 219.98, 6),
(224, 503, 1, 89.99, 1),
(234, 504, 1, 34.99, 1),
(222, 504, 1, 99.99, 15),
(203, 504, 1, 139.99, 1),
(237, 505, 1, 34.99, 1),
(165, 505, 1, 84.99, 2),
(144, 505, 2, 259.98, 2),
(233, 506, 2, 69.98, 1),
(154, 506, 2, 459.98, 2),
(141, 507, 2, 299.98, 2),
(211, 507, 2, 119.98, 1),
(138, 508, 1, 39.99, 2),
(210, 508, 1, 69.99, 1),
(177, 509, 1, 189.99, 3),
(205, 509, 2, 239.98, 1),
(196, 509, 2, 19.98, 1),
(131, 510, 2, 119.98, 3),
(206, 510, 1, 119.99, 1),
(202, 510, 2, 239.98, 1),
(190, 511, 2, 19.98, 1),
(239, 511, 2, 79.98, 1),
(207, 512, 2, 319.98, 1),
(212, 513, 1, 89.99, 1),
(136, 513, 1, 99.99, 3),
(230, 513, 1, 59.99, 1),
(138, 514, 2, 79.98, 3),
(156, 514, 2, 459.98, 3),
(188, 515, 2, 19.98, 1),
(159, 515, 1, 179.99, 3),
(210, 515, 1, 69.99, 1),
(171, 516, 2, 339.98, 3),
(203, 517, 2, 279.98, 1),
(219, 517, 1, 59.99, 1),
(202, 517, 1, 119.99, 1),
(165, 518, 1, 84.99, 4),
(180, 519, 2, 299.98, 4),
(166, 519, 2, 169.98, 4),
(135, 520, 2, 99.98, 4),
(132, 520, 2, 79.98, 4),
(186, 520, 2, 299.98, 4),
(187, 521, 2, 259.98, 2),
(160, 521, 1, 249.99, 2),
(222, 521, 1, 99.99, 8),
(187, 522, 1, 129.99, 2),
(231, 523, 1, 69.99, 1),
(135, 523, 1, 49.99, 2),
(143, 524, 1, 149.99, 3),
(195, 524, 2, 19.98, 1),
(146, 524, 2, 259.98, 3),
(193, 525, 2, 19.98, 1),
(186, 526, 2, 299.98, 6),
(218, 526, 2, 119.98, 1),
(197, 526, 1, 59.99, 1),
(162, 527, 2, 199.98, 6),
(200, 528, 2, 179.98, 1),
(226, 529, 2, 159.98, 1),
(226, 529, 2, 159.98, 1),
(147, 529, 1, 139.99, 6),
(186, 530, 1, 149.99, 3),
(189, 531, 2, 19.98, 1),
(137, 531, 1, 59.99, 3),
(155, 532, 1, 269.99, 3),
(174, 533, 1, 199.99, 2),
(172, 533, 2, 299.98, 2),
(219, 533, 1, 59.99, 1),
(239, 534, 1, 39.99, 1),
(166, 535, 1, 84.99, 2),
(151, 535, 2, 499.98, 2),
(204, 535, 1, 69.99, 1),
(202, 536, 1, 119.99, 1),
(164, 537, 2, 199.98, 2),
(137, 538, 1, 59.99, 4),
(223, 539, 2, 179.98, 12),
(200, 539, 2, 179.98, 1),
(187, 540, 2, 259.98, 4),
(202, 540, 1, 119.99, 1),
(167, 540, 2, 209.98, 4),
(157, 541, 2, 459.98, 4),
(176, 541, 2, 499.98, 4),
(172, 541, 2, 299.98, 4),
(132, 542, 2, 79.98, 3),
(177, 542, 1, 189.99, 3),
(167, 543, 1, 104.99, 3),
(216, 543, 1, 59.99, 1),
(213, 544, 1, 59.99, 1),
(161, 544, 1, 119.99, 6),
(193, 545, 2, 19.98, 1),
(179, 545, 2, 279.98, 6),
(135, 545, 2, 99.98, 6),
(136, 546, 2, 199.98, 6),
(136, 546, 2, 199.98, 6),
(154, 547, 1, 229.99, 2),
(217, 547, 2, 119.98, 1),
(215, 547, 2, 119.98, 1),
(159, 548, 2, 359.98, 5),
(226, 549, 1, 79.99, 1),
(231, 549, 1, 69.99, 1),
(142, 549, 1, 139.99, 5),
(204, 550, 2, 139.98, 1),
(223, 550, 1, 89.99, 13),
(206, 551, 1, 119.99, 1),
(134, 551, 2, 119.98, 6),
(205, 552, 2, 239.98, 1),
(144, 553, 1, 129.99, 4),
(132, 554, 2, 79.98, 4),
(156, 554, 2, 459.98, 4),
(134, 554, 1, 59.99, 4),
(222, 555, 1, 99.99, 12),
(146, 555, 2, 259.98, 4),
(169, 555, 1, 109.99, 4),
(159, 556, 2, 359.98, 4),
(193, 557, 1, 9.99, 1),
(186, 557, 2, 299.98, 4),
(157, 558, 1, 229.99, 3),
(143, 559, 1, 149.99, 3),
(209, 560, 1, 79.99, 1),
(184, 561, 2, 279.98, 4),
(221, 561, 1, 99.99, 13),
(228, 561, 2, 159.98, 1),
(197, 562, 2, 119.98, 1),
(237, 563, 2, 69.98, 1),
(222, 564, 2, 199.98, 16),
(154, 564, 1, 229.99, 6),
(164, 565, 1, 99.99, 6),
(161, 566, 1, 119.99, 6),
(166, 566, 1, 84.99, 6),
(156, 566, 1, 229.99, 6),
(159, 567, 2, 359.98, 6),
(229, 567, 2, 159.98, 1),
(234, 567, 1, 34.99, 1),
(230, 568, 2, 119.98, 1),
(140, 568, 1, 89.99, 6),
(209, 569, 1, 79.99, 1),
(218, 570, 1, 59.99, 1),
(217, 570, 2, 119.98, 1),
(193, 571, 2, 19.98, 1),
(190, 571, 1, 9.99, 1),
(189, 572, 2, 19.98, 1),
(207, 572, 2, 319.98, 1),
(180, 572, 2, 299.98, 6),
(217, 573, 1, 59.99, 1),
(163, 573, 2, 179.98, 5),
(200, 574, 1, 89.99, 1),
(194, 575, 1, 9.99, 1),
(154, 576, 2, 459.98, 2),
(196, 576, 1, 9.99, 1),
(137, 577, 2, 119.98, 2),
(223, 578, 2, 179.98, 10),
(147, 578, 2, 279.98, 4),
(200, 579, 2, 179.98, 1),
(157, 579, 2, 459.98, 4),
(168, 579, 2, 219.98, 4),
(173, 580, 2, 299.98, 4),
(219, 580, 1, 59.99, 1),
(175, 581, 1, 149.99, 4),
(142, 581, 2, 279.98, 4),
(222, 581, 1, 99.99, 10),
(183, 582, 2, 279.98, 4),
(160, 582, 2, 499.98, 4),
(182, 582, 2, 299.98, 4),
(191, 583, 1, 12.99, 1),
(192, 584, 1, 12.99, 1),
(182, 584, 1, 149.99, 4),
(1, 585, 1, 59.99, 4),
(162, 586, 1, 99.99, 4),
(222, 586, 1, 99.99, 11),
(202, 587, 3, 359.97, 1),
(216, 587, 1, 59.99, 1),
(115, 590, 1, 139.99, 1),
(84, 590, 1, 44.99, 1),
(102, 591, 1, 69.99, 1),
(27, 592, 1, 129.99, 4),
(88, 594, 1, 44.99, 1),
(31, 594, 1, 79.99, 5),
(216, 595, 1, 59.99, 1),
(232, 595, 1, 59.99, 1),
(150, 595, 1, 139.99, 3),
(141, 597, 1, 149.99, 2),
(222, 598, 1, 99.99, 11),
(174, 598, 1, 199.99, 4),
(214, 598, 1, 59.99, 1),
(93, 599, 1, 69.99, 1),
(118, 599, 1, 129.99, 2),
(77, 599, 1, 9.99, 1),
(38, 601, 1, 139.99, 6),
(151, 602, 1, 249.99, 4),
(206, 602, 1, 119.99, 1),
(131, 603, 1, 59.99, 4),
(177, 603, 1, 189.99, 4),
(131, 604, 1, 59.99, 4),
(177, 604, 1, 189.99, 4);

-- --------------------------------------------------------

--
-- Tablo için tablo yapısı `products_view`
--

DROP TABLE IF EXISTS `products_view`;
CREATE TABLE IF NOT EXISTS `products_view` (
  `p_id` int(11) NOT NULL,
  `u_id` int(11) DEFAULT NULL,
  KEY `p_id` (`p_id`),
  KEY `u_id` (`u_id`)
) ENGINE=InnoDB DEFAULT CHARSET=utf8 COLLATE=utf8_turkish_ci;

--
-- Tablo döküm verisi `products_view`
--

INSERT INTO `products_view` (`p_id`, `u_id`) VALUES
(119, NULL),
(119, NULL),
(14, NULL),
(14, NULL),
(4, NULL),
(4, NULL),
(25, NULL),
(25, NULL),
(119, NULL),
(119, NULL),
(119, NULL),
(119, NULL),
(1, NULL),
(101, NULL),
(3, NULL),
(3, NULL),
(38, NULL),
(38, NULL),
(116, NULL),
(116, NULL),
(4, NULL),
(4, NULL),
(4, NULL),
(4, NULL),
(4, NULL),
(3, NULL),
(3, NULL),
(4, NULL),
(4, NULL),
(124, NULL),
(124, NULL),
(124, NULL),
(2, NULL),
(2, NULL),
(11, NULL),
(11, NULL),
(38, NULL),
(38, NULL),
(46, NULL),
(46, NULL),
(28, NULL),
(28, NULL),
(121, NULL),
(121, NULL),
(43, NULL),
(43, NULL),
(46, NULL),
(47, NULL),
(48, NULL),
(47, NULL),
(48, NULL),
(46, NULL),
(48, NULL),
(3, NULL),
(3, NULL),
(128, NULL),
(128, NULL),
(30, NULL),
(30, NULL),
(6, NULL),
(6, NULL),
(6, NULL),
(6, NULL),
(6, NULL),
(7, NULL),
(7, NULL),
(3, NULL),
(3, NULL),
(3, NULL),
(3, NULL),
(3, NULL),
(3, NULL),
(3, NULL),
(3, NULL),
(3, NULL),
(3, NULL),
(3, NULL),
(3, NULL),
(3, NULL),
(3, NULL),
(3, NULL),
(3, NULL),
(3, NULL),
(3, NULL),
(3, NULL),
(3, NULL),
(3, NULL),
(3, NULL),
(3, NULL),
(3, NULL),
(3, NULL),
(3, NULL),
(3, NULL),
(3, NULL),
(3, NULL),
(3, NULL),
(3, NULL),
(3, NULL),
(3, NULL),
(3, NULL),
(3, NULL),
(3, NULL),
(3, NULL),
(3, NULL),
(3, NULL),
(3, NULL),
(3, NULL),
(3, NULL),
(3, NULL),
(3, NULL),
(3, NULL),
(3, NULL),
(3, NULL),
(3, NULL),
(3, NULL),
(3, NULL),
(3, NULL),
(3, NULL),
(3, NULL),
(3, NULL),
(3, NULL),
(3, NULL),
(3, NULL),
(3, NULL),
(3, NULL),
(3, NULL),
(3, NULL),
(3, NULL),
(3, NULL),
(3, NULL),
(3, NULL),
(3, NULL),
(3, NULL),
(3, NULL),
(3, NULL),
(3, NULL),
(3, NULL),
(3, NULL),
(3, NULL),
(3, NULL),
(3, NULL),
(3, NULL),
(3, NULL),
(2, NULL),
(2, NULL),
(3, NULL),
(3, NULL),
(1, NULL),
(5, NULL),
(5, NULL),
(5, NULL),
(2, NULL),
(2, NULL),
(4, NULL),
(4, NULL),
(4, NULL),
(4, NULL),
(4, NULL),
(4, NULL),
(4, NULL),
(4, NULL),
(4, NULL),
(4, NULL),
(1, NULL),
(1, NULL),
(1, NULL),
(1, NULL),
(1, NULL),
(1, NULL),
(1, NULL),
(1, NULL),
(2, NULL),
(3, NULL),
(91, NULL),
(89, NULL),
(89, NULL),
(89, NULL),
(2, NULL),
(2, NULL),
(2, NULL),
(2, NULL),
(2, NULL),
(2, NULL),
(2, NULL),
(2, NULL),
(2, NULL),
(2, NULL),
(2, NULL),
(2, NULL),
(2, NULL),
(2, NULL),
(2, NULL),
(2, NULL),
(2, NULL),
(2, NULL),
(2, NULL),
(2, NULL),
(1, NULL),
(1, NULL),
(1, NULL),
(1, NULL),
(46, NULL),
(1, NULL),
(1, NULL),
(1, NULL),
(1, NULL),
(1, NULL),
(1, NULL),
(1, NULL),
(1, NULL),
(1, NULL),
(1, NULL),
(1, NULL),
(1, NULL),
(1, NULL),
(1, NULL),
(1, NULL),
(1, NULL),
(1, NULL),
(1, NULL),
(1, NULL),
(1, NULL),
(1, NULL),
(1, NULL),
(1, NULL),
(1, NULL),
(1, NULL),
(1, NULL),
(1, NULL),
(1, NULL),
(1, NULL),
(1, NULL),
(1, NULL),
(1, NULL),
(1, NULL),
(1, NULL),
(1, NULL),
(1, NULL),
(1, NULL),
(1, NULL),
(1, NULL),
(1, NULL),
(1, NULL),
(1, NULL),
(1, NULL),
(1, NULL),
(1, NULL),
(1, NULL),
(1, NULL),
(1, NULL),
(1, NULL),
(1, NULL),
(1, NULL),
(1, NULL),
(1, NULL),
(1, NULL),
(1, NULL),
(1, NULL),
(1, NULL),
(1, NULL),
(1, NULL),
(1, NULL),
(1, NULL),
(1, NULL),
(1, NULL),
(1, NULL),
(1, NULL),
(1, NULL),
(1, NULL),
(1, NULL),
(1, NULL),
(1, NULL),
(100, NULL),
(4, NULL),
(1, NULL),
(5, NULL),
(5, NULL),
(5, NULL),
(5, NULL),
(5, NULL),
(5, NULL),
(5, NULL),
(1, NULL),
(1, NULL),
(1, NULL),
(5, NULL),
(5, NULL),
(3, NULL),
(3, NULL),
(2, NULL),
(2, NULL),
(2, NULL),
(2, NULL),
(2, NULL),
(2, NULL),
(2, NULL),
(2, NULL),
(2, NULL),
(2, NULL),
(2, NULL),
(3, NULL),
(3, NULL),
(3, NULL),
(3, NULL),
(3, NULL),
(47, NULL),
(47, NULL),
(47, NULL),
(47, NULL),
(47, NULL),
(47, NULL),
(47, NULL),
(47, NULL),
(3, NULL),
(3, NULL),
(3, NULL),
(3, NULL),
(3, NULL),
(3, NULL),
(3, NULL),
(3, NULL),
(1, NULL),
(1, NULL),
(1, NULL),
(1, NULL),
(1, NULL),
(1, NULL),
(1, NULL),
(1, NULL),
(1, NULL),
(1, NULL),
(1, NULL),
(1, NULL),
(1, NULL),
(1, NULL),
(1, NULL),
(1, NULL),
(1, NULL),
(1, NULL),
(1, NULL),
(1, NULL),
(1, NULL),
(2, NULL),
(2, NULL),
(3, NULL),
(3, NULL),
(3, NULL),
(3, NULL),
(10, NULL),
(10, NULL),
(10, NULL),
(10, NULL),
(10, NULL),
(10, NULL),
(10, NULL),
(10, NULL),
(10, NULL),
(10, NULL),
(10, NULL),
(10, NULL),
(10, NULL),
(10, NULL),
(13, NULL),
(13, NULL),
(13, NULL),
(13, NULL),
(120, NULL),
(120, NULL),
(120, NULL),
(120, NULL),
(120, NULL),
(120, NULL),
(120, NULL),
(120, NULL),
(120, NULL),
(120, NULL),
(120, NULL),
(25, NULL),
(25, NULL),
(25, NULL),
(25, NULL),
(25, NULL),
(25, NULL),
(25, NULL),
(25, NULL),
(25, NULL),
(25, NULL),
(25, NULL),
(48, NULL),
(48, NULL),
(48, NULL),
(48, NULL),
(48, NULL),
(48, NULL),
(81, NULL),
(81, NULL),
(99, NULL),
(99, NULL),
(99, NULL),
(99, NULL),
(99, NULL),
(99, NULL),
(99, NULL),
(99, NULL),
(99, NULL),
(99, NULL),
(99, NULL),
(99, NULL),
(99, NULL),
(99, NULL),
(99, NULL),
(99, NULL),
(99, NULL),
(99, NULL),
(99, NULL),
(99, NULL),
(99, NULL),
(99, NULL),
(99, NULL),
(99, NULL),
(99, NULL),
(99, NULL),
(99, NULL),
(4, NULL),
(4, NULL),
(31, NULL),
(31, NULL),
(99, NULL),
(101, NULL),
(101, NULL),
(6, NULL),
(6, NULL),
(3, NULL),
(3, NULL),
(3, NULL),
(3, NULL),
(3, NULL),
(2, NULL),
(68, NULL),
(108, NULL),
(58, NULL),
(58, NULL),
(58, NULL),
(58, NULL),
(58, NULL),
(58, NULL),
(58, NULL),
(58, NULL),
(58, NULL),
(91, NULL),
(2, NULL),
(2, NULL),
(2, NULL),
(2, NULL),
(2, NULL),
(68, NULL),
(1, NULL),
(1, NULL),
(1, NULL),
(7, NULL),
(45, NULL),
(45, NULL),
(45, NULL),
(45, NULL),
(45, NULL),
(1, NULL),
(1, NULL),
(2, NULL),
(2, NULL),
(3, NULL),
(3, NULL),
(3, NULL),
(3, NULL),
(115, NULL),
(10, NULL),
(2, NULL),
(86, NULL),
(1, NULL),
(66, NULL),
(46, NULL),
(46, NULL),
(56, NULL),
(11, NULL),
(11, NULL),
(100, NULL),
(3, NULL),
(21, NULL),
(11, NULL),
(21, NULL),
(1, NULL),
(99, NULL),
(66, NULL),
(66, NULL),
(46, NULL),
(21, NULL),
(46, NULL),
(100, NULL),
(3, NULL),
(3, NULL),
(3, NULL),
(3, NULL),
(3, NULL),
(3, NULL),
(3, NULL),
(3, NULL),
(3, NULL),
(3, NULL),
(3, NULL),
(3, NULL),
(3, NULL),
(3, NULL),
(3, NULL),
(3, NULL),
(3, NULL),
(3, NULL),
(3, NULL),
(3, NULL),
(21, NULL),
(36, NULL),
(99, NULL),
(36, NULL),
(21, NULL),
(56, NULL),
(11, NULL),
(18, NULL),
(1, NULL),
(3, NULL),
(56, NULL),
(79, NULL),
(131, NULL),
(221, NULL),
(2, NULL),
(208, NULL),
(131, NULL),
(131, NULL),
(139, NULL),
(139, NULL),
(139, NULL),
(2, NULL),
(2, NULL),
(2, NULL),
(2, NULL),
(36, NULL),
(140, NULL),
(204, NULL),
(203, NULL),
(205, NULL),
(206, NULL),
(207, NULL),
(215, 201),
(215, 201),
(215, 201),
(229, 201),
(229, 201),
(154, 201),
(154, 201),
(154, 201),
(154, 201),
(154, 201),
(155, 201),
(155, 201),
(155, 201),
(155, 201),
(155, 201),
(155, 201),
(229, 201),
(229, 201),
(229, 201),
(205, 201),
(205, 201),
(205, 201),
(10, NULL),
(8, NULL),
(8, NULL),
(8, NULL),
(8, NULL),
(1, NULL),
(8, NULL),
(131, 201),
(2, 201),
(1, 201),
(1, 201),
(1, 201),
(1, 201),
(1, 201),
(1, 201),
(1, 201),
(1, 201),
(1, 201),
(1, 201),
(188, NULL),
(131, NULL),
(131, NULL),
(131, NULL),
(131, NULL),
(131, NULL),
(154, 201),
(154, 201),
(131, 201),
(131, 201),
(177, 201),
(177, 201),
(154, 201),
(154, 201),
(154, 201),
(154, 201),
(154, 201),
(215, 201),
(215, 201),
(232, 201),
(232, 201),
(229, 201),
(229, 201),
(148, 201),
(148, 201),
(205, 201),
(205, 201),
(165, 201),
(165, 201),
(5, NULL),
(5, NULL),
(99, NULL),
(99, NULL),
(140, NULL),
(154, NULL),
(154, 201),
(222, 201),
(170, 201),
(170, 201),
(132, NULL),
(132, NULL),
(11, NULL),
(19, NULL),
(202, NULL),
(131, NULL),
(131, NULL),
(131, NULL),
(131, NULL),
(131, NULL),
(131, NULL),
(131, NULL),
(131, NULL),
(131, NULL),
(131, NULL),
(131, NULL),
(131, NULL),
(131, NULL),
(131, NULL),
(131, NULL),
(131, NULL),
(131, NULL),
(131, NULL),
(131, NULL),
(131, NULL),
(131, NULL),
(131, NULL),
(131, NULL),
(131, NULL),
(131, NULL),
(131, NULL),
(131, NULL),
(21, NULL),
(55, NULL),
(55, NULL),
(1, NULL),
(102, NULL),
(1, NULL),
(131, NULL),
(214, NULL),
(214, NULL),
(101, NULL),
(58, NULL),
(58, NULL),
(58, NULL),
(7, NULL),
(7, NULL),
(10, NULL),
(10, NULL),
(131, NULL),
(132, NULL),
(10, NULL),
(49, NULL),
(189, 1),
(155, 1),
(18, 1),
(111, 1),
(16, 1),
(173, 1),
(147, 1),
(4, 1),
(236, 2),
(124, 2),
(178, 2),
(64, 2),
(157, 2),
(168, 3),
(226, 3),
(40, 3),
(199, 3),
(179, 3),
(196, 3),
(173, 4),
(211, 4),
(224, 4),
(147, 4),
(148, 4),
(87, 4),
(176, 4),
(201, 4),
(181, 4),
(217, 5),
(19, 5),
(220, 5),
(93, 5),
(191, 5),
(131, 5),
(182, 6),
(91, 6),
(200, 6),
(84, 6),
(30, 6),
(19, 6),
(144, 6),
(71, 6),
(175, 6),
(50, 6),
(141, 7),
(11, 7),
(77, 7),
(53, 7),
(156, 7),
(85, 7),
(162, 7),
(145, 8),
(229, 8),
(121, 8),
(161, 8),
(82, 8),
(149, 8),
(19, 9),
(106, 9),
(114, 9),
(132, 9),
(151, 9),
(6, 9),
(32, 9),
(49, 9),
(1, 10),
(61, 10),
(106, 10),
(183, 10),
(34, 10),
(3, 11),
(94, 11),
(160, 11),
(185, 11),
(176, 11),
(103, 11),
(47, 11),
(236, 11),
(102, 11),
(31, 12),
(186, 12),
(191, 12),
(214, 12),
(116, 12),
(108, 12),
(215, 12),
(217, 12),
(64, 12),
(58, 12),
(163, 13),
(89, 13),
(179, 13),
(52, 13),
(5, 13),
(1, 13),
(42, 14),
(8, 14),
(216, 14),
(168, 14),
(195, 14),
(204, 14),
(92, 14),
(134, 15),
(92, 15),
(192, 15),
(161, 15),
(196, 15),
(238, 15),
(127, 15),
(28, 15),
(34, 16),
(188, 16),
(190, 16),
(14, 16),
(163, 16),
(176, 16),
(4, 16),
(188, 16),
(146, 17),
(232, 17),
(191, 17),
(81, 17),
(104, 17),
(63, 17),
(25, 17),
(130, 18),
(182, 18),
(42, 18),
(92, 18),
(230, 18),
(203, 19),
(127, 19),
(165, 19),
(190, 19),
(155, 19),
(37, 19),
(126, 20),
(90, 20),
(148, 20),
(235, 20),
(42, 20),
(239, 21),
(232, 21),
(165, 21),
(57, 21),
(13, 21),
(159, 21),
(106, 21),
(84, 21),
(87, 22),
(138, 22),
(135, 22),
(209, 22),
(123, 22),
(171, 22),
(163, 22),
(77, 22),
(8, 22),
(113, 23),
(19, 23),
(152, 23),
(42, 23),
(137, 23),
(68, 23),
(29, 23),
(111, 24),
(114, 24),
(59, 24),
(69, 24),
(78, 24),
(15, 24),
(219, 24),
(185, 24),
(177, 24),
(212, 24),
(142, 25),
(15, 25),
(18, 25),
(141, 25),
(220, 25),
(55, 26),
(64, 26),
(119, 26),
(223, 26),
(193, 26),
(76, 26),
(92, 26),
(203, 27),
(40, 27),
(210, 27),
(221, 27),
(77, 27),
(228, 27),
(65, 27),
(96, 28),
(208, 28),
(222, 28),
(149, 28),
(109, 28),
(38, 29),
(121, 29),
(48, 29),
(213, 29),
(18, 29),
(63, 30),
(101, 30),
(42, 30),
(232, 30),
(233, 30),
(198, 30),
(92, 30),
(112, 30),
(148, 30),
(204, 30),
(23, 31),
(179, 31),
(104, 31),
(86, 31),
(44, 31),
(170, 31),
(202, 32),
(219, 32),
(151, 32),
(32, 32),
(185, 32),
(211, 32),
(118, 32),
(30, 32),
(122, 32),
(81, 32),
(12, 33),
(24, 33),
(5, 33),
(214, 33),
(40, 33),
(94, 34),
(175, 34),
(39, 34),
(9, 34),
(40, 34),
(58, 34),
(45, 35),
(25, 35),
(87, 35),
(9, 35),
(64, 35),
(13, 35),
(47, 36),
(12, 36),
(194, 36),
(102, 36),
(136, 36),
(87, 36),
(43, 36),
(79, 36),
(207, 36),
(71, 36),
(40, 37),
(176, 37),
(95, 37),
(193, 37),
(111, 37),
(107, 37),
(49, 37),
(26, 38),
(238, 38),
(203, 38),
(70, 38),
(46, 38),
(89, 38),
(77, 39),
(110, 39),
(146, 39),
(115, 39),
(32, 39),
(173, 39),
(59, 39),
(46, 40),
(202, 40),
(67, 40),
(106, 40),
(1, 40),
(23, 40),
(216, 41),
(24, 41),
(141, 41),
(38, 41),
(101, 41),
(38, 42),
(49, 42),
(205, 42),
(46, 42),
(1, 42),
(133, 42),
(78, 42),
(182, 42),
(196, 43),
(192, 43),
(179, 43),
(119, 43),
(56, 43),
(42, 44),
(209, 44),
(150, 44),
(196, 44),
(14, 44),
(220, 44),
(17, 45),
(217, 45),
(114, 45),
(56, 45),
(238, 45),
(157, 45),
(232, 45),
(66, 45),
(61, 45),
(128, 46),
(1, 46),
(232, 46),
(32, 46),
(124, 46),
(61, 46),
(144, 46),
(10, 46),
(70, 47),
(130, 47),
(212, 47),
(136, 47),
(102, 47),
(128, 48),
(184, 48),
(3, 48),
(45, 48),
(162, 48),
(21, 48),
(238, 48),
(165, 48),
(133, 49),
(85, 49),
(173, 49),
(112, 49),
(118, 49),
(129, 49),
(228, 49),
(99, 49),
(168, 49),
(104, 49),
(67, 50),
(219, 50),
(219, 50),
(83, 50),
(239, 50),
(35, 50),
(62, 50),
(188, 50),
(216, 50),
(113, 51),
(212, 51),
(204, 51),
(134, 51),
(66, 51),
(30, 51),
(59, 52),
(8, 52),
(148, 52),
(136, 52),
(45, 52),
(55, 52),
(162, 52),
(115, 52),
(198, 53),
(146, 53),
(31, 53),
(19, 53),
(68, 1),
(22, 1),
(6, 1),
(46, 1),
(161, 1),
(60, 1),
(200, 2),
(117, 2),
(65, 2),
(118, 2),
(133, 2),
(169, 2),
(205, 3),
(209, 3),
(108, 3),
(189, 3),
(193, 3),
(213, 3),
(155, 3),
(155, 3),
(45, 3),
(84, 4),
(148, 4),
(49, 4),
(220, 4),
(158, 4),
(21, 5),
(56, 5),
(155, 5),
(14, 5),
(41, 5),
(96, 5),
(204, 6),
(43, 6),
(170, 6),
(213, 6),
(56, 6),
(29, 6),
(123, 6),
(172, 6),
(111, 7),
(209, 7),
(115, 7),
(70, 7),
(130, 7),
(133, 8),
(32, 8),
(124, 8),
(171, 8),
(72, 8),
(53, 8),
(119, 8),
(2, 9),
(163, 9),
(62, 9),
(25, 9),
(129, 9),
(145, 9),
(195, 9),
(216, 9),
(134, 9),
(50, 9),
(134, 10),
(149, 10),
(64, 10),
(221, 10),
(31, 10),
(60, 10),
(60, 10),
(106, 10),
(54, 10),
(19, 11),
(145, 11),
(51, 11),
(32, 11),
(136, 11),
(103, 11),
(25, 11),
(49, 11),
(72, 11),
(163, 11),
(34, 12),
(210, 12),
(164, 12),
(88, 12),
(198, 12),
(117, 13),
(114, 13),
(116, 13),
(58, 13),
(107, 13),
(125, 13),
(83, 13),
(8, 13),
(155, 13),
(111, 14),
(126, 14),
(211, 14),
(118, 14),
(160, 14),
(193, 14),
(39, 14),
(135, 14),
(50, 14),
(86, 14),
(49, 15),
(117, 15),
(111, 15),
(176, 15),
(209, 15),
(70, 16),
(69, 16),
(62, 16),
(162, 16),
(82, 16),
(39, 16),
(225, 17),
(204, 17),
(157, 17),
(20, 17),
(200, 17),
(79, 17),
(109, 17),
(233, 17),
(58, 17),
(101, 18),
(3, 18),
(56, 18),
(94, 18),
(213, 18),
(234, 18),
(118, 18),
(132, 19),
(196, 19),
(82, 19),
(12, 19),
(77, 19),
(183, 19),
(228, 19),
(43, 19),
(224, 20),
(34, 20),
(40, 20),
(195, 20),
(238, 20),
(108, 20),
(173, 21),
(78, 21),
(102, 21),
(174, 21),
(154, 21),
(15, 21),
(22, 21),
(192, 21),
(9, 22),
(196, 22),
(154, 22),
(113, 22),
(147, 22),
(114, 22),
(71, 22),
(220, 22),
(127, 22),
(97, 22),
(235, 23),
(26, 23),
(162, 23),
(70, 23),
(126, 23),
(162, 23),
(120, 23),
(234, 23),
(37, 24),
(189, 24),
(79, 24),
(124, 24),
(167, 24),
(119, 25),
(64, 25),
(28, 25),
(108, 25),
(41, 25),
(88, 25),
(31, 25),
(57, 25),
(172, 26),
(185, 26),
(51, 26),
(82, 26),
(134, 26),
(28, 26),
(203, 26),
(226, 26),
(162, 26),
(40, 26),
(160, 27),
(128, 27),
(77, 27),
(144, 27),
(161, 27),
(174, 28),
(96, 28),
(155, 28),
(64, 28),
(39, 28),
(21, 28),
(232, 29),
(40, 29),
(146, 29),
(1, 29),
(183, 29),
(186, 29),
(36, 29),
(127, 30),
(146, 30),
(27, 30),
(97, 30),
(109, 30),
(135, 30),
(34, 30),
(104, 30),
(66, 30),
(205, 30),
(142, 31),
(182, 31),
(175, 31),
(214, 31),
(204, 31),
(43, 31),
(41, 31),
(209, 32),
(187, 32),
(152, 32),
(58, 32),
(119, 32),
(37, 32),
(132, 32),
(89, 32),
(108, 33),
(94, 33),
(137, 33),
(211, 33),
(102, 33),
(67, 33),
(56, 33),
(3, 34),
(128, 34),
(46, 34),
(69, 34),
(55, 34),
(60, 34),
(49, 34),
(64, 34),
(44, 35),
(215, 35),
(70, 35),
(179, 35),
(211, 35),
(61, 35),
(41, 35),
(92, 35),
(210, 35),
(30, 36),
(171, 36),
(79, 36),
(173, 36),
(55, 36),
(128, 36),
(100, 36),
(118, 36),
(212, 37),
(118, 37),
(50, 37),
(26, 37),
(235, 37),
(23, 37),
(221, 37),
(221, 37),
(62, 37),
(135, 37),
(137, 38),
(151, 38),
(43, 38),
(117, 38),
(164, 38),
(115, 38),
(222, 38),
(46, 38),
(62, 38),
(160, 39),
(163, 39),
(203, 39),
(29, 39),
(39, 39),
(29, 39),
(81, 39),
(36, 39),
(141, 39),
(224, 40),
(60, 40),
(83, 40),
(190, 40),
(56, 40),
(40, 40),
(55, 41),
(34, 41),
(154, 41),
(45, 41),
(226, 41),
(131, 41),
(204, 41),
(164, 41),
(141, 41),
(182, 42),
(46, 42),
(142, 42),
(7, 42),
(156, 42),
(108, 42),
(6, 42),
(32, 43),
(143, 43),
(204, 43),
(58, 43),
(24, 43),
(86, 44),
(230, 44),
(121, 44),
(51, 44),
(154, 44),
(106, 44),
(27, 44),
(234, 45),
(164, 45),
(206, 45),
(228, 45),
(31, 45),
(7, 45),
(122, 45),
(93, 45),
(51, 45),
(128, 46),
(47, 46),
(50, 46),
(151, 46),
(146, 46),
(35, 46),
(198, 46),
(141, 46),
(110, 46),
(128, 47),
(20, 47),
(155, 47),
(132, 47),
(200, 47),
(4, 47),
(196, 47),
(226, 47),
(237, 48),
(36, 48),
(133, 48),
(70, 48),
(191, 48),
(143, 48),
(15, 48),
(37, 48),
(45, 48),
(158, 49),
(141, 49),
(80, 49),
(218, 49),
(132, 49),
(109, 49),
(128, 49),
(43, 49),
(81, 50),
(32, 50),
(91, 50),
(26, 50),
(45, 50),
(21, 50),
(147, 50),
(160, 50),
(239, 50),
(225, 50),
(164, 51),
(39, 51),
(200, 51),
(30, 51),
(220, 51),
(78, 51),
(83, 52),
(80, 52),
(237, 52),
(165, 52),
(95, 52),
(99, 52),
(35, 52),
(69, 53),
(229, 53),
(80, 53),
(154, 53),
(22, 53),
(142, 53),
(129, 53),
(126, 53),
(33, 53),
(158, 53),
(61, 54),
(136, 54),
(19, 54),
(141, 54),
(1, 54),
(16, 54),
(29, 54),
(202, 54),
(6, 54),
(66, 54),
(224, 55),
(7, 55),
(144, 55),
(176, 55),
(53, 55),
(76, 55),
(122, 55),
(58, 55),
(164, 55),
(55, 56),
(158, 56),
(65, 56),
(58, 56),
(203, 56),
(51, 56),
(13, 56),
(95, 57),
(133, 57),
(51, 57),
(158, 57),
(157, 57),
(43, 57),
(45, 57),
(15, 58),
(200, 58),
(152, 58),
(191, 58),
(2, 58),
(11, 58),
(127, 58),
(59, 59),
(152, 59),
(92, 59),
(135, 59),
(232, 59),
(207, 59),
(174, 59),
(2, 59),
(209, 59),
(195, 60),
(235, 60),
(167, 60),
(37, 60),
(148, 60),
(53, 60),
(160, 60),
(7, 60),
(107, 60),
(220, 60),
(38, 61),
(227, 61),
(35, 61),
(168, 61),
(66, 61),
(41, 62),
(168, 62),
(233, 62),
(160, 62),
(136, 62),
(120, 63),
(14, 63),
(178, 63),
(159, 63),
(213, 63),
(52, 63),
(44, 64),
(140, 64),
(28, 64),
(21, 64),
(215, 64),
(191, 64),
(150, 64),
(135, 64),
(213, 64),
(174, 64),
(186, 65),
(146, 65),
(28, 65),
(207, 65),
(37, 65),
(178, 65),
(147, 65),
(171, 65),
(171, 65),
(1, 66),
(65, 66),
(156, 66),
(199, 66),
(141, 66),
(129, 66),
(217, 66),
(57, 66),
(47, 66),
(171, 67),
(231, 67),
(109, 67),
(158, 67),
(8, 67),
(178, 67),
(116, 68),
(28, 68),
(13, 68),
(114, 68),
(158, 68),
(175, 68),
(96, 68),
(231, 69),
(154, 69),
(106, 69),
(156, 69),
(9, 69),
(139, 69),
(55, 69),
(155, 69),
(234, 69),
(81, 70),
(199, 70),
(118, 70),
(26, 70),
(71, 70),
(65, 70),
(141, 70),
(217, 70),
(10, 71),
(51, 71),
(119, 71),
(90, 71),
(71, 71),
(103, 71),
(97, 71),
(21, 71),
(71, 71),
(212, 72),
(223, 72),
(57, 72),
(123, 72),
(198, 72),
(77, 72),
(239, 72),
(107, 72),
(199, 73),
(12, 73),
(58, 73),
(20, 73),
(170, 73),
(114, 73),
(170, 73),
(107, 73),
(32, 74),
(132, 74),
(33, 74),
(105, 74),
(28, 74),
(158, 74),
(230, 75),
(11, 75),
(142, 75),
(15, 75),
(147, 75),
(36, 76),
(61, 76),
(98, 76),
(191, 76),
(169, 76),
(58, 76),
(31, 76),
(102, 76),
(67, 76),
(166, 76),
(36, 77),
(31, 77),
(4, 77),
(181, 77),
(5, 77),
(226, 77),
(233, 78),
(164, 78),
(76, 78),
(156, 78),
(120, 78),
(189, 78),
(197, 78),
(25, 78),
(171, 78),
(21, 79),
(78, 79),
(72, 79),
(209, 79),
(18, 80),
(81, 80),
(51, 80),
(233, 80),
(179, 80),
(59, 80),
(126, 80),
(177, 80),
(212, 80),
(132, 80),
(221, 81),
(115, 81),
(184, 81),
(109, 81),
(162, 81),
(188, 81),
(27, 81),
(166, 81),
(11, 81),
(135, 82),
(88, 82),
(153, 82),
(8, 82),
(11, 82),
(184, 82),
(151, 82),
(39, 82),
(177, 82),
(76, 82),
(85, 83),
(132, 83),
(215, 83),
(225, 83),
(166, 83),
(91, 83),
(206, 84),
(30, 84),
(167, 84),
(139, 84),
(85, 84),
(230, 84),
(107, 85),
(68, 85),
(94, 85),
(217, 85),
(46, 85),
(135, 85),
(16, 85),
(47, 86),
(77, 86),
(175, 86),
(236, 86),
(177, 86),
(117, 86),
(49, 87),
(162, 87),
(59, 87),
(84, 87),
(41, 87),
(81, 87),
(50, 88),
(166, 88),
(128, 88),
(5, 88),
(62, 88),
(234, 88),
(54, 88),
(38, 88),
(185, 88),
(154, 89),
(3, 89),
(219, 89),
(71, 89),
(198, 89),
(153, 89),
(23, 89),
(123, 89),
(52, 90),
(138, 90),
(143, 90),
(200, 90),
(227, 90),
(104, 90),
(89, 90),
(49, 90),
(109, 90),
(28, 91),
(85, 91),
(196, 91),
(86, 91),
(192, 91),
(165, 91),
(8, 91),
(64, 92),
(142, 92),
(197, 92),
(28, 92),
(112, 92),
(34, 93),
(211, 93),
(194, 93),
(182, 93),
(209, 93),
(119, 93),
(95, 94),
(231, 94),
(177, 94),
(80, 94),
(230, 94),
(45, 94),
(158, 94),
(209, 94),
(221, 94),
(58, 94),
(43, 95),
(91, 95),
(10, 95),
(192, 95),
(123, 95),
(1, 95),
(194, 95),
(15, 96),
(185, 96),
(169, 96),
(221, 96),
(138, 96),
(158, 96),
(183, 96),
(197, 96),
(207, 96),
(181, 96),
(47, 97),
(145, 97),
(97, 97),
(219, 97),
(44, 97),
(173, 97),
(63, 97),
(120, 97),
(204, 97),
(50, 97),
(196, 98),
(234, 98),
(186, 98),
(179, 98),
(63, 98),
(67, 98),
(26, 98),
(37, 98),
(159, 98),
(104, 99),
(89, 99),
(178, 99),
(181, 99),
(77, 99),
(198, 99),
(210, 99),
(136, 100),
(27, 100),
(3, 100),
(33, 100),
(230, 100),
(200, 101),
(193, 101),
(88, 101),
(134, 101),
(214, 101),
(25, 101),
(46, 102),
(92, 102),
(138, 102),
(63, 102),
(127, 102),
(195, 102),
(155, 102),
(94, 102),
(4, 102),
(199, 102),
(77, 103),
(216, 103),
(133, 103),
(70, 103),
(81, 103),
(214, 103),
(149, 104),
(238, 104),
(131, 104),
(208, 104),
(215, 104),
(157, 104),
(5, 104),
(108, 104),
(181, 104),
(202, 104),
(76, 105),
(103, 105),
(135, 105),
(107, 105),
(186, 105),
(233, 105),
(221, 105),
(49, 106),
(140, 106),
(85, 106),
(10, 106),
(6, 106),
(62, 106),
(14, 106),
(197, 106),
(192, 106),
(43, 107),
(170, 107),
(103, 107),
(128, 107),
(225, 107),
(10, 107),
(105, 107),
(168, 107),
(32, 107),
(192, 108),
(96, 108),
(106, 108),
(175, 108),
(43, 108),
(125, 108),
(26, 108),
(176, 109),
(69, 109),
(40, 109),
(188, 109),
(8, 109),
(4, 109),
(192, 109),
(47, 109),
(225, 110),
(37, 110),
(239, 110),
(187, 110),
(217, 110),
(148, 110),
(182, 110),
(151, 111),
(5, 111),
(161, 111),
(120, 111),
(215, 111),
(112, 111),
(186, 111),
(32, 111),
(108, 112),
(68, 112),
(223, 112),
(50, 112),
(3, 112),
(22, 112),
(162, 113),
(97, 113),
(151, 113),
(13, 113),
(23, 113),
(153, 113),
(190, 113),
(151, 113),
(225, 113),
(80, 114),
(188, 114),
(57, 114),
(2, 114),
(118, 114),
(224, 114),
(45, 114),
(101, 114),
(220, 114),
(192, 114),
(135, 115),
(61, 115),
(238, 115),
(85, 115),
(151, 115),
(138, 115),
(44, 115),
(94, 115),
(209, 115),
(83, 116),
(38, 116),
(230, 116),
(105, 116),
(88, 116),
(88, 116),
(156, 116),
(188, 116),
(99, 116),
(229, 117),
(46, 117),
(9, 117),
(234, 117),
(111, 117),
(175, 118),
(138, 118),
(181, 118),
(28, 118),
(199, 118),
(46, 118),
(215, 118),
(27, 119),
(6, 119),
(103, 119),
(150, 119),
(89, 119),
(130, 120),
(99, 120),
(157, 120),
(43, 120),
(174, 120),
(153, 120),
(144, 120),
(93, 120),
(79, 121),
(52, 121),
(85, 121),
(204, 121),
(187, 121),
(225, 121),
(139, 121),
(47, 121),
(53, 122),
(229, 122),
(38, 122),
(18, 122),
(130, 122),
(178, 122),
(191, 123),
(21, 123),
(44, 123),
(113, 123),
(133, 123),
(2, 123),
(30, 123),
(160, 123),
(147, 123),
(220, 123),
(151, 124),
(123, 124),
(190, 124),
(196, 124),
(63, 124),
(218, 124),
(172, 125),
(7, 125),
(111, 125),
(32, 125),
(26, 125),
(45, 125),
(150, 125),
(162, 126),
(229, 126),
(163, 126),
(58, 126),
(214, 126),
(112, 126),
(38, 126),
(56, 126),
(196, 126),
(150, 126),
(79, 127),
(140, 127),
(20, 127),
(30, 127),
(111, 127),
(20, 127),
(223, 127),
(163, 127),
(111, 127),
(87, 128),
(119, 128),
(102, 128),
(223, 128),
(152, 128),
(179, 128),
(199, 128),
(129, 128),
(224, 129),
(224, 129),
(41, 129),
(31, 129),
(61, 129),
(170, 129),
(34, 129),
(51, 130),
(215, 130),
(17, 130),
(1, 130),
(197, 130),
(59, 130),
(77, 130),
(27, 131),
(158, 131),
(149, 131),
(181, 131),
(12, 131),
(107, 131),
(19, 132),
(163, 132),
(104, 132),
(161, 132),
(21, 132),
(109, 132),
(94, 132),
(27, 132),
(42, 133),
(46, 133),
(63, 133),
(44, 133),
(52, 133),
(202, 133),
(225, 134),
(151, 134),
(218, 134),
(7, 134),
(197, 134),
(115, 134),
(66, 134),
(79, 134),
(88, 135),
(130, 135),
(34, 135),
(176, 135),
(148, 135),
(132, 135),
(124, 135),
(89, 136),
(133, 136),
(123, 136),
(239, 136),
(84, 136),
(60, 136),
(114, 136),
(212, 137),
(110, 137),
(188, 137),
(232, 137),
(21, 137),
(223, 137),
(182, 137),
(15, 137),
(43, 138),
(204, 138),
(118, 138),
(83, 138),
(61, 138),
(94, 138),
(39, 139),
(154, 139),
(102, 139),
(215, 139),
(161, 139),
(23, 140),
(115, 140),
(233, 140),
(107, 140),
(87, 140),
(127, 140),
(84, 141),
(91, 141),
(189, 141),
(22, 141),
(5, 141),
(66, 141),
(64, 141),
(213, 141),
(60, 141),
(99, 141),
(165, 142),
(27, 142),
(48, 142),
(220, 142),
(139, 142),
(139, 142),
(100, 143),
(69, 143),
(237, 143),
(181, 143),
(187, 143),
(29, 144),
(20, 144),
(234, 144),
(95, 144),
(64, 144),
(149, 144),
(79, 144),
(204, 144),
(1, 144),
(164, 144),
(79, 145),
(158, 145),
(183, 145),
(87, 145),
(39, 145),
(139, 145),
(119, 145),
(7, 145),
(146, 146),
(54, 146),
(122, 146),
(199, 146),
(39, 146),
(192, 146),
(5, 147),
(28, 147),
(218, 147),
(98, 147),
(203, 147),
(169, 148),
(172, 148),
(11, 148),
(161, 148),
(48, 148),
(133, 148),
(184, 148),
(120, 149),
(86, 149),
(150, 149),
(158, 149),
(187, 149),
(9, 149),
(223, 149),
(49, 149),
(132, 149),
(139, 150),
(21, 150),
(139, 150),
(39, 150),
(63, 150),
(97, 150),
(230, 150),
(34, 151),
(13, 151),
(42, 151),
(76, 151),
(8, 151),
(79, 151),
(105, 151),
(134, 151),
(145, 151),
(233, 151),
(207, 152),
(120, 152),
(82, 152),
(99, 152),
(141, 152),
(80, 152),
(86, 153),
(135, 153),
(175, 153),
(217, 153),
(144, 153),
(131, 153),
(106, 153),
(103, 154),
(71, 154),
(126, 154),
(52, 154),
(191, 154),
(192, 154),
(142, 154),
(34, 154),
(180, 154),
(198, 155),
(5, 155),
(157, 155),
(180, 155),
(127, 155),
(47, 155),
(160, 155),
(79, 155),
(189, 155),
(151, 156),
(134, 156),
(232, 156),
(78, 156),
(102, 156),
(44, 156),
(82, 156),
(67, 157),
(185, 157),
(93, 157),
(198, 157),
(122, 157),
(77, 157),
(232, 158),
(184, 158),
(200, 158),
(167, 158),
(173, 158),
(211, 158),
(114, 158),
(235, 159),
(53, 159),
(187, 159),
(160, 159),
(29, 159),
(81, 159),
(55, 159),
(45, 159),
(196, 159),
(166, 159),
(100, 160),
(50, 160),
(204, 160),
(195, 160),
(216, 160),
(209, 161),
(32, 161),
(37, 161),
(106, 161),
(175, 161),
(161, 162),
(151, 162),
(51, 162),
(218, 162),
(197, 162),
(89, 162),
(23, 162),
(85, 162),
(29, 162),
(1, 163),
(152, 163),
(221, 163),
(97, 163),
(22, 163),
(51, 163),
(233, 163),
(69, 163),
(130, 163),
(107, 164),
(98, 164),
(168, 164),
(85, 164),
(56, 164),
(192, 164),
(210, 164),
(66, 165),
(140, 165),
(201, 206),
(154, 206),
(6, 206),
(6, 206),
(6, 206),
(12, 166),
(12, 166),
(92, 166),
(165, 166),
(197, 166),
(62, 167),
(192, 167),
(28, 167),
(25, 167),
(133, 167),
(195, 167),
(212, 167),
(190, 168),
(192, 168),
(232, 168),
(58, 168),
(69, 168),
(58, 168),
(111, 168),
(8, 169),
(197, 169),
(135, 169),
(209, 169),
(233, 169),
(100, 169),
(146, 170),
(133, 170),
(85, 170),
(63, 170),
(184, 170),
(17, 170),
(161, 170),
(234, 170),
(194, 170),
(52, 171),
(93, 171),
(195, 171),
(52, 171),
(157, 171),
(66, 171),
(19, 171),
(156, 171),
(222, 171),
(105, 172),
(62, 172),
(173, 172),
(233, 172),
(88, 172),
(54, 172),
(141, 172),
(232, 172),
(25, 172),
(163, 172),
(64, 173),
(16, 173),
(176, 173),
(87, 173),
(92, 173),
(235, 174),
(19, 174),
(61, 174),
(37, 174),
(151, 174),
(123, 174),
(31, 175),
(38, 175),
(196, 175),
(199, 175),
(61, 175),
(56, 175),
(185, 175),
(69, 176),
(214, 176),
(97, 176),
(185, 176),
(158, 176),
(50, 176),
(185, 176),
(213, 177),
(155, 177),
(26, 177),
(212, 177),
(49, 177),
(148, 177),
(186, 177),
(43, 177),
(220, 177),
(204, 178),
(168, 178),
(82, 178),
(225, 178),
(33, 178),
(188, 178),
(171, 178),
(129, 179),
(103, 179),
(78, 179),
(227, 179),
(85, 179),
(166, 179),
(231, 179),
(69, 180),
(165, 180),
(209, 180),
(188, 180),
(23, 180),
(225, 180),
(162, 180),
(150, 180),
(199, 180),
(31, 181),
(34, 181),
(17, 181),
(112, 181),
(236, 181),
(30, 181),
(232, 181),
(229, 181),
(148, 181),
(25, 182),
(30, 182),
(148, 182),
(106, 182),
(99, 182),
(20, 182),
(48, 183),
(80, 183),
(135, 183),
(228, 183),
(156, 183),
(157, 183),
(134, 183),
(235, 184),
(201, 184),
(72, 184),
(8, 184),
(42, 184),
(20, 184),
(178, 185),
(113, 185),
(155, 185),
(215, 185),
(104, 185),
(37, 186),
(174, 186),
(206, 186),
(83, 186),
(106, 186),
(152, 186),
(88, 186),
(194, 186),
(144, 186),
(69, 187),
(214, 187),
(207, 187),
(113, 187),
(201, 187),
(163, 187),
(13, 187),
(27, 187),
(81, 188),
(187, 188),
(186, 188),
(112, 188),
(217, 188),
(236, 188),
(7, 188),
(19, 188),
(160, 189),
(37, 189),
(72, 189),
(159, 189),
(216, 189),
(122, 189),
(138, 189),
(128, 189),
(204, 190),
(32, 190),
(238, 190),
(20, 190),
(60, 190),
(76, 190),
(198, 190),
(191, 190),
(108, 190),
(238, 190),
(156, 191),
(17, 191),
(130, 191),
(159, 191),
(87, 191),
(161, 191),
(109, 191),
(96, 192),
(33, 192),
(93, 192),
(115, 192),
(108, 192),
(196, 192),
(218, 193),
(159, 193),
(4, 193),
(147, 193),
(228, 193),
(31, 193),
(8, 194),
(136, 194),
(95, 194),
(163, 194),
(16, 194),
(97, 194),
(124, 194),
(228, 194),
(123, 195),
(84, 195),
(98, 195),
(180, 195),
(127, 195),
(177, 195),
(231, 195),
(36, 195),
(76, 195),
(201, 196),
(200, 196),
(208, 196),
(70, 196),
(103, 196),
(78, 196),
(117, 196),
(40, 197),
(127, 197),
(207, 197),
(197, 197),
(215, 197),
(44, 197),
(26, 197),
(49, 197),
(38, 198),
(208, 198),
(132, 198),
(14, 198),
(53, 198),
(138, 198),
(33, 198),
(33, 198),
(185, 198),
(230, 198),
(117, 199),
(103, 199),
(184, 199),
(105, 199),
(111, 199),
(85, 200),
(185, 200),
(25, 200),
(167, 200),
(211, 200),
(167, 200),
(158, 200),
(118, 200),
(216, 200),
(51, 201),
(127, 201),
(82, 201),
(176, 201),
(35, 201),
(24, 201),
(101, 206),
(133, 206),
(127, 206),
(51, 206),
(101, 206),
(167, 206),
(14, 206),
(174, 206),
(218, 206),
(125, 206),
(129, 206),
(116, 206),
(119, 206),
(1, NULL),
(1, NULL),
(1, 206),
(162, 206),
(162, 206),
(222, 206),
(222, 206),
(202, 206),
(202, 206),
(202, 206),
(216, 206),
(216, 206),
(2, NULL),
(2, NULL),
(2, NULL),
(2, NULL),
(187, NULL),
(36, NULL),
(1, NULL),
(140, NULL),
(230, NULL),
(131, NULL),
(131, NULL),
(158, NULL),
(187, NULL),
(211, NULL),
(229, NULL),
(229, NULL),
(230, NULL),
(231, NULL),
(235, NULL),
(115, 21),
(115, 21),
(84, 21),
(84, 21),
(102, 68),
(102, 68),
(1, NULL),
(7, NULL),
(130, NULL),
(201, NULL),
(27, 4),
(27, 4),
(1, NULL),
(6, NULL),
(130, NULL),
(68, NULL),
(11, NULL),
(11, NULL),
(11, NULL),
(88, 57),
(88, 57),
(31, 57),
(31, 57),
(1, 201),
(33, 201),
(33, 201),
(158, NULL),
(216, 69),
(216, 69),
(216, 69),
(232, 69),
(232, 69),
(150, 69),
(150, 69),
(140, NULL),
(2, NULL),
(139, NULL),
(141, 201),
(141, 201),
(222, 122),
(222, 122),
(174, 122),
(174, 122),
(214, 122),
(214, 122),
(93, 197),
(93, 197),
(124, 197),
(118, 197),
(118, 197),
(77, 197),
(77, 197),
(10, NULL),
(132, NULL),
(132, NULL),
(38, 24),
(38, 24),
(131, 201),
(151, 201),
(151, 201),
(206, 201),
(206, 201),
(131, NULL),
(131, NULL),
(177, NULL),
(177, NULL),
(131, 201),
(131, 73),
(131, 73),
(131, 73),
(177, 73),
(177, 73),
(21, NULL),
(119, NULL);

-- --------------------------------------------------------

--
-- Tablo için tablo yapısı `seller`
--

DROP TABLE IF EXISTS `seller`;
CREATE TABLE IF NOT EXISTS `seller` (
  `s_id` int(11) NOT NULL AUTO_INCREMENT,
  `s_key` varchar(255) COLLATE utf8_turkish_ci NOT NULL,
  `s_name` varchar(255) COLLATE utf8_turkish_ci NOT NULL,
  `s_password` varchar(255) COLLATE utf8_turkish_ci NOT NULL,
  `s_email` varchar(255) COLLATE utf8_turkish_ci NOT NULL,
  PRIMARY KEY (`s_id`),
  UNIQUE KEY `s_email` (`s_email`),
  UNIQUE KEY `s_username` (`s_key`)
) ENGINE=InnoDB AUTO_INCREMENT=6 DEFAULT CHARSET=utf8 COLLATE=utf8_turkish_ci;

--
-- Tablo döküm verisi `seller`
--

INSERT INTO `seller` (`s_id`, `s_key`, `s_name`, `s_password`, `s_email`) VALUES
(5, 'arya', 'Arya', 'arya123', 'arya@gmail.com');

-- --------------------------------------------------------

--
-- Tablo için tablo yapısı `shop_cart`
--

DROP TABLE IF EXISTS `shop_cart`;
CREATE TABLE IF NOT EXISTS `shop_cart` (
  `sc_id` int(11) NOT NULL AUTO_INCREMENT,
  `sc_time` timestamp NOT NULL DEFAULT CURRENT_TIMESTAMP,
  PRIMARY KEY (`sc_id`)
) ENGINE=InnoDB AUTO_INCREMENT=605 DEFAULT CHARSET=utf8 COLLATE=utf8_turkish_ci;

--
-- Tablo döküm verisi `shop_cart`
--

INSERT INTO `shop_cart` (`sc_id`, `sc_time`) VALUES
(1, '2018-12-31 23:09:31'),
(2, '2019-01-02 15:18:54'),
(3, '2019-01-03 20:13:44'),
(4, '2019-01-04 12:28:06'),
(5, '2019-01-05 00:34:36'),
(6, '2019-01-06 09:37:39'),
(7, '2019-01-07 04:58:58'),
(8, '2019-01-08 02:01:39'),
(9, '2019-01-09 07:03:43'),
(10, '2019-01-10 00:39:32'),
(11, '2019-01-11 19:28:53'),
(12, '2019-01-12 10:31:18'),
(13, '2019-01-13 18:19:03'),
(14, '2019-01-14 14:48:48'),
(15, '2019-01-15 08:14:24'),
(16, '2019-01-16 05:10:03'),
(17, '2019-01-17 19:42:13'),
(18, '2019-01-18 14:59:18'),
(19, '2019-01-18 22:18:54'),
(20, '2019-01-20 20:37:27'),
(21, '2019-01-21 07:58:24'),
(22, '2019-01-22 03:37:15'),
(23, '2019-01-23 07:13:20'),
(24, '2019-01-24 00:01:31'),
(25, '2019-01-25 15:24:16'),
(26, '2019-01-26 15:34:27'),
(27, '2019-01-27 12:58:03'),
(28, '2019-01-28 01:02:48'),
(29, '2019-01-29 19:45:57'),
(30, '2019-02-01 05:17:12'),
(31, '2019-02-02 07:09:59'),
(32, '2019-02-03 16:47:20'),
(33, '2019-02-04 02:21:08'),
(34, '2019-02-05 09:39:16'),
(35, '2019-02-06 18:44:33'),
(36, '2019-02-07 06:58:38'),
(37, '2019-02-08 12:57:55'),
(38, '2019-02-09 04:05:55'),
(39, '2019-02-10 14:17:38'),
(40, '2019-02-11 12:44:44'),
(41, '2019-02-12 10:50:03'),
(42, '2019-02-13 03:28:58'),
(43, '2019-02-13 23:49:40'),
(44, '2019-02-15 18:44:10'),
(45, '2019-02-16 18:48:35'),
(46, '2019-02-17 05:14:41'),
(47, '2019-02-18 11:53:32'),
(48, '2019-02-19 17:08:58'),
(49, '2019-02-19 21:07:15'),
(50, '2019-02-21 01:17:49'),
(51, '2019-02-22 07:31:39'),
(52, '2019-02-23 18:33:40'),
(53, '2019-02-24 17:32:11'),
(54, '2019-02-25 14:01:42'),
(55, '2019-02-26 03:13:55'),
(56, '2019-02-27 14:12:17'),
(57, '2019-02-28 17:23:02'),
(58, '2019-02-21 03:26:20'),
(59, '2019-02-02 19:12:40'),
(60, '2019-03-01 13:41:22'),
(61, '2019-03-02 17:26:56'),
(62, '2019-03-03 13:39:15'),
(63, '2019-03-04 20:29:04'),
(64, '2019-03-05 09:11:56'),
(65, '2019-03-06 03:56:36'),
(66, '2019-03-07 13:53:59'),
(67, '2019-03-08 13:37:14'),
(68, '2019-03-09 09:22:32'),
(69, '2019-03-09 22:43:09'),
(70, '2019-03-11 08:25:35'),
(71, '2019-03-11 21:58:12'),
(72, '2019-03-13 07:21:11'),
(73, '2019-03-14 10:02:14'),
(74, '2019-03-15 14:11:47'),
(75, '2019-03-15 23:34:20'),
(76, '2019-03-17 11:50:25'),
(77, '2019-03-18 15:39:01'),
(78, '2019-03-19 06:33:55'),
(79, '2019-03-20 11:55:33'),
(80, '2019-03-21 15:57:16'),
(81, '2019-03-22 20:52:10'),
(82, '2019-03-31 20:27:44'),
(83, '2019-03-24 13:06:17'),
(84, '2019-03-25 01:23:16'),
(85, '2019-03-26 01:29:49'),
(86, '2019-03-27 11:18:32'),
(87, '2019-03-28 20:35:25'),
(88, '2019-03-29 14:15:26'),
(89, '2019-03-30 15:45:39'),
(90, '2019-04-01 14:58:06'),
(91, '2019-04-02 13:27:21'),
(92, '2019-04-03 11:13:19'),
(93, '2019-04-04 12:28:48'),
(94, '2019-04-05 06:54:41'),
(95, '2019-04-06 07:13:01'),
(96, '2019-04-07 11:27:55'),
(97, '2019-04-08 01:54:56'),
(98, '2019-04-09 01:59:06'),
(99, '2019-04-10 06:53:47'),
(100, '2019-04-10 21:37:49'),
(101, '2019-04-12 04:51:14'),
(102, '2019-04-12 22:38:36'),
(103, '2019-04-14 01:03:36'),
(104, '2019-04-15 11:50:01'),
(105, '2019-04-16 07:35:18'),
(106, '2019-04-17 10:45:59'),
(107, '2019-04-17 21:40:51'),
(108, '2019-04-19 13:48:03'),
(109, '2019-04-20 08:52:19'),
(110, '2019-04-21 15:44:32'),
(111, '2019-04-22 08:20:27'),
(112, '2019-04-22 21:40:56'),
(113, '2019-04-24 16:02:56'),
(114, '2019-04-25 01:30:03'),
(115, '2019-04-26 16:03:46'),
(116, '2019-04-27 18:04:14'),
(117, '2019-04-28 06:48:21'),
(118, '2019-04-29 17:27:45'),
(119, '2019-04-30 11:20:46'),
(120, '2019-04-30 22:10:56'),
(121, '2019-05-02 11:30:10'),
(122, '2019-04-18 11:10:46'),
(123, '2019-05-03 03:29:29'),
(124, '2019-05-03 21:15:49'),
(125, '2019-05-05 17:37:37'),
(126, '2019-05-06 04:53:33'),
(127, '2019-05-07 08:02:29'),
(128, '2019-05-08 15:18:50'),
(129, '2019-05-08 21:36:18'),
(130, '2019-05-10 19:15:10'),
(131, '2019-05-10 22:58:34'),
(132, '2019-05-12 19:32:14'),
(133, '2019-05-13 17:44:29'),
(134, '2019-05-14 07:22:11'),
(135, '2019-04-29 07:25:19'),
(136, '2019-05-15 20:43:01'),
(137, '2019-05-16 02:29:54'),
(138, '2019-05-17 00:13:13'),
(139, '2019-05-18 01:31:14'),
(140, '2019-05-19 15:12:34'),
(141, '2019-05-20 15:10:16'),
(142, '2019-05-21 00:39:03'),
(143, '2019-05-21 23:29:30'),
(144, '2019-05-23 09:47:32'),
(145, '2019-05-24 02:07:13'),
(146, '2019-05-25 12:15:59'),
(147, '2019-05-26 10:33:36'),
(148, '2019-05-27 14:25:42'),
(149, '2019-05-28 07:22:09'),
(150, '2019-05-18 11:26:30'),
(151, '2019-04-13 09:21:02'),
(152, '2019-03-30 16:58:50'),
(153, '2019-02-19 10:08:52'),
(154, '2019-02-06 08:10:29'),
(155, '2019-05-01 08:17:37'),
(156, '2019-05-09 17:40:10'),
(157, '2019-05-01 14:54:46'),
(158, '2019-03-25 12:02:34'),
(159, '2019-05-08 04:49:25'),
(160, '2019-02-17 10:05:44'),
(161, '2019-03-13 03:01:14'),
(162, '2019-04-24 00:18:05'),
(163, '2019-01-14 17:46:49'),
(164, '2019-01-11 10:30:23'),
(165, '2019-01-17 20:23:25'),
(166, '2019-03-14 11:38:43'),
(167, '2019-05-23 04:50:37'),
(168, '2019-04-13 00:27:09'),
(169, '2019-04-07 15:37:05'),
(170, '2019-02-09 23:18:23'),
(171, '2019-03-01 07:23:18'),
(172, '2019-05-24 11:05:25'),
(173, '2019-01-24 00:47:25'),
(174, '2019-01-31 04:57:23'),
(175, '2019-03-03 06:14:50'),
(176, '2019-04-22 19:14:58'),
(177, '2019-04-03 22:31:08'),
(178, '2019-01-02 03:52:33'),
(179, '2019-04-19 20:43:41'),
(180, '2019-04-28 05:30:43'),
(181, '2019-05-15 20:52:29'),
(182, '2019-01-10 11:45:16'),
(183, '2019-03-23 05:43:49'),
(184, '2019-05-07 14:09:58'),
(185, '2019-01-27 17:28:10'),
(186, '2019-03-20 06:48:21'),
(187, '2019-01-02 02:34:43'),
(188, '2019-03-29 19:10:21'),
(189, '2019-01-16 01:24:23'),
(190, '2019-02-01 01:45:10'),
(191, '2019-04-18 18:06:21'),
(192, '2019-01-23 03:58:55'),
(193, '2019-01-09 19:14:53'),
(194, '2019-03-27 00:48:31'),
(195, '2019-02-01 20:38:10'),
(196, '2019-05-23 11:35:17'),
(197, '2019-04-15 10:06:52'),
(198, '2019-01-08 17:42:47'),
(199, '2019-04-12 14:05:08'),
(200, '2019-01-19 01:32:56'),
(201, '2018-12-31 21:33:05'),
(202, '2019-04-17 05:39:48'),
(203, '2019-03-09 18:43:44'),
(204, '2019-03-09 00:32:17'),
(205, '2019-01-07 16:43:42'),
(206, '2019-04-23 03:23:54'),
(207, '2019-02-26 13:25:56'),
(208, '2019-05-17 10:19:35'),
(209, '2019-05-25 18:11:29'),
(210, '2019-05-10 14:06:56'),
(211, '2019-01-19 16:32:13'),
(212, '2019-05-03 04:46:04'),
(213, '2019-01-13 14:02:37'),
(214, '2019-04-09 04:31:16'),
(215, '2019-03-23 08:53:32'),
(216, '2019-05-13 16:20:48'),
(217, '2019-02-20 03:51:51'),
(218, '2019-04-01 22:51:42'),
(219, '2019-01-23 06:50:21'),
(220, '2019-01-30 17:01:25'),
(221, '2019-04-26 21:45:23'),
(222, '2019-04-18 11:51:37'),
(223, '2019-04-25 17:14:38'),
(224, '2019-05-09 16:16:58'),
(225, '2019-05-01 19:20:55'),
(226, '2019-01-11 22:42:50'),
(227, '2019-01-14 08:23:52'),
(228, '2019-04-22 09:03:05'),
(229, '2019-03-11 08:40:43'),
(230, '2019-04-13 20:10:43'),
(231, '2019-05-22 10:11:02'),
(232, '2019-04-26 04:49:48'),
(233, '2019-05-20 11:22:28'),
(234, '2019-04-05 08:24:06'),
(235, '2019-05-13 15:55:33'),
(236, '2019-02-28 22:35:46'),
(237, '2019-02-16 17:31:23'),
(238, '2019-02-16 00:10:18'),
(239, '2019-04-15 05:30:26'),
(240, '2019-01-25 22:47:05'),
(241, '2019-03-17 23:42:13'),
(242, '2019-02-01 22:40:13'),
(243, '2019-01-16 20:13:08'),
(244, '2019-01-20 01:24:18'),
(245, '2019-05-06 17:03:09'),
(246, '2019-01-20 17:38:08'),
(247, '2019-05-17 20:55:36'),
(248, '2019-05-03 15:54:31'),
(249, '2019-04-08 22:07:55'),
(250, '2019-04-25 11:17:56'),
(251, '2019-04-11 19:59:21'),
(252, '2019-03-12 13:15:22'),
(253, '2019-04-05 02:59:44'),
(254, '2019-01-17 18:20:57'),
(255, '2019-01-27 01:14:19'),
(256, '2019-03-08 03:54:53'),
(257, '2019-02-19 04:18:21'),
(258, '2019-04-09 16:58:03'),
(259, '2019-02-24 05:01:58'),
(260, '2019-04-29 19:46:32'),
(261, '2019-05-02 16:08:55'),
(262, '2019-01-30 20:58:31'),
(263, '2019-02-04 14:10:17'),
(264, '2019-01-05 02:34:57'),
(265, '2019-05-09 11:04:14'),
(266, '2019-04-04 07:31:16'),
(267, '2019-03-15 20:02:44'),
(268, '2019-02-03 16:01:10'),
(269, '2019-01-22 02:12:27'),
(270, '2019-03-20 17:20:35'),
(271, '2019-02-01 05:27:17'),
(272, '2019-02-15 07:38:26'),
(273, '2019-03-04 12:07:19'),
(274, '2019-05-03 03:38:21'),
(275, '2019-03-08 10:46:24'),
(276, '2019-01-18 18:25:23'),
(277, '2019-05-24 05:56:03'),
(278, '2019-03-12 04:09:52'),
(279, '2019-03-10 16:51:04'),
(280, '2019-04-02 11:50:06'),
(281, '2019-03-24 02:14:22'),
(282, '2019-04-29 21:06:03'),
(283, '2019-03-25 17:01:43'),
(284, '2019-04-05 06:51:11'),
(285, '2019-01-08 17:07:29'),
(286, '2019-03-26 22:11:11'),
(287, '2019-05-23 18:08:22'),
(288, '2019-01-18 10:56:41'),
(289, '2019-05-02 23:09:08'),
(290, '2019-01-16 07:38:07'),
(291, '2019-04-29 11:30:26'),
(292, '2019-04-17 20:04:16'),
(293, '2019-04-23 14:30:28'),
(294, '2019-04-20 08:28:31'),
(295, '2019-02-27 17:10:13'),
(296, '2019-02-09 03:01:55'),
(297, '2019-02-25 20:42:58'),
(298, '2019-03-23 20:37:21'),
(299, '2019-04-14 04:01:18'),
(300, '2019-04-12 11:58:18'),
(301, '2019-05-15 07:48:25'),
(302, '2019-01-23 21:44:52'),
(303, '2019-05-05 07:52:44'),
(304, '2019-02-12 15:16:31'),
(305, '2019-01-16 13:51:40'),
(306, '2019-05-15 11:24:47'),
(307, '2019-02-17 05:58:21'),
(308, '2019-01-27 09:13:04'),
(309, '2019-01-27 09:48:22'),
(310, '2019-02-12 02:42:19'),
(311, '2019-04-15 11:02:30'),
(312, '2019-04-28 22:38:53'),
(313, '2019-02-13 05:09:33'),
(314, '2019-04-06 15:14:11'),
(315, '2019-03-16 04:16:02'),
(316, '2019-05-05 00:55:28'),
(317, '2019-05-09 20:50:51'),
(318, '2019-05-07 16:06:36'),
(319, '2019-04-17 22:24:16'),
(320, '2019-01-21 20:52:46'),
(321, '2019-03-09 14:21:22'),
(322, '2019-01-14 02:52:18'),
(323, '2019-02-05 20:39:04'),
(324, '2019-03-01 02:52:17'),
(325, '2019-01-17 09:38:40'),
(326, '2019-04-04 09:40:28'),
(327, '2019-03-06 11:44:46'),
(328, '2019-03-10 01:44:56'),
(329, '2019-03-26 12:12:51'),
(330, '2019-02-03 13:04:51'),
(331, '2019-02-05 22:52:13'),
(332, '2019-01-06 10:49:14'),
(333, '2019-03-12 19:58:32'),
(334, '2019-03-22 01:10:40'),
(335, '2019-05-02 19:47:45'),
(336, '2019-04-20 09:57:08'),
(337, '2019-05-24 15:26:47'),
(338, '2019-03-25 19:34:38'),
(339, '2019-03-11 04:41:14'),
(340, '2019-01-12 16:31:06'),
(341, '2019-05-16 20:34:13'),
(342, '2019-01-24 08:21:58'),
(343, '2019-04-30 16:17:59'),
(344, '2019-01-13 13:19:06'),
(345, '2019-05-04 19:50:53'),
(346, '2019-02-14 13:07:23'),
(347, '2019-01-13 09:49:52'),
(348, '2019-03-12 16:41:36'),
(349, '2019-05-23 06:12:26'),
(350, '2019-01-04 00:57:06'),
(351, '2019-04-20 20:01:14'),
(352, '2019-04-12 07:31:34'),
(353, '2019-04-11 16:08:55'),
(354, '2019-03-21 14:28:49'),
(355, '2019-03-05 05:03:53'),
(356, '2019-04-29 03:07:30'),
(357, '2019-02-28 19:36:57'),
(358, '2019-02-14 20:44:48'),
(359, '2019-03-26 02:41:12'),
(360, '2019-02-08 09:21:20'),
(361, '2019-03-08 01:05:38'),
(362, '2019-04-09 16:23:44'),
(363, '2019-05-08 13:07:01'),
(364, '2019-05-23 18:32:33'),
(365, '2019-05-17 05:31:32'),
(366, '2019-02-16 13:28:51'),
(367, '2019-05-10 03:05:39'),
(368, '2019-02-25 13:32:07'),
(369, '2019-04-20 15:25:46'),
(370, '2019-04-30 12:36:51'),
(371, '2019-03-17 00:46:59'),
(372, '2019-03-23 09:41:30'),
(373, '2019-03-19 05:43:55'),
(374, '2019-02-01 23:51:59'),
(375, '2019-04-26 17:55:22'),
(376, '2019-05-22 13:51:40'),
(377, '2019-02-08 06:53:06'),
(378, '2019-02-17 21:52:56'),
(379, '2019-04-22 10:45:36'),
(380, '2019-03-15 17:21:06'),
(381, '2019-04-22 14:55:52'),
(382, '2019-03-26 17:41:57'),
(383, '2019-03-04 15:58:04'),
(384, '2019-04-29 03:02:44'),
(385, '2019-05-22 14:17:21'),
(386, '2019-02-24 12:56:44'),
(387, '2019-03-16 12:49:35'),
(388, '2019-03-24 12:15:06'),
(389, '2019-03-20 02:55:07'),
(390, '2019-01-20 15:42:31'),
(391, '2019-02-28 14:01:30'),
(392, '2019-02-02 01:49:06'),
(393, '2019-02-02 10:19:17'),
(394, '2019-02-11 03:34:59'),
(395, '2019-03-22 00:44:40'),
(396, '2019-01-12 12:08:14'),
(397, '2019-02-06 11:26:25'),
(398, '2019-03-06 11:38:25'),
(399, '2019-04-30 08:44:26'),
(400, '2019-03-25 01:59:28'),
(401, '2019-02-24 12:45:38'),
(402, '2019-01-01 14:30:28'),
(403, '2019-03-03 17:14:38'),
(404, '2019-02-01 11:45:17'),
(405, '2019-01-02 10:14:31'),
(406, '2019-04-06 23:16:23'),
(407, '2019-03-03 16:55:37'),
(408, '2018-12-31 22:16:37'),
(409, '2019-03-22 14:20:11'),
(410, '2019-04-18 13:30:53'),
(411, '2019-01-11 08:04:13'),
(412, '2019-05-13 03:52:58'),
(413, '2019-03-30 19:03:11'),
(414, '2019-03-15 19:18:12'),
(415, '2019-04-06 13:41:16'),
(416, '2019-05-12 08:25:18'),
(417, '2019-05-17 09:48:39'),
(418, '2019-03-23 18:17:02'),
(419, '2019-03-09 15:58:10'),
(420, '2019-02-15 06:14:04'),
(421, '2019-03-24 06:37:09'),
(422, '2019-02-23 20:32:36'),
(423, '2019-01-09 23:41:41'),
(424, '2019-04-22 02:11:14'),
(425, '2019-05-06 17:56:47'),
(426, '2019-02-09 00:38:38'),
(427, '2019-05-16 09:43:13'),
(428, '2019-04-24 14:35:18'),
(429, '2019-03-05 14:44:11'),
(430, '2019-01-23 18:41:20'),
(431, '2019-03-30 11:46:06'),
(432, '2019-05-19 23:19:13'),
(433, '2019-04-09 06:28:22'),
(434, '2019-01-29 01:17:26'),
(435, '2019-02-01 07:04:09'),
(436, '2019-03-04 21:41:26'),
(437, '2019-03-26 13:07:59'),
(438, '2019-04-08 07:32:10'),
(439, '2019-01-21 12:19:44'),
(440, '2019-04-05 15:33:56'),
(441, '2019-04-17 19:09:08'),
(442, '2019-02-15 14:59:13'),
(443, '2019-03-12 03:44:41'),
(444, '2019-04-09 22:17:13'),
(445, '2019-02-19 21:31:23'),
(446, '2019-04-30 07:47:49'),
(447, '2019-01-05 20:04:22'),
(448, '2019-04-22 22:40:13'),
(449, '2019-04-25 02:43:49'),
(450, '2019-05-17 09:30:41'),
(451, '2019-01-12 16:30:36'),
(452, '2019-04-02 09:07:24'),
(453, '2019-02-08 07:42:04'),
(454, '2019-05-20 09:15:04'),
(455, '2019-04-04 05:46:44'),
(456, '2019-03-09 13:25:45'),
(457, '2019-03-22 21:56:12'),
(458, '2019-04-04 06:34:38'),
(459, '2019-01-24 15:06:38'),
(460, '2019-04-02 02:55:44'),
(461, '2019-04-15 14:24:48'),
(462, '2019-01-06 10:37:38'),
(463, '2019-01-12 10:11:37'),
(464, '2019-05-14 05:30:19'),
(465, '2019-05-04 21:34:59'),
(466, '2019-02-23 20:56:47'),
(467, '2019-01-11 18:16:32'),
(468, '2019-01-05 17:30:57'),
(469, '2019-05-01 12:23:21'),
(470, '2019-05-04 01:40:19'),
(471, '2019-04-20 04:04:43'),
(472, '2019-04-04 18:43:39'),
(473, '2019-04-23 21:20:57'),
(474, '2019-03-07 00:23:54'),
(475, '2019-04-24 19:47:03'),
(476, '2019-04-02 02:33:50'),
(477, '2019-04-20 19:23:26'),
(478, '2019-02-11 03:10:48'),
(479, '2019-03-22 06:10:49'),
(480, '2019-04-28 21:48:30'),
(481, '2019-03-12 15:59:52'),
(482, '2019-05-10 10:36:44'),
(483, '2019-05-25 13:24:55'),
(484, '2019-03-14 21:51:07'),
(485, '2019-01-04 05:10:50'),
(486, '2019-05-15 08:49:53'),
(487, '2019-02-09 08:13:40'),
(488, '2019-03-22 08:31:38'),
(489, '2019-01-19 21:19:27'),
(490, '2019-03-25 20:24:02'),
(491, '2019-02-12 17:49:55'),
(492, '2019-05-06 22:09:33'),
(493, '2019-03-06 12:27:18'),
(494, '2019-03-15 10:25:19'),
(495, '2019-03-05 06:58:01'),
(496, '2019-01-04 21:35:47'),
(497, '2019-01-13 09:02:28'),
(498, '2019-05-12 01:29:31'),
(499, '2019-04-01 02:51:47'),
(500, '2019-04-30 22:11:52'),
(501, '2019-05-16 09:02:34'),
(502, '2019-04-28 04:41:49'),
(503, '2019-02-01 18:12:36'),
(504, '2019-01-30 06:46:43'),
(505, '2019-04-12 20:53:40'),
(506, '2019-05-24 19:37:58'),
(507, '2019-04-18 09:13:17'),
(508, '2019-02-19 15:42:50'),
(509, '2019-01-02 15:37:23'),
(510, '2019-02-18 08:24:11'),
(511, '2019-01-20 12:38:10'),
(512, '2019-01-02 05:49:11'),
(513, '2019-01-10 02:39:47'),
(514, '2019-04-07 21:54:15'),
(515, '2019-02-23 08:40:08'),
(516, '2019-03-24 18:28:13'),
(517, '2019-04-12 00:58:30'),
(518, '2019-02-08 15:17:07'),
(519, '2019-04-26 08:02:29'),
(520, '2019-01-01 12:29:54'),
(521, '2019-05-22 00:40:22'),
(522, '2019-04-12 20:05:46'),
(523, '2019-02-11 17:56:06'),
(524, '2019-04-08 03:14:44'),
(525, '2019-02-09 06:52:41'),
(526, '2019-01-21 20:06:22'),
(527, '2019-05-08 00:08:18'),
(528, '2019-04-19 21:32:39'),
(529, '2019-02-02 18:52:50'),
(530, '2019-05-26 15:53:37'),
(531, '2019-01-03 07:49:55'),
(532, '2019-02-24 11:44:09'),
(533, '2019-01-16 02:03:39'),
(534, '2019-04-18 16:35:43'),
(535, '2019-03-23 04:42:21'),
(536, '2019-04-22 03:41:11'),
(537, '2019-02-11 16:49:15'),
(538, '2019-04-11 23:45:25'),
(539, '2019-04-22 19:02:23'),
(540, '2019-01-04 13:43:13'),
(541, '2019-02-25 08:14:12'),
(542, '2019-04-21 22:30:54'),
(543, '2019-05-06 20:55:23'),
(544, '2019-05-26 22:42:14'),
(545, '2019-04-19 09:41:36'),
(546, '2019-05-12 13:25:56'),
(547, '2019-03-31 23:19:12'),
(548, '2019-01-30 01:57:41'),
(549, '2019-01-30 16:11:03'),
(550, '2019-05-23 08:36:41'),
(551, '2019-05-21 05:14:10'),
(552, '2019-01-06 01:21:33'),
(553, '2019-04-19 13:12:37'),
(554, '2019-01-26 04:39:54'),
(555, '2019-01-21 14:26:08'),
(556, '2019-04-06 18:12:18'),
(557, '2019-01-21 21:40:55'),
(558, '2019-01-22 15:38:48'),
(559, '2019-01-24 14:40:27'),
(560, '2019-04-02 07:21:53'),
(561, '2019-01-02 00:06:05'),
(562, '2019-02-12 14:11:06'),
(563, '2019-03-16 09:09:56'),
(564, '2019-05-11 10:10:48'),
(565, '2019-05-22 17:26:38'),
(566, '2019-01-03 13:21:59'),
(567, '2019-04-26 12:35:57'),
(568, '2019-05-10 08:29:01'),
(569, '2019-01-22 10:09:42'),
(570, '2019-05-21 12:45:15'),
(571, '2019-03-08 02:12:22'),
(572, '2019-03-14 19:38:57'),
(573, '2019-03-29 22:13:53'),
(574, '2019-03-21 22:29:02'),
(575, '2019-03-21 17:42:28'),
(576, '2019-01-25 00:28:39'),
(577, '2019-05-09 13:06:16'),
(578, '2019-05-22 17:09:06'),
(579, '2019-01-20 11:20:09'),
(580, '2019-05-02 16:20:31'),
(581, '2019-03-30 05:45:27'),
(582, '2019-01-10 09:48:39'),
(583, '2019-01-02 00:47:43'),
(584, '2019-02-07 00:05:33'),
(585, '2019-05-12 23:33:54'),
(586, '2019-04-20 05:41:31'),
(587, '2019-01-04 22:06:25'),
(588, '2019-05-13 05:56:00'),
(589, '2019-05-19 13:11:41'),
(590, '2019-05-12 07:18:04'),
(591, '2019-05-11 16:31:41'),
(592, '2019-04-18 09:50:04'),
(593, '2019-05-27 12:55:03'),
(594, '2019-05-27 13:41:45'),
(595, '2019-05-28 05:04:45'),
(596, '2019-05-28 06:49:09'),
(597, '2019-05-28 12:04:37'),
(598, '2019-05-29 12:33:58'),
(599, '2019-05-29 12:49:41'),
(600, '2019-05-30 14:46:36'),
(601, '2019-05-30 17:28:55'),
(602, '2019-05-30 18:34:32'),
(603, '2019-05-30 19:59:14'),
(604, '2019-05-30 20:06:54');

-- --------------------------------------------------------

--
-- Tablo için tablo yapısı `users`
--

DROP TABLE IF EXISTS `users`;
CREATE TABLE IF NOT EXISTS `users` (
  `u_id` int(11) NOT NULL AUTO_INCREMENT,
  `g_id` int(11) NOT NULL,
  `uc_id` int(11) DEFAULT NULL,
  `u_name` varchar(255) COLLATE utf8_turkish_ci NOT NULL,
  `u_surname` varchar(255) COLLATE utf8_turkish_ci NOT NULL,
  `u_email` varchar(255) COLLATE utf8_turkish_ci DEFAULT NULL,
  `u_password` varchar(255) COLLATE utf8_turkish_ci NOT NULL,
  `u_address` varchar(255) COLLATE utf8_turkish_ci DEFAULT NULL,
  `u_date` date NOT NULL,
  `u_number` varchar(255) COLLATE utf8_turkish_ci NOT NULL,
  PRIMARY KEY (`u_id`),
  UNIQUE KEY `u_mail` (`u_email`),
  KEY `g_id` (`g_id`),
  KEY `uc_id` (`uc_id`)
) ENGINE=InnoDB AUTO_INCREMENT=207 DEFAULT CHARSET=utf8 COLLATE=utf8_turkish_ci;

--
-- Tablo döküm verisi `users`
--

INSERT INTO `users` (`u_id`, `g_id`, `uc_id`, `u_name`, `u_surname`, `u_email`, `u_password`, `u_address`, `u_date`, `u_number`) VALUES
(1, 2, 74, 'Gökhan', 'Şahin', 'sahingokhan@example.com', 'rpwojCgB1n', 'Yenidoğan Bulvarı No:139 Kurucaşile, Bartın', '1982-12-29', '+908517873748'),
(2, 1, 25, 'Gülşah', 'Polat', 'polatgulsah@example.com', 'SH0sQFX4rN', 'Gökkuşağı Caddesi No:578 Köprüköy, Erzurum', '1996-05-01', '+908512358974'),
(3, 2, 25, 'Ömer', 'Şen', 'senomer@example.com', 'Ute4vROaP0', 'Genç Osman Caddesi No:314 Oltu, Erzurum', '1978-10-01', '+908513035745'),
(4, 1, 17, 'İrem', 'Keskin', 'i̇rem_keskin@example.com', 'mQxp0JnHEN', 'Farabi Bulvarı No:122 Gökçeada, Çanakkale', '1977-10-14', '+908514648168'),
(5, 2, 10, 'Yusuf', 'Tekin', 'tekinyusuf918@example.com', 'nvhqyIfKdL', 'Ali Çetinkaya Sokağı No:235 Havran, Balıkesir', '1991-08-15', '+908517459025'),
(6, 2, 63, 'Serkan', 'Ünal', 'serkan_unal@example.com', 'dFEBbTCI6U', 'Kanarya Mahallesi No:16 Karaköprü, Şanlıurfa', '1982-10-15', '+908512134011'),
(7, 1, 24, 'Sibel', 'Çelik', 'sibel_celik766@example.com', 'PkGw4Npb8q', 'Niksar Caddesi No:797 Refahiye, Erzincan', '1995-09-18', '+908512455321'),
(8, 1, 21, 'İrem', 'Demir', 'i̇rem_demir391@example.com', 'zSYMRfD7g0', 'Bağ Bulvarı No:154 Hani, Diyarbakır', '1983-08-03', '+908513123710'),
(9, 2, 44, 'Halil', 'Aydın', 'halil_aydin@example.com', 'bGZBV1cavS', 'Kavaklı Dere Mahallesi No:711 Arapgir, Malatya', '1981-05-11', '+908518615621'),
(10, 1, 38, 'Gizem', 'Yalçın', 'gizem_yalcin@example.com', 'C3M0d1lOTV', 'Halil İbrahim Mahallesi No:503 Pınarbaşı, Kayseri', '1981-12-10', '+908513370920'),
(11, 2, 22, 'Mehmet', 'Erdoğan', 'mehmet_erdogan151@example.com', 'CZYaQsJ3PX', 'Çakmak Sokağı No:480 Meriç, Edirne', '1992-11-09', '+908518725207'),
(12, 1, 53, 'Aynur', 'Keskin', 'aynur_keskin@example.com', 'qQHk6SeF7G', 'Kocatepe Bulvarı No:552 Kalkandere, Rize', '1995-06-12', '+908518906108'),
(13, 1, 54, 'Sena', 'Özcan', 'ozcansena696@example.com', '2Ga1lWOVp0', 'Burçin Sokağı No:736 Söğütlü, Sakarya', '1995-03-24', '+908516018610'),
(14, 2, 17, 'Ali', 'Şahin', 'sahinali@example.com', 'SjDkuXH1hM', 'Mustafa Okumuş Mahallesi No:736 Yenice, Çanakkale', '1990-08-29', '+908519445499'),
(15, 2, 10, 'Hasan', 'Şahin', 'sahinhasan@example.com', 'uGsivSKZRt', 'Bekir Caddesi No:717 Havran, Balıkesir', '1984-03-22', '+908515000245'),
(16, 1, 41, 'Öznur', 'Arslan', 'oznur_arslan@example.com', 'eiMFPql8Es', 'Çığ Sokağı No:55 Gebze, Kocaeli', '1990-02-02', '+908516463119'),
(17, 1, 55, 'Ayça', 'Aktaş', 'aktasayca@example.com', 'JUMZICh9Rb', 'Çınarcık Sokağı No:192 Bafra, Samsun', '1977-12-16', '+908518187515'),
(18, 2, 75, 'Şükrü', 'Aydın', 'sukru_aydin99@example.com', 'CtupEgY6Ls', 'Dev Bulvarı No:783 Çıldır, Ardahan', '1989-02-23', '+908512634403'),
(19, 1, 52, 'Özge', 'Şen', 'ozge_sen720@example.com', 'JTkbczjhro', 'Afyon Kaya Sokağı No:395 İkizce, Ordu', '1976-08-18', '+908512627693'),
(20, 2, 18, 'Muhammet', 'Turan', 'muhammet_turan434@example.com', 'zTNpkaEPcx', 'Kent Mahallesi No:217 Kurşunlu, Çankırı', '1990-01-02', '+908511471122'),
(21, 1, 39, 'Sevgi', 'Öztürk', 'ozturksevgi@example.com', '9uFV2yrvlz', 'Bozacı Sokağı No:427 Lüleburgaz, Kırklareli', '1995-03-16', '+908519196873'),
(22, 2, 9, 'Orhan', 'Güler', 'gulerorhan@example.com', 'ab1P45VsXi', 'Duygu Mahallesi No:998 Kuyucak, Aydın', '1988-10-15', '+908515039257'),
(23, 2, 43, 'Yakup', 'Avcı', 'avciyakup951@example.com', 'yq8EKRYPfW', 'Narin Caddesi No:894 Simav, Kütahya', '1994-04-15', '+908511812261'),
(24, 1, 48, 'Şevval', 'Yüksel', 'yukselsevval@example.com', 'qwE7aLTBOh', 'Parlak Caddesi No:748 Yatağan, Muğla', '1991-04-13', '+908511469405'),
(25, 2, 12, 'Yılmaz', 'Şahin', 'sahinyilmaz@example.com', 'JHXbY2SOZ0', 'Armada Caddesi No:2 Yedisu, Bingöl', '1990-03-10', '+908511577214'),
(26, 1, 3, 'Sedef', 'Turan', 'sedef_turan755@example.com', 'ms5Y30Gre2', 'İbn-i Sina Caddesi No:86 Çay, Afyon', '1988-06-27', '+908517170202'),
(27, 2, 48, 'Yılmaz', 'Ünal', 'yilmaz_unal@example.com', 'v8Sq0MxYiA', 'Malatyalılar Mahallesi No:747 Bodrum, Muğla', '1992-04-26', '+908512393431'),
(28, 1, 7, 'Serap', 'Turan', 'serap_turan@example.com', 'HrAPDzwdix', 'Karşıyaka Mahallesi No:404 Kemer, Antalya', '1993-01-29', '+908514799961'),
(29, 2, 35, 'Mahmut', 'Turan', 'turanmahmut199@example.com', 'wTDIzofGxR', 'Cumhuriyet Bulvarı No:271 Balçova, İzmir', '1998-07-03', '+908513476788'),
(30, 1, 46, 'Irem', 'Kara', 'irem_kara507@example.com', 'lAL6YETrgj', 'Rızık Sokağı No:69 Ekinözü, Kahramanmaraş', '1992-03-10', '+908513119651'),
(31, 1, 14, 'Nurbanu', 'Demir', 'demirnurbanu48@example.com', 'f6jX7qvHrJ', 'Hanife Mahallesi No:496 Seben, Bolu', '1981-07-18', '+908514033619'),
(32, 1, 62, 'Gözde', 'Kaya', 'gozde_kaya@example.com', 'OmeWjhdEMn', 'Asmalı Sokağı No:805 Çemişgezek, Tunceli', '1976-01-05', '+908514444345'),
(33, 2, 21, 'Emre', 'Yilmaz', 'yilmazemre@example.com', 'tuQsdlORNG', 'Halis Sokağı No:643 Yenişehir, Diyarbakır', '1990-12-31', '+908517764753'),
(34, 1, 25, 'Demet', 'Kılıç', 'demet_kilic474@example.com', 'vZt8UoOaQi', 'Hac Mahallesi No:687 Karayazı, Erzurum', '1999-02-03', '+908512775118'),
(35, 2, 73, 'Yaşar', 'Çetin', 'cetinyasar@example.com', 'Al6IiVZv4p', 'Hac Mahallesi No:631 Uludere, Şırnak', '1989-11-05', '+908517462446'),
(36, 1, 3, 'Ceren', 'Sarı', 'sariceren@example.com', '4wCA8kgNMa', 'Alsancak Sokağı No:453 Evciler, Afyon', '1989-07-29', '+908512064304'),
(37, 1, 59, 'Hale', 'Taş', 'hale_tas921@example.com', '7MY9LkKpvl', 'Aslanağzı Sokağı No:12 Şarköy, Tekirdağ', '1994-03-04', '+908512473703'),
(38, 1, 38, 'Buket', 'Şahin', 'sahinbuket503@example.com', '2lPLw8QcoD', 'Cumhuriyet Sokağı No:104 Hacılar, Kayseri', '1997-09-16', '+908517982189'),
(39, 1, 60, 'Yasemin', 'Yalçın', 'yalcinyasemin301@example.com', '3grdoL06v2', 'Cengiz Topel Bulvarı No:74 Sulusaray, Tokat', '1992-05-02', '+908515155157'),
(40, 1, 81, 'Sinem', 'Özkan', 'sinem_ozkan396@example.com', 'cb5QJySXwH', 'Devran Caddesi No:151 Gümüşova, Düzce', '1996-01-22', '+908517716780'),
(41, 1, 21, 'Zehra', 'Yalçın', 'yalcinzehra608@example.com', '9y0P5EempI', 'İbrahim Ethem Mahallesi No:586 Silvan, Diyarbakır', '1980-01-10', '+908515607829'),
(42, 1, 53, 'Aleyna', 'Öztürk', 'aleyna_ozturk261@example.com', '7lBfvD0bhI', 'İğde Bulvarı No:557 İyidere, Rize', '1979-04-23', '+908513467273'),
(43, 1, 77, 'Esra', 'Şimşek', 'esra_simsek845@example.com', '8mS0eK5flQ', 'Umre Mahallesi No:136 Armutlu, Yalova', '1997-10-03', '+908519641270'),
(44, 2, 31, 'Kemal', 'Özdemir', 'ozdemirkemal@example.com', 'jqCpgw2kx6', 'Salim Mahallesi No:862 Dörtyol, Hatay', '1993-05-27', '+908516293118'),
(45, 1, 74, 'Tuğba', 'Özkan', 'tugba_ozkan@example.com', 'LYVdQk4cMu', 'Lalezar Mahallesi No:931 Amasra, Bartın', '1999-04-18', '+908515664674'),
(46, 1, 15, 'Tuğba', 'Kara', 'karatugba238@example.com', 'ERxC32eUtp', 'Çalıkuşu Bulvarı No:797 Bucak, Burdur', '1985-12-19', '+908511683415'),
(47, 1, 31, 'Aynur', 'Turan', 'turanaynur@example.com', 'R5xIYBDmOW', 'İsmet Attila Mahallesi No:564 Dörtyol, Hatay', '1980-05-07', '+908515582970'),
(48, 1, 5, 'Büşra', 'Korkmaz', 'korkmazbusra317@example.com', 'fuqzUn6ZCO', 'Aknur Bulvarı No:748, Amasya', '1977-11-15', '+908515435051'),
(49, 1, 66, 'İlayda', 'Ateş', 'atesi̇layda46@example.com', 'OA1hMEZlQU', 'Galip Mahallesi No:724 Yerköy, Yozgat', '1992-10-06', '+908516834270'),
(50, 1, 71, 'Hülya', 'Yilmaz', 'yilmazhulya776@example.com', '5xPmS9gbkN', 'Meclis Mahallesi No:145 Keskin, Kırıkkale', '1977-02-05', '+908517191230'),
(51, 1, 58, 'Melike', 'Can', 'melike_can@example.com', 'JWAG02kHb7', 'Doğuş Bulvarı No:774 Divriği, Sivas', '1976-10-10', '+908518593720'),
(52, 1, 75, 'Edanur', 'Yilmaz', 'edanur_yilmaz@example.com', 'ktLNhImuzV', 'Yakup Mahallesi No:951, Ardahan', '1976-10-21', '+908516024342'),
(53, 1, 14, 'Kübra', 'Işık', 'isikkubra@example.com', 'wlypn90IPG', 'Çınarcık Mahallesi No:919 Dörtdivan, Bolu', '1994-07-27', '+908519647182'),
(54, 2, 15, 'Emre', 'Şahin', 'emre_sahin@example.com', 'ljiKc4vqws', 'Yunus Emre Bulvarı No:88 Altınyayla, Burdur', '1989-03-13', '+908516888109'),
(55, 2, 27, 'Ayhan', 'Yüksel', 'ayhan_yuksel676@example.com', 'M2fb5TYx7i', 'Dilara Mahallesi No:223 Şehitkamil, Gaziantep', '1978-03-16', '+908514615035'),
(56, 2, 73, 'Mehmet', 'Korkmaz', 'korkmazmehmet@example.com', 'acuVwf7Fjk', 'Merve Sokağı No:76 Silopi, Şırnak', '1994-02-17', '+908514775141'),
(57, 1, 52, 'Ayten', 'Ateş', 'ayten_ates83@example.com', 'waG1HEYiuz', 'Denizhan Bulvarı No:519 Akkuş, Ordu', '1984-09-06', '+908511151462'),
(58, 2, 38, 'Hüseyin', 'Yilmaz', 'huseyin_yilmaz851@example.com', '5i8X1FTKY3', 'Sarıgazi Mahallesi No:82 Talas, Kayseri', '1988-06-05', '+908516598457'),
(59, 1, 73, 'Filiz', 'Demir', 'filiz_demir@example.com', 'v0c2MgDpzd', 'Kent Mahallesi No:386, Şırnak', '1996-04-25', '+908512297117'),
(60, 2, 28, 'Muhammed', 'Sarı', 'sarimuhammed@example.com', 'Tbv4cDZoCB', 'Çapa Mahallesi No:747 Eynesil, Giresun', '1979-10-31', '+908513459590'),
(61, 2, 54, 'Süleyman', 'Yüksel', 'yukselsuleyman@example.com', 'ZmjoRlk1OG', 'İntizam Caddesi No:276 Pamukova, Sakarya', '1979-05-17', '+908511303586'),
(62, 1, 67, 'Rümeysa', 'Çelik', 'celikrumeysa@example.com', '5GUbxnsW8j', 'Sağlık Sokağı No:611 Devrek, Zonguldak', '1990-04-15', '+908512790588'),
(63, 1, 75, 'Çiğdem', 'Güneş', 'cigdem_gunes940@example.com', 'HgiVUwMjY3', 'Sarraf Sokağı No:169 Damal, Ardahan', '1978-08-29', '+908518162187'),
(64, 1, 72, 'Sema', 'Şimşek', 'simseksema368@example.com', 'oJlm0AZ2Wx', 'Umre Bulvarı No:642 Kozluk, Batman', '1984-08-24', '+908515970694'),
(65, 1, 73, 'Duygu', 'Aktaş', 'aktasduygu273@example.com', 'IGFWOwPQfe', 'Sarraf Caddesi No:956 Uludere, Şırnak', '1979-06-08', '+908516330963'),
(66, 1, 21, 'Sevi̇lay', 'Sarı', 'sevi̇lay_sari586@example.com', 'eBtRGQn6b2', 'Gökkuşağı Mahallesi No:660 Sur, Diyarbakır', '1994-01-26', '+908511651150'),
(67, 2, 53, 'Furkan', 'Şimşek', 'furkan_simsek@example.com', 'V0NzUyWikO', 'Beyti Bulvarı No:476 Güneysu, Rize', '1987-05-08', '+908514657885'),
(68, 1, 46, 'Meral', 'Çelik', 'meral_celik862@example.com', '8SjuLzWvb1', 'Kavaklı Dere Mahallesi No:619 Çağlayancerit, Kahramanmaraş', '1995-12-17', '+908519759655'),
(69, 2, 61, 'Muhammet', 'Kara', 'karamuhammet445@example.com', 'Vp2K8tMORD', 'Ümit Caddesi No:344 Of, Trabzon', '1986-07-11', '+908513971313'),
(70, 2, 67, 'Hüseyin', 'Çakır', 'cakirhuseyin560@example.com', 'puTV2rlCoU', 'Gazi Emir Sokağı No:430, Zonguldak', '1996-01-08', '+908515328846'),
(71, 2, 3, 'Yasin', 'Turan', 'yasin_turan786@example.com', 'ixfZ9a2VbK', 'Hacı Bayram Sokağı No:85 Sultandağı, Afyon', '1993-12-25', '+908519491914'),
(72, 2, 42, 'Hakan', 'Öztürk', 'ozturkhakan765@example.com', 'P9uJnQBTpS', 'Suna Mahallesi No:562 Hüyük, Konya', '1986-04-05', '+908511180789'),
(73, 2, 43, 'Süleyman', 'Güler', 'gulersuleyman667@example.com', 'u5iJVrRx8H', 'Umre Bulvarı No:644 Şaphane, Kütahya', '1990-11-08', '+908519106039'),
(74, 1, 75, 'Diğdem', 'Yalçın', 'digdem_yalcin@example.com', 'jgy9qJnQCF', 'Nizamlı Bulvarı No:963 Hanak, Ardahan', '1995-10-20', '+908516698518'),
(75, 2, 14, 'Ayhan', 'Kılıç', 'ayhan_kilic779@example.com', 'mq15IgkARL', 'Lalezar Caddesi No:80 Seben, Bolu', '1998-04-30', '+908516980201'),
(76, 1, 52, 'Aleyna', 'Aydın', 'aydinaleyna156@example.com', 'Q9Xjw5YE7l', 'Kavacık Sokağı No:79 Aybastı, Ordu', '1990-12-26', '+908511131711'),
(77, 2, 44, 'Hakan', 'Bulut', 'hakan_bulut@example.com', 'cLPd63gkRu', 'Sancaklı Mahallesi No:390 Arguvan, Malatya', '1976-07-03', '+908517511577'),
(78, 2, 34, 'Bayram', 'Kaya', 'bayram_kaya@example.com', '0WxSlZk54a', 'Aydoğdu Sokağı No:877 Şile, İstanbul', '1979-04-26', '+908517063112'),
(79, 2, 64, 'Hasan', 'Yalçın', 'yalcinhasan733@example.com', 'r4TcmLBSIR', 'Altun Caddesi No:917 Karahallı, Uşak', '1993-06-10', '+908517208951'),
(80, 1, 58, 'Başak', 'Kaplan', 'kaplanbasak981@example.com', 'WP2UlSgYGL', 'Talih Caddesi No:818 Yıldızeli, Sivas', '1978-01-10', '+908517885461'),
(81, 2, 65, 'Adem', 'Ünal', 'adem_unal@example.com', 'FchrEl5wJ3', 'Ecdat Caddesi No:311 Erciş, Van', '1981-01-20', '+908517688985'),
(82, 2, 67, 'Abdullah', 'Bulut', 'bulutabdullah973@example.com', 'wCHtyuIlO4', 'Yenidoğan Sokağı No:917 Gökçebey, Zonguldak', '1980-02-10', '+908512022800'),
(83, 2, 42, 'Adem', 'Avcı', 'avciadem715@example.com', 's2CnHY0PIV', 'Veli Sokağı No:708 Taşkent, Konya', '1996-03-29', '+908517771619'),
(84, 2, 66, 'Hüseyin', 'Yıldız', 'yildizhuseyin@example.com', '6YcVbht8fG', 'Harman Yolu Sokağı No:391 Şefaatli, Yozgat', '1995-02-18', '+908516167500'),
(85, 2, 63, 'Kemal', 'Ünal', 'kemal_unal774@example.com', 'qbuiyK8ecP', 'Keşmir Sokağı No:563 Birecik, Şanlıurfa', '1986-06-07', '+908518804700'),
(86, 1, 58, 'Sultan', 'Arslan', 'arslansultan112@example.com', 'CMLBF0E3N4', 'Okur Sokağı No:646 Akıncılar, Sivas', '1985-11-22', '+908516018759'),
(87, 1, 53, 'Esra', 'Koç', 'kocesra@example.com', 'K9opyP3Jl1', 'Nizamlı Sokağı No:776 Pazar, Rize', '1988-08-20', '+908512917881'),
(88, 2, 62, 'Kadir', 'Aksoy', 'kadir_aksoy@example.com', 'BgS2hvqCfV', 'Orhan Caddesi No:899 Nazımiye, Tunceli', '1993-11-06', '+908515305894'),
(89, 2, 14, 'Mehmet', 'Çelik', 'celikmehmet@example.com', '5InuBCoSJK', 'Kastamonu Caddesi No:308 Göynük, Bolu', '1998-10-09', '+908514833315'),
(90, 2, 17, 'Mustafa', 'Köse', 'mustafa_kose168@example.com', 'GZXeUNRC4m', 'Lütfi Karadirek Sokağı No:194 Yenice, Çanakkale', '1979-06-21', '+908517863528'),
(91, 2, 44, 'Bayram', 'Ünal', 'bayram_unal@example.com', 'uFYqhZBHWs', 'Kocatepe Bulvarı No:619 Yazıhan, Malatya', '1992-05-24', '+908511792690'),
(92, 1, 37, 'Yağmur', 'Güneş', 'gunesyagmur250@example.com', 'sKFGOgI1wp', 'Atanur Mahallesi No:79 Cide, Kastamonu', '1993-01-15', '+908518906539'),
(93, 1, 63, 'Hilal', 'Koç', 'hilal_koc@example.com', 'JA6kovnyH3', 'Orhan Mahallesi No:145 Viranşehir, Şanlıurfa', '1976-09-19', '+908515074434'),
(94, 2, 34, 'Enes', 'Koç', 'enes_koc409@example.com', 'Z9BojOiXc4', 'Sinop Bulvarı No:755 Sultangazi, İstanbul', '1996-01-13', '+908518846857'),
(95, 1, 9, 'Şerife', 'Öztürk', 'ozturkserife@example.com', 'yiDXv9GME1', 'İstanbul Mahallesi No:275 Karpuzlu, Aydın', '1976-09-03', '+908512966799'),
(96, 1, 2, 'Kübra', 'Çelik', 'kubra_celik604@example.com', 'bJKgsBM3jE', 'Rasim Sokağı No:825 Kahta, Adıyaman', '1994-10-23', '+908519843629'),
(97, 2, 42, 'Ayhan', 'Aksoy', 'aksoyayhan@example.com', 'ZBzsdp2Iyn', 'Kar Sokağı No:215 Hadim, Konya', '1993-03-08', '+908513626317'),
(98, 1, 20, 'Irem', 'Yıldırım', 'irem_yildirim@example.com', 'XQdNa9UcKk', 'Agasar Caddesi No:666 Çivril, Denizli', '1987-09-08', '+908514752947'),
(99, 1, 58, 'Nil', 'Can', 'cannil@example.com', 'v3HiQJNzbY', 'Merve Mahallesi No:713 Koyulhisar, Sivas', '1997-04-22', '+908519371130'),
(100, 2, 16, 'Serkan', 'Doğan', 'serkan_dogan233@example.com', 'kChSlEDvOd', 'Devran Caddesi No:289 Nilüfer, Bursa', '1977-05-30', '+908513799247'),
(101, 1, 73, 'Nilgün', 'Ünal', 'nilgun_unal@example.com', 'LMNvgZtUF3', 'İbrahim Ethem Bulvarı No:401 Silopi, Şırnak', '1978-06-07', '+908515468446'),
(102, 1, 32, 'Sevgi', 'Yalçın', 'sevgi_yalcin129@example.com', 'DZaouXrOgH', 'Açangül Sokağı No:151 Uluborlu, Isparta', '1985-11-15', '+908518771006'),
(103, 2, 59, 'Musa', 'Çetin', 'musa_cetin@example.com', 'rtU2gWMnp4', 'Saliha Bulvarı No:330 Çerkezköy, Tekirdağ', '1983-06-19', '+908512501384'),
(104, 1, 6, 'Sevi̇lay', 'Ünal', 'sevi̇lay_unal893@example.com', 'qgZbxsw2Wu', 'Fıstık Sokağı No:273 Elmadağ, Ankara', '1983-04-05', '+908515107026'),
(105, 1, 68, 'Hale', 'Aksoy', 'aksoyhale@example.com', 'IaQpzXhLOm', 'Galip Mahallesi No:249 Sarıyahşi, Aksaray', '1991-09-21', '+908516505942'),
(106, 2, 52, 'Uğur', 'Aslan', 'ugur_aslan@example.com', 'nk7ZEU0oqc', 'Bademli Caddesi No:706 Korgan, Ordu', '1977-09-24', '+908514201219'),
(107, 1, 41, 'Aysel', 'Turan', 'aysel_turan921@example.com', 'GfNw8Fl3uA', 'Ayazma Bulvarı No:103 Karamürsel, Kocaeli', '1985-12-05', '+908514885276'),
(108, 1, 20, 'Beyza', 'Yıldız', 'yildizbeyza@example.com', 'GwmRuMeKNg', 'Sade Sokağı No:355 Kale, Denizli', '1978-03-26', '+908517003099'),
(109, 1, 34, 'Başak', 'Polat', 'polatbasak@example.com', 'zhulpWR3mq', 'Yıldızhan Bulvarı No:440 Ataşehir, İstanbul', '1996-08-13', '+908514297384'),
(110, 1, 51, 'Beyza', 'Bulut', 'beyza_bulut829@example.com', '3UoLphu6i5', 'Elmas Mahallesi No:741, Niğde', '1980-06-05', '+908511976803'),
(111, 2, 42, 'Enes', 'Şen', 'senenes864@example.com', 'NZ0baO678y', 'Merve Bulvarı No:990 Ilgın, Konya', '1981-11-18', '+908519129376'),
(112, 2, 55, 'Aykut', 'Gül', 'aykut_gul@example.com', 'nF6TWpZcGP', 'Muhsin Sokağı No:973 İlkadım, Samsun', '1987-07-20', '+908515553610'),
(113, 1, 81, 'Meral', 'Kılıç', 'meral_kilic@example.com', 'FyCntNRP7B', 'Sezer Caddesi No:876 Akçakoca, Düzce', '1991-12-16', '+908515474378'),
(114, 1, 38, 'Serap', 'Yalçın', 'serap_yalcin@example.com', '1JNQymhcUg', 'Ondokuz Mayıs Bulvarı No:308 Hacılar, Kayseri', '1978-02-16', '+908515361811'),
(115, 1, 77, 'Başak', 'Taş', 'basak_tas600@example.com', 'kygGJIBiQz', 'Çim Caddesi No:88 Çınarcık, Yalova', '1995-03-27', '+908513827689'),
(116, 2, 66, 'Muhammet', 'Bozkurt', 'muhammet_bozkurt@example.com', 'WFKcf8TYtb', 'Kavacık Bulvarı No:995 Yenifakılı, Yozgat', '1995-02-04', '+908517691389'),
(117, 1, 18, 'Nil', 'Aydın', 'aydinnil@example.com', 'YLxvVM9HpP', 'Temiz Mahallesi No:949 Bayramören, Çankırı', '1992-03-21', '+908512517914'),
(118, 1, 58, 'Yağmur', 'Şen', 'yagmur_sen510@example.com', 'jh59ANqVnK', 'Denizhan Bulvarı No:200 Altınyayla, Sivas', '1995-04-23', '+908511277166'),
(119, 2, 24, 'Cemal', 'Korkmaz', 'korkmazcemal338@example.com', 'DpQkb5fiVy', 'Atatürk Bulvarı Caddesi No:814 Kemaliye, Erzincan', '1983-07-29', '+908518019877'),
(120, 2, 62, 'Ahmet', 'Özer', 'ahmet_ozer@example.com', '8IarA39tng', 'Kerimoğlu Mahallesi No:796 Pülümür, Tunceli', '1986-04-03', '+908511689437'),
(121, 1, 64, 'Gizem', 'Köse', 'kosegizem@example.com', 'y4rQtFlsob', 'Kocatepe Sokağı No:315 Karahallı, Uşak', '1983-09-28', '+908514545444'),
(122, 2, 17, 'Ömer', 'Yıldız', 'omer_yildiz303@example.com', 'AQKT6pgx8u', 'Dinç Caddesi No:65 Bayramiç, Çanakkale', '1987-11-04', '+908517074303'),
(123, 2, 18, 'Kemal', 'Çakır', 'cakirkemal385@example.com', 'MDzhkvre4d', 'Kekeçoğlu Mahallesi No:206 Korgun, Çankırı', '1994-09-01', '+908511749623'),
(124, 2, 54, 'Hüseyin', 'Keskin', 'huseyin_keskin@example.com', 'ZEgp71ktVD', 'Salim Sokağı No:142 Kaynarca, Sakarya', '1985-01-14', '+908518798685'),
(125, 1, 35, 'Irem', 'Kurt', 'kurtirem27@example.com', 'NwUprmsEfi', 'Kanaryam Bulvarı No:77 Ödemiş, İzmir', '1992-11-07', '+908517589526'),
(126, 1, 42, 'Irem', 'Köse', 'koseirem920@example.com', 'OwjE0NzDXe', 'Ümit Caddesi No:717 Yalıhüyük, Konya', '1994-08-06', '+908515863243'),
(127, 2, 21, 'Burak', 'Işık', 'isikburak622@example.com', 'DnUBZsN6Q7', 'Sedef Mahallesi No:336 Hazro, Diyarbakır', '1976-01-20', '+908512271965'),
(128, 2, 71, 'Yunus', 'Aktaş', 'yunus_aktas@example.com', 'IqZ45ez2yR', 'Sevil Bulvarı No:609 Delice, Kırıkkale', '1978-02-19', '+908518253856'),
(129, 1, 46, 'Sibel', 'Taş', 'tassibel598@example.com', 'gJMxoqDayu', 'Erguvan Bulvarı No:381 Pazarcık, Kahramanmaraş', '1980-03-27', '+908517796314'),
(130, 2, 18, 'Şükrü', 'Sarı', 'sukru_sari405@example.com', '4ri8ZIW03a', 'Koyukan Bulvarı No:785, Çankırı', '1978-10-19', '+908515313991'),
(131, 2, 41, 'Aykut', 'Köse', 'aykut_kose601@example.com', '78uHVeab3d', 'Kumru Mahallesi No:608 Kartepe, Kocaeli', '1980-08-16', '+908517481761'),
(132, 2, 51, 'Serkan', 'Keskin', 'keskinserkan@example.com', '5Mf8qDObZn', 'Kara Mahmut Çeşme Caddesi No:205 Altunhisar, Niğde', '1991-03-24', '+908511711123'),
(133, 1, 6, 'Çağla', 'Kaplan', 'cagla_kaplan@example.com', '8jwQE6Lhmf', 'Cumhuriyet Caddesi No:682 Elmadağ, Ankara', '1993-08-25', '+908514301252'),
(134, 1, 24, 'Zeynep', 'Yıldız', 'zeynep_yildiz@example.com', '8nAWfH4ihE', 'Güney Caddesi No:283 Kemaliye, Erzincan', '1980-06-29', '+908519178191'),
(135, 2, 74, 'Yılmaz', 'Aksoy', 'aksoyyilmaz@example.com', 'lFceyumN8S', 'Sarraf Sokağı No:353 Amasra, Bartın', '1988-02-06', '+908519417958'),
(136, 1, 52, 'Irem', 'Koç', 'irem_koc457@example.com', 'qHNL1p9PrE', 'Muhsin Bulvarı No:600 Gölköy, Ordu', '1991-05-10', '+908519825172'),
(137, 1, 66, 'Bahar', 'Kılıç', 'bahar_kilic587@example.com', 'H8OFVr3dN4', 'Yazar Sokağı No:133 Sarıkaya, Yozgat', '1988-04-26', '+908514834610'),
(138, 2, 18, 'Adem', 'Gül', 'guladem852@example.com', 'cGojbtwO2k', 'Kavaklı Dere Bulvarı No:852 Eldivan, Çankırı', '1981-04-23', '+908516694155'),
(139, 2, 81, 'Şükrü', 'Turan', 'turansukru728@example.com', '8hmd9gN3qU', 'Akkurt Sokağı No:462 Akçakoca, Düzce', '1979-02-22', '+908516275721'),
(140, 2, 61, 'Hüseyin', 'Tekin', 'tekinhuseyin@example.com', '0aroIvVKWw', 'Lale Mahallesi No:493 Ortahisar, Trabzon', '1981-04-09', '+908515588274'),
(141, 2, 11, 'Emre', 'Öztürk', 'ozturkemre@example.com', 'BcUszaAp8o', 'Afyon Kaya Bulvarı No:645 Gölpazarı, Bilecik', '1976-08-27', '+908513819700'),
(142, 2, 24, 'Ömer', 'Turan', 'turanomer@example.com', 'B3N7E5GtHk', 'Avcılar Sokağı No:916, Erzincan', '1994-08-09', '+908519581310'),
(143, 1, 34, 'Pınar', 'Can', 'canpinar@example.com', 'fYkrID7Hla', 'Çakmak Bulvarı No:637 Arnavutköy, İstanbul', '1992-08-19', '+908513078879'),
(144, 2, 53, 'Uğur', 'Şimşek', 'simsekugur@example.com', 'mMSeOnGWXU', 'Mesut Sokağı No:838 Ardeşen, Rize', '1981-09-27', '+908511921010'),
(145, 1, 78, 'Sezen', 'Erdoğan', 'erdogansezen@example.com', 'pzAfM8joVC', 'Akbayrak Sokağı No:909 Yenice, Karabük', '1979-12-14', '+908513143363'),
(146, 1, 61, 'Müge', 'Sarı', 'muge_sari349@example.com', 'ZaJU9FwoOS', 'Rasim Sokağı No:293 Araklı, Trabzon', '1984-10-19', '+908517768334'),
(147, 1, 35, 'Ceren', 'Yilmaz', 'ceren_yilmaz587@example.com', 'v0NEigsCF1', 'Atayolu Sokağı No:917 Bornova, İzmir', '1987-05-10', '+908513735507'),
(148, 1, 25, 'Sena', 'Kaplan', 'sena_kaplan210@example.com', 'EfOxQ8or1z', 'Dilara Caddesi No:803 Aziziye, Erzurum', '1993-06-21', '+908514861464'),
(149, 2, 25, 'Enes', 'Kaya', 'enes_kaya299@example.com', 'fJOUBvnc9t', 'Mısır Bulvarı No:992 Aziziye, Erzurum', '1987-08-09', '+908517970365'),
(150, 1, 4, 'Hülya', 'Taş', 'hulya_tas@example.com', 'KF2QvaSZy1', 'Dedekorkut Bulvarı No:899, Ağrı', '1998-01-19', '+908512960952'),
(151, 2, 23, 'Furkan', 'Doğan', 'doganfurkan774@example.com', '4yEhJDUsmW', 'Mercan Bulvarı No:624 Karakoçan, Elazığ', '1991-11-25', '+908511404364'),
(152, 1, 17, 'Aynur', 'Sarı', 'sariaynur164@example.com', 'RFDmr46vu0', 'Melen Sokağı No:100 Bayramiç, Çanakkale', '1991-04-14', '+908514409677'),
(153, 2, 20, 'Mahmut', 'Köse', 'kosemahmut@example.com', 'KoXQVuRY2t', 'Çınarcık Caddesi No:289 Bozkurt, Denizli', '1980-10-31', '+908513838567'),
(154, 1, 65, 'Öykü', 'Bozkurt', 'bozkurtoyku142@example.com', 'Sx8WhcEjZi', 'Bekir Sokağı No:177 Bahçesaray, Van', '1990-03-09', '+908514421276'),
(155, 2, 18, 'Yasin', 'Şen', 'yasin_sen70@example.com', 'AQVtPoD06R', 'Sıran Söğüt Sokağı No:910 Yapraklı, Çankırı', '1977-11-20', '+908518846158'),
(156, 2, 16, 'Mustafa', 'Kaya', 'mustafa_kaya@example.com', 'Xf8psSNqBG', 'Nizamlı Caddesi No:173 Mustafakemalpaşa, Bursa', '1987-06-13', '+908517570251'),
(157, 2, 34, 'İsmail', 'Aksoy', 'ismail_aksoy5@example.com', 'ZkLUN5K9ze', 'Bağ Sokağı No:565 Beykoz, İstanbul', '1981-07-17', '+908512970121'),
(158, 2, 37, 'Ali', 'Şen', 'senali@example.com', 'E3r1OCganc', 'Umre Bulvarı No:502 Hanönü, Kastamonu', '1981-09-07', '+908515693673'),
(159, 2, 48, 'Ömer', 'Demir', 'demiromer@example.com', '4t2UIiNYdW', 'Çim Caddesi No:17 Ortaca, Muğla', '1990-03-23', '+908514080458'),
(160, 2, 46, 'Ahmet', 'Keskin', 'keskinahmet@example.com', 'lJiHTQg47w', 'Halim Mahallesi No:198 Afşin, Kahramanmaraş', '1997-04-26', '+908515586059'),
(161, 1, 81, 'Banu', 'Doğan', 'banu_dogan@example.com', 'aqB8n0bjkR', 'Akdağ Sokağı No:913, Düzce', '1992-01-20', '+908514445764'),
(162, 2, 4, 'Osman', 'Turan', 'turanosman@example.com', '7rykZoDYLH', 'İntepe Bulvarı No:534 Diyadin, Ağrı', '1993-07-09', '+908518574577'),
(163, 2, 44, 'Ayhan', 'Güler', 'ayhan_guler@example.com', 'fkjCTcKqdp', 'Çağlagül Sokağı No:602 Kale, Malatya', '1994-07-15', '+908516488584'),
(164, 1, 62, 'Duygu', 'Özer', 'duygu_ozer355@example.com', 'jPeS2Aa5kg', 'Akran Mahallesi No:726 Mazgirt, Tunceli', '1991-01-19', '+908513496811'),
(165, 1, 27, 'Nilgün', 'Çetin', 'nilgun_cetin675@example.com', '23dejaZnlb', 'Işıklı Bulvarı No:79 Yavuzeli, Gaziantep', '1982-10-26', '+908519215921'),
(166, 1, 14, 'Melis', 'Bozkurt', 'bozkurtmelis@example.com', 'RuPMTUJ2Hn', 'Rabia Hanım Caddesi No:528 Göynük, Bolu', '1997-04-12', '+908511583630'),
(167, 1, 10, 'Öykü', 'Işık', 'oyku_isik382@example.com', 'Rzxh8AJndg', 'Hanife Caddesi No:360 Kepsut, Balıkesir', '1984-07-24', '+908514672355'),
(168, 2, 38, 'Yunus', 'Yavuz', 'yunus_yavuz@example.com', 'TuXP1KOdzW', 'Anadolu Caddesi No:200 İncesu, Kayseri', '1995-08-19', '+908514427743'),
(169, 1, 35, 'Buse', 'Aydın', 'aydinbuse555@example.com', 'AlbBYpU6ri', 'Farabi Mahallesi No:103 Selçuk, İzmir', '1990-12-16', '+908511599909'),
(170, 2, 33, 'Cemal', 'Ünal', 'cemal_unal@example.com', 'uSftXj3G1q', 'Çömlek Bulvarı No:534 Bozyazı, Mersin', '1982-12-25', '+908519306393'),
(171, 2, 34, 'İbrahim', 'Bulut', 'ibrahim_bulut600@example.com', 'eljYcXovD3', 'Uzunlar Sokağı No:744 Sultanbeyli, İstanbul', '1989-08-21', '+908514151362'),
(172, 2, 14, 'Orhan', 'Arslan', 'orhan_arslan@example.com', 'xue0kmbPiz', 'Himmet Sokağı No:346 Kıbrıscık, Bolu', '1983-01-22', '+908512559742'),
(173, 2, 54, 'Yakup', 'Öztürk', 'yakup_ozturk371@example.com', 'uW3x4QRBe7', 'Çapa Mahallesi No:52 Pamukova, Sakarya', '1977-04-28', '+908513542755'),
(174, 1, 45, 'Nil', 'Ünal', 'unalnil406@example.com', 'bDELgelNVk', 'Münir Bulvarı No:774 Salihli, Manisa', '1980-05-06', '+908514603227'),
(175, 1, 43, 'Meral', 'Çelik', 'celikmeral879@example.com', 'eD6YjsiHvB', 'Çakaloğlu Bulvarı No:47 Simav, Kütahya', '1999-03-29', '+908515615280'),
(176, 1, 47, 'Derya', 'Özkan', 'ozkanderya@example.com', 'oTzCZQ3bjM', 'Farabi Caddesi No:747 Midyat, Mardin', '1989-07-31', '+908516131818'),
(177, 2, 5, 'Osman', 'Şahin', 'osman_sahin@example.com', 'VmkXI8AeFi', 'Şenlik Bulvarı No:951, Amasya', '1991-11-16', '+908518913351'),
(178, 1, 45, 'Gözde', 'Sarı', 'gozde_sari@example.com', 'YoSUCeHpnK', 'Bozacı Bulvarı No:583 Salihli, Manisa', '1990-02-26', '+908511237018'),
(179, 1, 48, 'Gamze', 'Öztürk', 'ozturkgamze123@example.com', 'tebfzjLZQB', 'Sağlık Mahallesi No:856 Marmaris, Muğla', '1997-11-03', '+908517036942'),
(180, 1, 65, 'Elif', 'Yıldız', 'yildizelif900@example.com', 'GwcXysIEAv', 'Aknur Caddesi No:786 İpekyolu, Van', '1985-03-23', '+908514358041'),
(181, 1, 31, 'Esra', 'Kaya', 'esra_kaya445@example.com', 'XVEyH6Ahj7', 'Bahçeli Sokağı No:34 Yayladağı, Hatay', '1991-01-19', '+908512405151'),
(182, 1, 28, 'Derya', 'Aksoy', 'aksoyderya973@example.com', 'VOxR7cAJ4N', 'Polat Bulvarı No:330 Çamoluk, Giresun', '1976-04-27', '+908512375675'),
(183, 1, 52, 'Şeyma', '﻿Acar', '﻿acarseyma487@example.com', '2xbosdOLGr', 'Aluç Mahallesi No:654 Ünye, Ordu', '1978-04-22', '+908513772328'),
(184, 1, 35, 'Bahar', 'Yıldırım', 'bahar_yildirim@example.com', 'yd4pRBJC7M', 'Menekşe Sokağı No:346 Selçuk, İzmir', '1993-01-13', '+908517206296'),
(185, 1, 17, 'Öznur', 'Kaya', 'oznur_kaya228@example.com', 'ym8wNE2cxk', 'Ecdat Bulvarı No:298 Yenice, Çanakkale', '1993-05-20', '+908511736201'),
(186, 2, 13, 'Hakan', 'Korkmaz', 'korkmazhakan@example.com', 'cz4lsDaPvb', 'Koyukan Sokağı No:352 Ahlat, Bitlis', '1976-08-12', '+908513228599'),
(187, 1, 64, 'Buse', 'Yıldız', 'buse_yildiz@example.com', 'zZMvxf8XaQ', 'Rehber Mahallesi No:528, Uşak', '1991-01-10', '+908511205424'),
(188, 2, 55, 'Şükrü', 'Arslan', 'arslansukru@example.com', 'P6ta5NFbM2', 'Kocatepe Sokağı No:457 19 Mayıs, Samsun', '1987-10-20', '+908515021494'),
(189, 1, 65, 'Filiz', 'Kaya', 'filiz_kaya@example.com', 'CenVY4uOdy', 'Sevgi Mahallesi No:86 Başkale, Van', '1991-04-07', '+908515464888'),
(190, 2, 81, 'Burak', 'Bulut', 'bulutburak789@example.com', 'MbN9DHlotp', 'Mermer Bulvarı No:44 Gölyaka, Düzce', '1981-05-15', '+908518134222'),
(191, 1, 44, 'Yağmur', 'Can', 'yagmur_can66@example.com', 'IeRFE3H8Xs', 'Osmangazi Caddesi No:629 Akçadağ, Malatya', '1978-09-11', '+908512309097'),
(192, 2, 2, 'Ahmet', 'Yilmaz', 'ahmet_yilmaz347@example.com', 'wVvxBkn3tg', 'Saygılı Bulvarı No:557 Samsat, Adıyaman', '1977-07-21', '+908516658419'),
(193, 2, 61, 'Ramazan', 'Avcı', 'avciramazan@example.com', 'dJae6golP7', 'Anafartalar Caddesi No:330 Maçka, Trabzon', '1987-05-27', '+908511794918'),
(194, 2, 75, 'Mahmut', 'Şimşek', 'simsekmahmut@example.com', 'bfSasrBt8W', 'İbrahim Ethem Sokağı No:628 Göle, Ardahan', '1999-02-15', '+908517503562'),
(195, 1, 19, 'Zehra', 'Bulut', 'bulutzehra@example.com', 'dfUkOsT8Yb', 'Umre Mahallesi No:438 Laçin, Çorum', '1990-09-05', '+908516500286'),
(196, 1, 45, 'Öykü', 'Turan', 'turanoyku@example.com', 'dxKzcvIMXF', 'Osmangazi Caddesi No:764 Saruhanlı, Manisa', '1988-02-10', '+908519861387'),
(197, 1, 6, 'Selma', 'Demir', 'selma_demir@example.com', 'm6SUihaRrb', 'Umre Bulvarı No:278 Gölbaşı, Ankara', '1991-06-21', '+908518161818'),
(198, 2, 35, 'Metin', 'Turan', 'turanmetin713@example.com', 'D7msWXEGah', 'Menekşe Caddesi No:830 Bayraklı, İzmir', '1990-02-12', '+908517594483'),
(199, 2, 35, 'Murat', 'Korkmaz', 'murat_korkmaz@example.com', 'OYAqrtd0yC', 'Murat Demirkol Caddesi No:428 Karşıyaka, İzmir', '1976-12-06', '+908511817168'),
(200, 1, 48, 'Seher', 'Yıldız', 'yildizseher@example.com', 'GWj3zls6en', 'Mısır Mahallesi No:295 Dalaman, Muğla', '1981-02-26', '+908512995234'),
(201, 2, 11, 'Tolgahan', 'Çelik', 'tolcelik11@gmail.com', '123123aa', 'Ertuğrulgazi Mahallesi Elif Sitesi C-Blok No:10 Merkez, Bilecik', '1998-01-02', '5395271547'),
(206, 2, 6, 'Bekir', 'Yetim', 'bekir@gmail.com', '123123qq', 'Balkon Cad. No: 109 Merkez, Ankara', '1998-05-06', '05078884445');

-- --------------------------------------------------------

--
-- Tablo için tablo yapısı `users_country`
--

DROP TABLE IF EXISTS `users_country`;
CREATE TABLE IF NOT EXISTS `users_country` (
  `uc_id` int(11) NOT NULL,
  `uc_name` varchar(255) COLLATE utf8_turkish_ci NOT NULL,
  PRIMARY KEY (`uc_id`)
) ENGINE=InnoDB DEFAULT CHARSET=utf8 COLLATE=utf8_turkish_ci;

--
-- Tablo döküm verisi `users_country`
--

INSERT INTO `users_country` (`uc_id`, `uc_name`) VALUES
(1, 'Adana'),
(2, 'Adıyaman'),
(3, 'Afyon'),
(4, 'Ağrı'),
(5, 'Amasya'),
(6, 'Ankara'),
(7, 'Antalya'),
(8, 'Artvin'),
(9, 'Aydın'),
(10, 'Balıkesir'),
(11, 'Bilecik'),
(12, 'Bingöl'),
(13, 'Bitlis'),
(14, 'Bolu'),
(15, 'Burdur'),
(16, 'Bursa'),
(17, 'Çanakkale'),
(18, 'Çankırı'),
(19, 'Çorum'),
(20, 'Denizli'),
(21, 'Diyarbakır'),
(22, 'Edirne'),
(23, 'Elazığ'),
(24, 'Erzincan'),
(25, 'Erzurum'),
(26, 'Eskişehir'),
(27, 'Gaziantep'),
(28, 'Giresun'),
(29, 'Gümüşhane'),
(30, 'Hakkari'),
(31, 'Hatay'),
(32, 'Isparta'),
(33, 'Mersin'),
(34, 'İstanbul'),
(35, 'İzmir'),
(36, 'Kars'),
(37, 'Kastamonu'),
(38, 'Kayseri'),
(39, 'Kırklareli'),
(40, 'Kırşehir'),
(41, 'Kocaeli'),
(42, 'Konya'),
(43, 'Kütahya'),
(44, 'Malatya'),
(45, 'Manisa'),
(46, 'Kahramanmaraş'),
(47, 'Mardin'),
(48, 'Muğla'),
(49, 'Muş'),
(50, 'Nevşehir'),
(51, 'Niğde'),
(52, 'Ordu'),
(53, 'Rize'),
(54, 'Sakarya'),
(55, 'Samsun'),
(56, 'Siirt'),
(57, 'Sinop'),
(58, 'Sivas'),
(59, 'Tekirdağ'),
(60, 'Tokat'),
(61, 'Trabzon'),
(62, 'Tunceli'),
(63, 'Şanlıurfa'),
(64, 'Uşak'),
(65, 'Van'),
(66, 'Yozgat'),
(67, 'Zonguldak'),
(68, 'Aksaray'),
(69, 'Bayburt'),
(70, 'Karaman'),
(71, 'Kırıkkale'),
(72, 'Batman'),
(73, 'Şırnak'),
(74, 'Bartın'),
(75, 'Ardahan'),
(76, 'Iğdır'),
(77, 'Yalova'),
(78, 'Karabük'),
(79, 'Kilis'),
(80, 'Osmaniye'),
(81, 'Düzce');

-- --------------------------------------------------------

--
-- Tablo için tablo yapısı `users_gender`
--

DROP TABLE IF EXISTS `users_gender`;
CREATE TABLE IF NOT EXISTS `users_gender` (
  `g_id` int(11) NOT NULL,
  `g_name` varchar(255) COLLATE utf8_turkish_ci NOT NULL,
  PRIMARY KEY (`g_id`)
) ENGINE=InnoDB DEFAULT CHARSET=utf8 COLLATE=utf8_turkish_ci;

--
-- Tablo döküm verisi `users_gender`
--

INSERT INTO `users_gender` (`g_id`, `g_name`) VALUES
(1, 'Kadın'),
(2, 'Erkek');

--
-- Dökümü yapılmış tablolar için kısıtlamalar
--

--
-- Tablo kısıtlamaları `orders`
--
ALTER TABLE `orders`
  ADD CONSTRAINT `orders_ibfk_1` FOREIGN KEY (`u_id`) REFERENCES `users` (`u_id`) ON DELETE CASCADE ON UPDATE CASCADE,
  ADD CONSTRAINT `orders_ibfk_2` FOREIGN KEY (`sc_id`) REFERENCES `shop_cart` (`sc_id`) ON DELETE CASCADE ON UPDATE CASCADE;

--
-- Tablo kısıtlamaları `products`
--
ALTER TABLE `products`
  ADD CONSTRAINT `products_ibfk_1` FOREIGN KEY (`s_id`) REFERENCES `seller` (`s_id`) ON DELETE CASCADE ON UPDATE CASCADE,
  ADD CONSTRAINT `products_ibfk_2` FOREIGN KEY (`pg_id`) REFERENCES `products_gender` (`pg_id`) ON DELETE CASCADE ON UPDATE CASCADE,
  ADD CONSTRAINT `products_ibfk_3` FOREIGN KEY (`pc_id`) REFERENCES `products_category` (`pc_id`) ON DELETE CASCADE ON UPDATE CASCADE;

--
-- Tablo kısıtlamaları `products_body`
--
ALTER TABLE `products_body`
  ADD CONSTRAINT `products_body_ibfk_1` FOREIGN KEY (`b_id`) REFERENCES `body` (`b_id`) ON DELETE CASCADE ON UPDATE CASCADE,
  ADD CONSTRAINT `products_body_ibfk_2` FOREIGN KEY (`p_id`) REFERENCES `products` (`p_id`) ON DELETE CASCADE ON UPDATE CASCADE;

--
-- Tablo kısıtlamaları `products_comment`
--
ALTER TABLE `products_comment`
  ADD CONSTRAINT `products_comment_ibfk_1` FOREIGN KEY (`p_id`) REFERENCES `products` (`p_id`) ON DELETE CASCADE ON UPDATE CASCADE,
  ADD CONSTRAINT `products_comment_ibfk_2` FOREIGN KEY (`u_id`) REFERENCES `users` (`u_id`) ON DELETE CASCADE ON UPDATE CASCADE;

--
-- Tablo kısıtlamaları `products_like`
--
ALTER TABLE `products_like`
  ADD CONSTRAINT `products_like_ibfk_1` FOREIGN KEY (`p_id`) REFERENCES `products` (`p_id`) ON DELETE CASCADE ON UPDATE CASCADE,
  ADD CONSTRAINT `products_like_ibfk_2` FOREIGN KEY (`u_id`) REFERENCES `users` (`u_id`) ON DELETE CASCADE ON UPDATE CASCADE;

--
-- Tablo kısıtlamaları `products_media`
--
ALTER TABLE `products_media`
  ADD CONSTRAINT `products_media_ibfk_1` FOREIGN KEY (`p_id`) REFERENCES `products` (`p_id`) ON DELETE CASCADE ON UPDATE CASCADE;

--
-- Tablo kısıtlamaları `products_shop_cart`
--
ALTER TABLE `products_shop_cart`
  ADD CONSTRAINT `products_shop_cart_ibfk_1` FOREIGN KEY (`p_id`) REFERENCES `products` (`p_id`) ON DELETE CASCADE ON UPDATE CASCADE,
  ADD CONSTRAINT `products_shop_cart_ibfk_2` FOREIGN KEY (`sc_id`) REFERENCES `shop_cart` (`sc_id`) ON DELETE CASCADE ON UPDATE CASCADE;

--
-- Tablo kısıtlamaları `products_view`
--
ALTER TABLE `products_view`
  ADD CONSTRAINT `products_view_ibfk_1` FOREIGN KEY (`p_id`) REFERENCES `products` (`p_id`) ON DELETE CASCADE ON UPDATE CASCADE,
  ADD CONSTRAINT `products_view_ibfk_2` FOREIGN KEY (`u_id`) REFERENCES `users` (`u_id`) ON DELETE CASCADE ON UPDATE CASCADE;

--
-- Tablo kısıtlamaları `users`
--
ALTER TABLE `users`
  ADD CONSTRAINT `users_ibfk_1` FOREIGN KEY (`g_id`) REFERENCES `users_gender` (`g_id`) ON DELETE CASCADE ON UPDATE CASCADE,
  ADD CONSTRAINT `users_ibfk_2` FOREIGN KEY (`uc_id`) REFERENCES `users_country` (`uc_id`) ON DELETE CASCADE ON UPDATE CASCADE;
COMMIT;

/*!40101 SET CHARACTER_SET_CLIENT=@OLD_CHARACTER_SET_CLIENT */;
/*!40101 SET CHARACTER_SET_RESULTS=@OLD_CHARACTER_SET_RESULTS */;
/*!40101 SET COLLATION_CONNECTION=@OLD_COLLATION_CONNECTION */;
